ID,FRAME,TRACK_ID,POSITION_X,POSITION_Y,AREA,CIRCULARITY,CONTRAST_CH1,ELLIPSE_ASPECTRATIO,ELLIPSE_MAJOR,ELLIPSE_MINOR,ELLIPSE_THETA,ELLIPSE_X0,ELLIPSE_Y0,MAX_INTENSITY_CH1,MEAN_INTENSITY_CH1,MEDIAN_INTENSITY_CH1,MIN_INTENSITY_CH1,PERIMETER,POSITION_T,POSITION_Z,QUALITY,RADIUS,ROI_N_POINTS,SHAPE_INDEX,SNR_CH1,SOLIDITY,STD_INTENSITY_CH1,TOTAL_INTENSITY_CH1,VISIBILITY,name,ancestor_SPOT_ID,ancestor_FRAME,displacement
92061,0,1,55.84834918858422,36.094012311135984,1786.9999999999977,0.5845508196548265,0.9551422319474836,1.4083618209186026,28.416864303739363,20.177246984162416,2.209779561107933,0.3254045937614085,0.3090785838704946,1.0,1.0,1.0,1.0,196.0,0.0,0.0,1787.0,23.849942696166657,114,4.636537696718814,Infinity,0.9667297809034341,0.0,1787.0,1,ID92061,,,
92062,0,2,23.9328165374677,506.4764857881137,1935.0000000000002,0.5730023361953295,0.824181004006599,1.4077919946310815,29.56922840892434,21.003975389612222,1.3731085679200135,-0.059837862330624415,-0.0997257283996639,2.0,2.0,2.0,2.0,206.0,0.0,0.0,1935.0,24.817929602721396,118,4.683027797697251,Infinity,0.9462102689486555,0.0,3870.0,1,ID92062,,,
92063,0,238,85.78066298342542,540.903867403315,1809.9999999999995,0.5686282702997525,1.0,1.3845440294017746,28.52276290708791,20.600834860709956,-1.3570663916349273,0.5116083023368379,0.13878546940657854,3.0,3.0,3.0,3.0,200.0,0.0,0.0,1810.0,24.002935112037047,106,4.7010049472226845,Infinity,0.9380668566986263,0.0,5430.0,1,ID92063,,,
92064,0,6,778.4008438818565,612.7594936708861,947.9999999999998,0.6078020072659436,1.0,1.1851177536312452,18.9335339377089,15.976078224881741,2.2655978238885908,0.03967455302773329,-0.08314190248378535,4.0,4.0,4.0,4.0,140.0,0.0,0.0,948.0,17.371176474327623,82,4.546988617231417,Infinity,0.9639044229791559,0.0,3792.0,1,ID92064,,,
92065,0,4,196.7048231511254,627.7151125401929,1554.9999999999995,0.5771711455968959,1.0,1.0435989941411996,22.970095811109115,22.010461815375464,1.0585088716044286,-0.5743854334537511,0.17992559319987952,5.0,5.0,5.0,5.0,184.0,0.0,0.0,1555.0,22.247963345344544,112,4.666084789936959,Infinity,0.9496183206106867,0.0,7775.0,1,ID92065,,,
92067,0,5,562.4111812443643,710.2497745716862,1109.0000000000002,0.4937678929749265,1.0,2.3572645230346,29.220441907024483,12.395911286785859,0.019622560418584678,-0.010917298212639707,0.2108380780055415,6.0,6.0,6.0,6.0,168.0,0.0,0.0,1109.0,18.78844495368959,82,5.044794833720916,Infinity,0.9165289256198349,0.0,6654.0,1,ID92067,,,
92076,0,7,365.12367442501034,185.02864619198456,7261.0000000000055,0.43121180071295856,0.9039835675108712,2.6512017816579996,81.7404907787624,30.831486062009137,1.3715018901332592,0.6404712640578251,0.577478177080589,10.0,10.0,10.0,10.0,460.0,0.0,0.0,7261.0,48.075441584872685,218,5.3983322851813424,Infinity,0.881028938906753,0.0,72610.0,1,ID92076,,,
92080,0,0,283.6326023262008,371.4522773683743,11263.000000000002,0.3210168208138141,0.8940961629263264,2.515449918539503,93.43380375151861,37.143972958033395,2.2965484907882603,-1.393819321631797,3.3713613407284897,13.0,13.0,13.0,13.0,664.0,0.0,0.0,11263.0,59.87590707528392,466,6.25663813334278,Infinity,0.8202905939332147,0.0,146419.0,1,ID92080,,,
105340,0,235,756.8333333333334,891.5,232.3521955581855,0.9999999999999999,0.02659766748498011,1.0,8.60000005364418,8.60000005364418,0.0,0.0,0.0,30656.0,23041.4440433213,23152.0,16224.0,54.03539397880077,0.0,0.0,-1.0,8.60000005364418,,3.544907701811032,0.5381240425597497,1.0,2218.710160599804,6382480.0,1,ID105340,,,
105352,0,237,667.5,895.5,232.3521955581855,0.9999999999999999,0.022357077754373966,1.0,8.60000005364418,8.60000005364418,0.0,0.0,0.0,23008.0,17088.682310469314,16608.0,13136.0,54.03539397880077,0.0,0.0,-1.0,8.60000005364418,,3.544907701811032,0.4013288473030847,1.0,1862.3042023756343,4733565.0,1,ID105352,,,
92169,8,1,43.04951560818084,21.17599569429494,1857.9999999999995,0.6203718939706487,0.7174549376059158,1.1997209073223722,26.880098911314885,22.40529338719946,2.7046348869231673,0.21881612522907487,-0.44622709444512043,1.0,1.0,1.0,1.0,194.0,8.0,0.0,1858.0,24.319123514828465,106,4.500687664237834,Infinity,0.9712493465760584,0.0,1858.0,1,ID92169,92061,0,19.656
92171,8,239,9.238853503184714,525.3312101910828,942.0,0.5123580816623243,0.6603995299647473,2.0812284573127027,25.628895915360182,12.314311687075621,1.5794881387143915,-0.9877731935357514,-0.03606882665767859,2.0,2.0,2.0,2.0,152.0,8.0,0.0,942.0,17.31611713939158,66,4.952427614628167,Infinity,0.9661538461538461,0.0,1884.0,1,ID92171,,,
92173,8,238,48.776864357017025,549.4527304756313,1703.0000000000005,0.4946498048320469,0.9220013793968272,1.3956123234331674,27.560320455783135,19.747833974398787,1.2728012391725632,0.4227466636430521,0.2103580183419497,3.0,3.0,3.0,3.0,208.0,8.0,0.0,1703.0,23.28264882205192,122,5.040295641395627,Infinity,0.8977332630469164,0.0,5109.0,1,ID92173,92063,0,37.9785
92174,8,6,787.4135977337111,607.2875354107649,706.0,0.596066759858746,1.0,1.2068482546134334,16.4423716722952,13.624224594468066,1.1614718434839868,-0.028600244211499013,0.055192295497042895,4.0,4.0,4.0,4.0,122.0,8.0,0.0,706.0,14.99088988838742,74,4.591530569919387,Infinity,0.9579375848032563,0.0,2824.0,1,ID92174,92064,0,10.5438
92176,8,4,177.9042481456507,637.9615643964936,1483.0000000000014,0.5881810257888735,1.0,1.1098339175924783,22.889911088550665,20.624627456155697,1.5204208227432738,-0.13172289765177908,0.21405621334426667,5.0,5.0,5.0,5.0,178.0,8.0,0.0,1483.0,21.726793624705923,102,4.622207381640736,Infinity,0.9506410256410265,0.0,7415.0,1,ID92176,92065,0,21.4115
92177,8,6,764.3767885532592,663.8044515103338,629.0000000000002,0.6301217407869836,1.0,1.131910211929544,15.179198698425289,13.410249804663941,2.5663956231517377,0.17929878481945494,-0.10771693748655958,6.0,6.0,6.0,6.0,112.0,8.0,0.0,629.0,14.149802769282843,62,4.465732447841839,Infinity,0.9603053435114506,0.0,3774.0,1,ID92177,92064,0,52.9364
92179,8,5,523.3829160530191,725.5478645066274,678.9999999999999,0.43533498199744264,0.6647014184811161,1.927878021525229,20.53500144587954,10.651608253531206,2.7643805144572866,0.0074012790666858905,0.2225739268710964,7.0,7.0,7.0,7.0,140.0,8.0,0.0,679.0,14.701442538703263,90,5.372706895173354,Infinity,0.9095780308104487,0.0,4753.0,1,ID92179,92067,0,41.9194
92181,8,237,651.9507389162561,892.23973727422,609.0,0.5496207773732215,0.7219604147031103,1.4972644065694247,18.102712037778858,12.090524531506304,2.559241870476429,-0.17843618475404374,1.2154155691516122,9.0,9.0,9.0,9.0,118.0,8.0,0.0,609.0,13.923028430838189,62,4.781601300991336,Infinity,0.9405405405405406,0.0,5481.0,1,ID92181,105352,0,15.8874
92184,8,7,339.2831898919612,216.77412561801867,10921.999999999975,0.3309331715839246,0.7402619475042755,1.8868781260538445,80.93770392239259,42.89503535221062,1.857170181756135,1.902163615763141,-2.7020463383771562,10.0,10.0,10.0,10.0,644.0,8.0,0.0,10922.0,58.96253536695444,388,6.1621856920417954,Infinity,0.8244263285024132,0.0,109220.0,1,ID92184,92076,0,40.9329
92189,8,0,253.0512840286882,391.4735096784144,12967.000000000042,0.27199909152828006,0.8651888315299908,2.5089227964353586,101.92636882625496,40.62555012496617,2.337826326652344,-5.788986852146663,2.5696747487851064,12.0,12.0,12.0,12.0,774.0,8.0,0.0,12967.0,64.2458114910632,570,6.797061590960018,Infinity,0.8217884530071642,0.0,155604.0,1,ID92189,92080,0,36.5522
92191,8,235,761.1411801050356,885.9827000308928,3236.999999999998,0.4178720997563344,0.6736095723465544,1.9392761157231997,46.93882842952304,24.2043038889377,0.02091944008782587,-0.023254847114086347,1.320140845988884,14.0,14.0,14.0,14.0,312.0,8.0,0.0,3237.0,32.099362946590226,166,5.483820671450383,Infinity,0.9420838183934802,0.0,45318.0,1,ID92191,105340,0,6.9999
92234,16,7,335.28205128205127,191.12948717948717,780.0000000000003,0.5146906678849065,1.0,1.094098225162003,16.424311916391517,15.01173435681204,0.8082951518217115,0.12875608629169186,0.012702307341001327,1.0,1.0,1.0,1.0,138.0,16.0,0.0,780.0,15.756957549709805,88,4.941192630872086,Infinity,0.9302325581395353,0.0,780.0,1,ID92234,92184,8,25.9549
92235,16,6,875.1027287319422,510.0513643659711,622.9999999999998,0.4778350154263771,1.0,1.8564391333644492,19.821697165029477,10.677267468018924,0.42332079847286797,0.015768364942137663,-0.40815153964530004,2.0,2.0,2.0,2.0,128.0,16.0,0.0,623.0,14.082153922340911,70,5.128211713376026,Infinity,0.898341744772891,0.0,1246.0,1,ID92235,92174,8,130.9361
92236,16,238,40.46218487394958,543.3678086619263,1547.0,0.5060437146088516,1.0,1.4145672727692618,26.78941367879375,18.938239413915472,1.148708758258794,0.4130987782876176,-0.17626435478504426,3.0,3.0,3.0,3.0,196.0,16.0,0.0,1547.0,22.190660060627405,114,4.983229794573029,Infinity,0.8965517241379309,0.0,4641.0,1,ID92236,92173,8,10.3034
92237,16,6,777.0112866817155,633.1094808126411,886.0,0.4948357495254323,1.0,2.071667233477729,24.457506281130218,11.805711788988985,2.0034403270392307,-0.043514447727961585,-0.485077008245899,4.0,4.0,4.0,4.0,150.0,16.0,0.0,886.0,16.79352729949365,90,5.039348555125469,Infinity,0.9511540526033281,0.0,3544.0,1,ID92237,92177,8,33.1936
92238,16,4,164.57572443958446,637.7648988518316,1829.0000000000011,0.5982895630378733,1.0,1.0155564704219375,24.46928326647255,24.09445853494114,0.9620523283720722,-0.2435810191387817,0.12890446232698247,5.0,5.0,5.0,5.0,196.0,16.0,0.0,1829.0,24.128588475709755,112,4.582993260740564,Infinity,0.9596012591815326,0.0,9145.0,1,ID92238,92176,8,13.33
92239,16,5,496.979766536965,722.6443579766537,1285.0000000000007,0.5212999173376661,1.0,2.060444686581769,29.25598454460553,14.19886917379012,3.1326607265030084,0.237911879902667,-0.027564474358698948,6.0,6.0,6.0,6.0,176.0,16.0,0.0,1285.0,20.22444569688305,86,4.909769503334701,Infinity,0.9458962090541043,0.0,7710.0,1,ID92239,92179,8,26.5623
92240,16,237,662.6063268892794,891.9209138840071,569.0,0.5501896644790989,0.7365208545269584,1.6952183898083046,18.169076793297357,10.717838422783933,2.677297448948829,0.33283375586092184,0.5198020690254919,7.0,7.0,7.0,7.0,114.0,16.0,0.0,569.0,13.458020851469092,54,4.779128612913631,Infinity,0.943615257048093,0.0,3983.0,1,ID92240,92181,8,10.6604
92241,16,1,35.62472613458529,31.699530516431924,3194.999999999998,0.3970328914291121,0.6588785046728972,1.9817957204736993,50.46746633108141,25.465523923433647,2.085236625614707,0.8442435298262535,-5.114092451003424,8.0,8.0,8.0,8.0,318.0,16.0,0.0,3195.0,31.89043879217109,144,5.625895859803319,Infinity,0.814323945456862,0.0,25560.0,1,ID92241,92169,8,12.8791
92242,16,0,216.59523147504518,403.58362296677325,14386.000000000011,0.24217116723756216,0.9825692826353816,1.6860407657855856,99.89478064073204,59.24814077326746,2.262262949815964,-4.330350605120714,-0.05623581124892107,9.0,9.0,9.0,9.0,864.0,16.0,0.0,14386.0,67.66983096358389,526,7.203502554152751,Infinity,0.6747021855360666,0.0,129474.0,1,ID92242,92189,8,38.4148
92244,16,235,776.6523410202656,884.8249475890985,2861.999999999999,0.43969084916494616,0.7074674356169831,1.4557313724177703,41.043434869159384,28.194374076717097,0.031845554454080105,-0.9788439852196096,4.940025968539125,11.0,11.0,11.0,11.0,286.0,16.0,0.0,2862.0,30.182824491057968,128,5.346027869010823,Infinity,0.8998585128124507,0.0,31482.0,1,ID92244,92191,8,15.5543
92403,24,7,354.3192,177.476,1249.9999999999989,0.4848136811095355,1.0,1.891117185683852,27.542958883388195,14.564385058680703,1.029169715268882,0.030027914136662427,-0.46837168357508724,1.0,1.0,1.0,1.0,180.0,24.0,0.0,1250.0,19.947114020071623,106,5.091168824543144,Infinity,0.9147457006952058,0.0,1250.0,1,ID92403,92234,16,23.4271
92405,24,0,216.4487334137515,415.62605548854043,829.0000000000001,0.5801693717589527,0.7632045373980859,1.3282903300619842,18.72635098281397,14.09808575655302,2.490949214550067,-0.15729015819482103,-0.15844342949687748,3.0,3.0,3.0,3.0,134.0,24.0,0.0,829.0,16.244349652921244,78,4.654012368036159,Infinity,0.9567224466243511,0.0,2487.0,1,ID92405,92242,16,12.0433
92406,24,6,837.8714902807775,455.2246220302376,925.9999999999997,0.5611718358842877,1.0,1.580306129585891,21.87722329848485,13.843661610182854,0.0325706863936863,0.14364263387955487,-0.4724666773875483,4.0,4.0,4.0,4.0,144.0,24.0,0.0,926.0,17.168429008100595,80,4.73213361528558,Infinity,0.9429735234215882,0.0,3704.0,1,ID92406,92235,16,66.2732
92407,24,238,26.60508701472557,519.4598393574297,1493.9999999999995,0.49883509665885317,0.8725715479423437,1.4546643895997111,26.63118811632713,18.30744486957256,0.7129963302556905,-0.11592997957514288,-0.22160814414029867,5.0,5.0,5.0,5.0,194.0,24.0,0.0,1494.0,21.807222885057673,118,5.019106732900953,Infinity,0.9115314215985355,0.0,7470.0,1,ID92407,92236,16,27.6335
92408,24,4,133.55625327053897,640.3359497645212,1910.9999999999989,0.5885289247142527,1.0,1.0773843950281945,25.456896618322318,23.62842522668627,1.5630586590746243,0.017500727929918164,-0.05282245224865266,6.0,6.0,6.0,6.0,202.0,24.0,0.0,1911.0,24.66353973981074,128,4.620841009803944,Infinity,0.9680851063829781,0.0,11466.0,1,ID92408,92238,16,31.1258
92409,24,6,755.6737400530504,684.8713527851459,754.0000000000001,0.5606534581791016,1.0,1.387129641433116,18.720690685199386,13.495992101976903,2.1241551699833416,-0.36653419615010524,-0.31459811988874015,7.0,7.0,7.0,7.0,130.0,24.0,0.0,754.0,15.492115871712883,76,4.734320764739993,Infinity,0.952621604548326,0.0,5278.0,1,ID92409,92237,16,55.9873
92411,24,5,412.8079470198675,748.75,603.9999999999997,0.5640671708585713,0.7155480749000632,1.1460074006026864,15.459475624723634,13.489856711739803,2.3721760795091082,0.9689503183049631,-0.16388233101879923,9.0,9.0,9.0,9.0,116.0,24.0,0.0,604.0,13.865755343832138,60,4.719973060872726,Infinity,0.9371605896043441,0.0,5436.0,1,ID92411,92239,16,88.1272
92414,24,237,667.6855287569573,879.4768089053804,1078.0,0.5711986642890533,0.637634190804132,1.3542702228042678,21.524563730035336,15.893847008955667,1.1027816572960205,-0.0455248532018727,0.07132759421033794,10.0,10.0,10.0,10.0,154.0,24.0,0.0,1078.0,18.523985999404296,96,4.69041575982343,Infinity,0.9577965348733892,0.0,10780.0,1,ID92414,92240,16,13.4408
92422,24,237,719.5691390234812,870.242266120015,2682.999999999998,0.3600706176932551,0.8028894613058574,1.635528926427605,37.2431943407164,22.771345550007876,0.14441313335915626,-0.2675364090379844,-0.07215057523822091,12.0,12.0,12.0,12.0,306.0,24.0,0.0,2683.0,29.223713395650282,174,5.9076001132460405,Infinity,0.9180496150556025,0.0,32196.0,1,ID92422,92240,16,60.9485
92440,32,0,229.0456253354804,396.5077831454643,1863.0000000000014,0.4750253318430151,1.0,1.7565053556916295,32.03843258251982,18.239871844799804,1.6044996222469698,-0.2098056649692422,-0.4408820245108496,2.0,2.0,2.0,2.0,222.0,32.0,0.0,1863.0,24.351823709127054,130,5.143355546741176,Infinity,0.9013062409288831,0.0,3726.0,1,ID92440,92405,24,22.8952
92441,32,6,830.5438786565547,399.7638136511376,923.0000000000005,0.5155004478690455,1.0,1.630397412984294,21.975565099959994,13.478655525916054,0.2609684619734698,0.2697033559301201,-0.43716404251912067,3.0,3.0,3.0,3.0,150.0,32.0,0.0,923.0,17.140595816588142,86,4.9373101400747474,Infinity,0.9156746031746037,0.0,2769.0,1,ID92441,92406,24,55.9428
92442,32,238,27.630699088145896,500.30699088145894,658.0000000000003,0.5555409744859137,0.6960584255182043,1.498070722354147,17.93041279136356,11.969002880709642,1.4554337747144814,0.3676812416873138,0.22441138284286669,4.0,4.0,4.0,4.0,122.0,32.0,0.0,658.0,14.472315126092797,66,4.756055171071247,Infinity,0.9379900213827518,0.0,2632.0,1,ID92442,92407,24,19.1803
92444,32,6,790.3859649122807,580.3632610939112,968.9999999999998,0.5270435043851297,1.0,2.011188136908013,25.739865023259647,12.79833773424695,-1.3272982278140986,-0.502589672900444,-0.2371850778963711,6.0,6.0,6.0,6.0,152.0,32.0,0.0,969.0,17.562524867230596,76,4.882943503144591,Infinity,0.9565646594274428,0.0,5814.0,1,ID92444,92409,24,110.1221
92445,32,4,58.518691588785046,702.1281708945261,1497.9999999999995,0.5810007154416678,1.0,1.3237944074291061,25.204429280306332,19.039534491805984,1.3513552107691458,-0.05956339326798776,-0.1766256936186144,7.0,7.0,7.0,7.0,180.0,32.0,0.0,1498.0,21.836396440423,106,4.650681503959217,Infinity,0.9584133077415224,0.0,10486.0,1,ID92445,92408,24,97.2055
92446,32,5,387.65714285714284,759.78,1399.9999999999998,0.5552619258964411,1.0,1.8221881556783919,28.809512991253516,15.81039416894238,-0.1457301178979368,0.2534226405891467,0.19678051031736718,8.0,8.0,8.0,8.0,178.0,32.0,0.0,1400.0,21.11004122822376,92,4.7572501060411545,Infinity,0.9566108643662451,0.0,11200.0,1,ID92446,92411,24,27.4631
92447,32,237,771.815923566879,878.4426751592357,1570.0000000000023,0.524210911482196,0.7496285289747399,1.1422118648034751,24.307100555697257,21.280728474904652,0.9034642287247269,-0.16528614423108018,-0.9867890081230675,9.0,9.0,9.0,9.0,194.0,32.0,0.0,1570.0,22.355011100613485,108,4.896118311713163,Infinity,0.9143855562026806,0.0,14130.0,1,ID92447,92422,24,52.8864
92448,32,237,668.7878787878788,882.4331116038433,1352.9999999999995,0.5488862164652619,0.7881057268722467,1.4449235532668905,24.9766948086261,17.285824396837608,2.601502112082854,-0.014465167520755223,-0.24169689731847604,10.0,10.0,10.0,10.0,176.0,32.0,0.0,1353.0,20.752669129696756,112,4.7847997808779255,Infinity,0.9588944011339472,0.0,13530.0,1,ID92448,92414,24,3.1551
92449,32,16,29.535521973249956,53.48480111169012,5756.999999999999,0.4855472336630899,0.4796949965729952,1.3411164232644952,57.00730032453958,42.50734636876234,-0.8947355097301913,-10.9415004653434,3.718807107671362,11.0,11.0,11.0,11.0,386.0,32.0,0.0,5757.0,42.8078265596384,198,5.087321565976591,Infinity,0.9393815778738679,0.0,63327.0,1,ID92449,,,
105305,32,7,342.1666666666667,218.16666666666666,232.3521955581855,0.9999999999999999,-0.0708879568036521,1.0,8.60000005364418,8.60000005364418,0.0,0.0,0.0,19536.0,12823.85559566787,12624.0,10032.0,54.03539397880077,32.0,0.0,-1.0,8.60000005364418,,3.544907701811032,-1.4651365896331234,1.0,1335.595261937357,3552208.0,1,ID105305,92403,24,42.4666
92476,40,16,49.85578583765112,20.849740932642487,1158.0000000000007,0.6135881755535474,0.718951014349332,1.3615325872348694,22.574577283665363,16.58026953986608,1.3580338612658063,-0.24225117322733367,-0.11499763764682892,1.0,1.0,1.0,1.0,154.0,40.0,0.0,1158.0,19.199032480852512,82,4.525498665258596,Infinity,0.9662077596996255,0.0,1158.0,1,ID92476,92449,32,38.4442
92477,40,7,295.0405932864949,294.85636221701793,1281.0000000000005,0.5570076386503151,1.0,1.3907542092898066,23.947053896914074,17.218753491418674,-0.1699435486950989,-0.3963458247780124,0.24093495852401062,2.0,2.0,2.0,2.0,170.0,40.0,0.0,1281.0,20.192943425895987,98,4.749789427930456,Infinity,0.9333333333333337,0.0,2562.0,1,ID92477,105305,32,90.0121
92478,40,0,236.0872093023256,359.75,688.0000000000005,0.42876725762145984,0.5495495495495496,2.213203332206291,22.576660160521246,10.200897419585528,1.0525934724577786,0.1320084667775402,0.09227223431027519,3.0,3.0,3.0,3.0,142.0,40.0,0.0,688.0,14.798554040663843,104,5.413699246807464,Infinity,0.9386084583901779,0.0,2064.0,1,ID92478,92440,32,37.4262
92480,40,6,856.2543234994913,422.53001017293997,983.0000000000005,0.5346581680191773,1.0,1.9639903961105438,24.8108432404155,12.632874014837604,1.485643225232532,0.16463277559113473,0.3053431309613113,5.0,5.0,5.0,5.0,152.0,40.0,0.0,983.0,17.688940559532284,80,4.848047084032174,Infinity,0.9585568015602149,0.0,4915.0,1,ID92480,92441,32,34.3413
92483,40,6,795.6722939424031,610.1767626613704,1006.9999999999998,0.4821801253109162,1.0,2.3591450820664503,28.33900132180204,12.012402940890352,1.9573527744061612,-0.002035537189289676,-0.933095872016766,8.0,8.0,8.0,8.0,162.0,40.0,0.0,1007.0,17.90357660879739,86,5.105053282472362,Infinity,0.9491046182846371,0.0,8056.0,1,ID92483,92444,32,30.2785
92484,40,5,309.5690322580645,799.1135483870968,1549.9999999999995,0.5753152898232724,1.0,1.681601115506643,29.03874848875213,17.268511670797245,-0.26591505895949386,0.016905648033385148,-0.24257616648642322,9.0,9.0,9.0,9.0,184.0,40.0,0.0,1550.0,22.212166116452384,98,4.673604673607011,Infinity,0.9660330320972264,0.0,13950.0,1,ID92484,92446,32,87.435
105472,40,237,687.5,892.8333333333334,232.3521955581855,0.9999999999999999,0.032813473591541326,1.0,8.60000005364418,8.60000005364418,0.0,0.0,0.0,23472.0,16585.992779783395,16992.0,9936.0,54.03539397880077,40.0,0.0,-1.0,8.60000005364418,,3.544907701811032,0.3793667392095374,1.0,2778.0657982952507,4594320.0,1,ID105472,92448,32,21.4081
107545,40,238,87.25849056603774,510.6547169811321,232.3521955581855,0.9999999999999999,-0.09635180939844201,1.0,8.60000005364418,8.60000005364418,0.0,0.0,0.0,18976.0,14269.631768953068,14160.0,10640.0,54.03539397880077,40.0,0.0,-1.0,8.60000005364418,,3.544907701811032,-1.8075004281809814,1.0,1683.5454462864122,3952688.0,1,ID107545,92442,32,60.519
92590,48,16,75.77339901477832,17.323891625615765,812.0,0.6037806472698016,0.7575757575757575,1.1159369461050255,16.936282234419295,15.176737622615956,-1.2750047710498862,-0.058056594759782316,-0.07896606415248975,1.0,1.0,1.0,1.0,130.0,48.0,0.0,812.0,16.07692842495848,80,4.5621056412333765,Infinity,0.9598108747044919,0.0,812.0,1,ID92590,92476,40,26.1563
92591,48,7,366.13699753896634,306.8039376538146,1219.0000000000005,0.5695421541829208,0.7592303066746844,1.4340212246555595,23.551969959919695,16.42372480614901,2.229856510504395,-0.14834936841859472,-0.3020675418725039,2.0,2.0,2.0,2.0,164.0,48.0,0.0,1219.0,19.698216956314624,102,4.697231831034879,Infinity,0.9647803719825886,0.0,2438.0,1,ID92591,92477,40,72.0933
92592,48,6,859.0231092436975,411.26680672268907,952.0,0.5316971033275526,1.0,1.487317368103262,21.41566901344145,14.398856271511375,0.6266074783653806,-0.23697308815109175,0.2573153372386529,3.0,3.0,3.0,3.0,150.0,48.0,0.0,952.0,17.407785949022028,88,4.861527926641233,Infinity,0.9430411094601288,0.0,2856.0,1,ID92592,92480,40,11.5985
92593,48,6,806.6401124648547,561.4086223055295,1066.9999999999995,0.5509663644609316,1.0,1.8786108532867638,25.877267665233635,13.774682297805056,-1.4905646739065121,-0.3358350173016557,-0.5785353566238798,4.0,4.0,4.0,4.0,156.0,48.0,0.0,1067.0,18.429233531487537,76,4.775758844396491,Infinity,0.9569506726457397,0.0,4268.0,1,ID92593,92483,40,49.9862
92594,48,5,266.0289203084833,818.1979434447301,1556.0000000000002,0.5903052975468807,1.0,1.4996987667741195,27.5543439313259,18.373252376939547,2.6694596051830706,-0.02675133824231455,-0.03138865819087459,5.0,5.0,5.0,5.0,182.0,48.0,0.0,1556.0,22.25511588156706,96,4.613883151726884,Infinity,0.9670602858918583,0.0,7780.0,1,ID92594,92484,40,47.539
92595,48,237,710.4992816091954,887.4647988505748,1392.0000000000007,0.4745113903859586,0.7181649866282658,2.0322324914508223,30.30169074826785,14.910543392914311,-0.386518217747713,-0.09045972233176469,0.5590670306944042,6.0,6.0,6.0,6.0,192.0,48.0,0.0,1392.0,21.04964041421698,110,5.1461401672214135,Infinity,0.9534246575342474,0.0,8352.0,1,ID92595,105472,40,23.6175
92596,48,230,769.0563139931741,890.4726962457338,586.0,0.6553838714858023,0.7311669128508124,1.3092983649009122,17.026376563443918,13.00419905796833,-1.3607983406958417,-0.14981550542079058,2.070526128483545,7.0,7.0,7.0,7.0,106.0,48.0,0.0,586.0,13.657583728599336,46,4.378819639291746,Infinity,0.9622331691297207,0.0,4102.0,1,ID92596,,,
92694,56,6,858.918081918082,450.83916083916085,1001.0,0.5742757936894418,1.0,1.3945607107539435,21.96692464882896,15.751859692757979,0.4298684912016954,-0.1735969245476611,1.2207633776951918,1.0,1.0,1.0,1.0,148.0,56.0,0.0,1001.0,17.850159553067712,76,4.677832605183503,Infinity,0.9452313503305004,0.0,1001.0,1,ID92694,92592,48,39.5725
92695,56,6,809.176119402985,511.4457711442786,1004.9999999999998,0.5612978874413762,1.0,1.5698688177433002,22.96764755169928,14.630297316635328,-1.481566115287312,-0.6337705817522061,-0.1813598025182798,2.0,2.0,2.0,2.0,150.0,56.0,0.0,1005.0,17.885788649503535,82,4.731602234073839,Infinity,0.9612625538020084,0.0,2010.0,1,ID92695,92593,48,50.0272
92696,56,5,259.47094594594597,819.0527027027027,1479.999999999999,0.5493333089925438,1.0,1.6880885356932254,28.31680378321729,16.77447786918877,-0.31740106816173747,0.17217839120062542,-0.05498415015783746,3.0,3.0,3.0,3.0,184.0,56.0,0.0,1480.0,21.704806646271003,106,4.782852253172336,Infinity,0.9619759506012344,0.0,4440.0,1,ID92696,92594,48,6.6134
92697,56,230,786.4239130434783,879.4728260869565,736.0,0.5308108799453829,0.9692307692307692,1.4398223443854823,18.36511196178045,12.755123597987152,0.7642571043101541,-0.03592830833518636,0.2597261964068563,4.0,4.0,4.0,4.0,132.0,56.0,0.0,736.0,15.306079714651624,90,4.8655845531116055,Infinity,0.942985265855221,0.0,2944.0,1,ID92697,92596,48,20.558
92698,56,237,711.6897321428571,887.1283482142857,895.9999999999998,0.6462045494987269,0.40865737344093905,1.0098013220683881,17.267368806748816,17.099768468692297,0.8214133726069175,0.20122075321439803,0.46510401969691156,5.0,5.0,5.0,5.0,132.0,56.0,0.0,896.0,16.888032982579006,60,4.409810491555003,Infinity,0.9639591178052712,0.0,4480.0,1,ID92698,92595,48,1.2371
92703,56,35,19.787710904054393,826.2115336187359,3971.0,0.3893531546270425,0.6825082974366216,1.7374204696717712,51.734580763138645,29.77666124361491,1.5324635627790912,-3.7570810499691576,-1.4856198627421853,10.0,10.0,10.0,10.0,358.0,56.0,0.0,3971.0,35.552898025840776,194,5.681108492570494,Infinity,0.9478458049886621,0.0,39710.0,1,ID92703,,,
92761,64,6,820.3344298245614,388.54605263157896,911.9999999999994,0.5526875964648706,0.805940594059406,1.4041226799106667,20.274617188426433,14.439348839316766,1.3613270854811501,0.43136273884760445,-0.16261618528260904,1.0,1.0,1.0,1.0,144.0,64.0,0.0,912.0,17.038151783559652,82,4.768316485434159,Infinity,0.9392378990731202,0.0,912.0,1,ID92761,92695,56,123.4052
92762,64,6,840.1998132586368,436.2754435107376,1071.0000000000005,0.5128251382403094,0.9876275904732446,1.7626340105990352,24.57099507326572,13.93993019850741,0.2757527225516112,-0.12639716666059925,0.30738595888851705,2.0,2.0,2.0,2.0,162.0,64.0,0.0,1071.0,18.463745234996065,98,4.95017188395234,Infinity,0.9296875000000002,0.0,2142.0,1,ID92762,92694,56,23.7166
92763,64,5,358.6336166194523,786.1397544853636,1059.0000000000005,0.607550515002117,1.0,1.2281187646508662,20.36084439830545,16.578888772287183,-0.3705862294129355,-0.1408013339409776,0.0910609539773194,3.0,3.0,3.0,3.0,148.0,64.0,0.0,1059.0,18.36001550839853,86,4.547929620586214,Infinity,0.9640418752844793,0.0,3177.0,1,ID92763,92696,56,104.482
92764,64,230,802.9541809851088,883.2577319587629,873.0,0.576057632132722,0.7535989286909943,1.3358057088424529,19.33578543378271,14.474998351772433,-1.4664107376625148,0.087501141841071,-0.09972552992947843,4.0,4.0,4.0,4.0,138.0,64.0,0.0,873.0,16.669868944849245,80,4.6705923596146475,Infinity,0.9473684210526315,0.0,3492.0,1,ID92764,92697,56,16.958
107213,64,307,671.5,895.5,232.3521955581855,0.9999999999999999,0.04809082500060915,1.0,8.60000005364418,8.60000005364418,0.0,0.0,0.0,14608.0,11840.653429602888,11840.0,8800.0,54.03539397880077,64.0,0.0,-1.0,8.60000005364418,,3.544907701811032,0.7967193725449181,1.0,1363.8405421387467,3279861.0,1,ID107213,,,
92803,72,6,795.2502424830262,372.5140640155189,1030.999999999999,0.5189844617611078,1.0,1.5009815170297638,22.71605388821129,15.1341329859699,1.0246123525544903,-0.0012646761184641957,-0.1280848846958189,1.0,1.0,1.0,1.0,158.0,72.0,0.0,1031.0,18.115669809738968,92,4.920709812927969,Infinity,0.9313459801264673,0.0,1031.0,1,ID92803,92761,64,29.7698
92804,72,6,837.5164756446991,444.06876790830944,1396.0000000000025,0.5794244080342659,1.0,1.4558376689907815,25.52460751275203,17.532591755539784,0.9331795324108503,0.1743662000348864,-0.18818301217906752,2.0,2.0,2.0,2.0,174.0,72.0,0.0,1396.0,21.07986245478306,102,4.657003229878042,Infinity,0.96542185338866,0.0,2792.0,1,ID92804,92762,64,8.2423
92805,72,5,448.4547970479705,753.7573800738007,1084.0,0.605419810931793,1.0,1.1743941359321015,20.208074007785196,17.207233406139505,-0.4839577486382365,0.10104157422389884,-0.049479998623586395,3.0,3.0,3.0,3.0,150.0,72.0,0.0,1084.0,18.575465448360347,86,4.555925544230902,Infinity,0.9622725255215269,0.0,3252.0,1,ID92805,92763,64,95.4802
92807,72,307,684.5766033254157,867.4976247030879,1684.0,0.5397859431328652,0.7529493407356004,1.372313955630933,27.50408005220761,20.04211932652275,0.09313839706416438,-0.36705884375648906,0.0066005547073479005,4.0,4.0,4.0,4.0,198.0,72.0,0.0,1684.0,23.152404806704283,102,4.824964770402936,Infinity,0.9245127642053251,0.0,6736.0,1,ID92807,107213,64,30.9052
92816,72,230,813.6568848758465,875.8073739653875,2658.0,0.4792443338637322,0.6746572260058203,1.0475558380697862,29.672717877582198,28.32566704249082,0.26494436222649675,-0.19922573739230529,0.2809770739421444,7.0,7.0,7.0,7.0,264.0,72.0,0.0,2658.0,29.087242521017966,116,5.120665870921991,Infinity,0.8858523579403434,0.0,18606.0,1,ID92816,92764,64,13.0405
92817,72,245,739.4811746987951,892.4269578313254,1328.0,0.408982947158832,0.5779389558630592,2.121664224298845,44.00906101152463,20.742707779817746,-0.3774602987240709,-9.450070499291837,11.607616072961722,8.0,8.0,8.0,8.0,202.0,72.0,0.0,1328.0,20.56004690782767,78,5.5430951294793624,Infinity,0.9588447653429601,0.0,10624.0,1,ID92817,,,
92915,80,6,682.474358974359,353.0230769230769,779.9999999999994,0.48610241416386374,1.0,1.8727260270074715,21.76155968833039,11.620258048692977,0.653909172556935,0.3512021345534769,0.6113724499885003,1.0,1.0,1.0,1.0,142.0,80.0,0.0,780.0,15.756957549709796,88,5.084415605679975,Infinity,0.9258160237388715,0.0,780.0,1,ID92915,92803,72,114.4478
92916,80,6,814.7303135888502,546.0487804878048,1434.9999999999993,0.5956117661383737,1.0,1.3515623509979278,24.9106227453737,18.430983022707693,1.337881092247395,0.061010354741406994,0.009110615388992835,2.0,2.0,2.0,2.0,174.0,80.0,0.0,1435.0,21.3722878202999,98,4.593283992931557,Infinity,0.9637340496977835,0.0,2870.0,1,ID92916,92804,72,104.4947
92917,80,5,567.0882768361582,719.3848870056497,1415.9999999999993,0.6304556685775432,1.0,1.0796311863374288,22.247864727754255,20.606911887409012,1.3023173388706117,0.0020812345823070046,0.05494925171299794,3.0,3.0,3.0,3.0,168.0,80.0,0.0,1416.0,21.230327337001835,90,4.464549629002965,Infinity,0.9682051282051277,0.0,4248.0,1,ID92917,92805,72,123.5126
92918,80,307,732.7886866059818,839.4408322496749,1537.9999999999995,0.49298739936956437,0.8669768853371098,1.5068289196988944,27.277219425135723,18.102399727360194,1.4821267526967188,0.38079114500714806,-0.6483766190212928,4.0,4.0,4.0,4.0,198.0,80.0,0.0,1538.0,22.126016472710806,118,5.0487866932682195,Infinity,0.9009958992384297,0.0,6152.0,1,ID92918,92807,72,55.7816
92919,80,245,707.9657738095239,876.0625,672.0,0.5492066241447298,0.6427640156453717,1.322797489560748,16.904765390331303,12.779556601626716,0.40689744428458563,-0.10833037952929482,0.2919230093069461,5.0,5.0,5.0,5.0,124.0,80.0,0.0,672.0,14.625465582862905,72,4.783403848824849,Infinity,0.9451476793248945,0.0,3360.0,1,ID92919,92817,72,35.5108
92962,88,6,628.9642857142857,429.8452380952381,1008.0000000000005,0.5482557816514047,1.0,1.6678676461802207,23.420143883968386,14.041967860942446,0.5305167558299546,-0.19567202653029084,0.4158499848985765,1.0,1.0,1.0,1.0,152.0,88.0,0.0,1008.0,17.912463964325543,90,4.78754999145021,Infinity,0.9613733905579406,0.0,1008.0,1,ID92962,92915,80,93.6214
92963,88,6,786.2570162481536,652.1410635155096,1354.0,0.5887496820706685,1.0,1.2919173923387464,23.592272513164254,18.261440439667258,1.4036583667573361,0.08862673746858572,0.15864243556877655,2.0,2.0,2.0,2.0,170.0,88.0,0.0,1354.0,20.760336844397603,100,4.619974614188474,Infinity,0.9661077417053159,0.0,2708.0,1,ID92963,92916,80,109.8467
92964,88,5,653.2093837535014,692.7640056022409,1427.9999999999995,0.6357985132265056,0.23387096774193544,1.178103195397072,23.45283629541545,19.907285191184656,0.08587398914170574,-0.09357647290717584,-0.4603602532718954,3.0,3.0,3.0,3.0,168.0,88.0,0.0,1428.0,21.320096563347292,86,4.445751441809691,Infinity,0.9694501018329937,0.0,4284.0,1,ID92964,92917,80,90.1416
92965,88,307,788.7673611111111,868.5289351851852,1728.0,0.5217870151291005,0.8272823405005288,1.3803207563237312,28.46191260254033,20.61978165013195,1.951572392331433,-0.029216554015465118,0.5724778845904438,4.0,4.0,4.0,4.0,204.0,88.0,0.0,1728.0,23.452920571340155,108,4.907477288111819,Infinity,0.907563025210084,0.0,6912.0,1,ID92965,92918,80,63.0851
92966,88,245,685.0403100775194,871.5798449612403,645.0,0.6236772119314917,0.6374714394516374,1.1745813020174112,15.690797283826692,13.358630225831828,1.7501653419748069,-0.31075621654697805,-0.16240203467081646,5.0,5.0,5.0,5.0,114.0,88.0,0.0,645.0,14.32863833686038,58,4.488745616461499,Infinity,0.9541420118343196,0.0,3225.0,1,ID92966,92919,80,23.3596
92970,88,59,724.9082568807339,883.0611620795107,1635.0,0.4748986675868447,0.5896651062297443,1.9677815047341498,46.23862917931463,23.497847229518268,-1.5374080487314778,-0.18133502793272385,20.192329871734543,9.0,9.0,9.0,9.0,208.0,88.0,0.0,1635.0,22.813080982420978,100,5.144041415026779,Infinity,0.9242509892594686,0.0,14715.0,1,ID92970,,,
93042,96,6,642.8856900931414,562.7188823031329,1181.0,0.5258249608686998,1.0,2.301096493878904,29.71116647856409,12.911742970187522,0.1490260623515395,0.22174010238605724,-0.029803872254604655,1.0,1.0,1.0,1.0,168.0,96.0,0.0,1181.0,19.388759000592504,78,4.888598080626334,Infinity,0.9574381840291852,0.0,1181.0,1,ID93042,92962,88,133.6009
93043,96,5,658.014683153014,674.3323029366306,1294.0000000000007,0.5761367479797611,1.0,1.320412001769739,23.261492128077705,17.61684390697789,2.396786438068003,0.040493264755009466,0.2079637420637073,2.0,2.0,2.0,2.0,168.0,96.0,0.0,1294.0,20.29514702390267,108,4.670271662698038,Infinity,0.9649515287099186,0.0,2588.0,1,ID93043,92964,88,19.0478
93044,96,6,754.2248603351956,744.018156424581,1431.999999999999,0.5809350051576163,1.0,1.3981828969489665,25.303301220671525,18.097275596695482,0.8263905598592355,0.16778912961850673,-0.1881774198939071,3.0,3.0,3.0,3.0,176.0,96.0,0.0,1432.0,21.349935761383172,106,4.650944518718873,Infinity,0.9656102494942677,0.0,4296.0,1,ID93044,92963,88,97.3009
93045,96,245,695.0346534653465,833.5977722772277,808.0,0.5180422171633782,0.6639780332932897,1.5058344187017798,19.593497417598314,13.011721059271837,2.0268432620298054,0.054950691773045936,-0.08226935664998215,4.0,4.0,4.0,4.0,140.0,96.0,0.0,808.0,16.03728119216293,90,4.925182813112043,Infinity,0.9395348837209302,0.0,3232.0,1,ID93045,92966,88,39.275
93047,96,307,830.1482213438735,889.7766798418972,1012.0,0.580586516697018,0.7230419977298524,1.601071295017711,22.98751465583371,14.357583405165865,2.954082082433759,-0.3257876738510332,0.20563271833998625,6.0,6.0,6.0,6.0,148.0,96.0,0.0,1012.0,17.94796937867892,76,4.652340139618293,Infinity,0.9606074988134788,0.0,6072.0,1,ID93047,92965,88,46.5171
93048,96,59,685.9984437143352,882.5851634099948,5782.999999999997,0.26265856548034183,0.7151149242664971,4.715923955900281,89.76071975030486,19.033538409371854,-0.0983382711573387,-0.8873214987205509,-1.1431603257922005,7.0,7.0,7.0,7.0,526.0,96.0,0.0,5783.0,42.904382897331836,214,6.91686258852065,Infinity,0.8053195933713965,0.0,40481.0,1,ID93048,92970,88,38.9127
93205,104,6,536.3932853717026,611.9808153477218,834.0,0.4916660298543606,1.0,1.6630196064680773,20.85842830699738,12.542502942161054,2.70152791432446,0.25864323091948366,-0.7536844457182493,1.0,1.0,1.0,1.0,146.0,104.0,0.0,834.0,16.293263794503588,86,5.055566535770439,Infinity,0.8881789137380192,0.0,834.0,1,ID93205,93042,96,117.3344
93206,104,6,696.1291448516579,742.0340314136125,1146.0,0.5102416639758933,1.0,1.5876293934458463,24.23488357397973,15.264824192615565,0.6864676653425615,0.046998032709911035,0.031598878758491517,2.0,2.0,2.0,2.0,168.0,104.0,0.0,1146.0,19.099296572560576,104,4.9626880066460854,Infinity,0.9253128784820347,0.0,2292.0,1,ID93206,93044,96,58.1296
93207,104,245,756.4075144508671,834.5221579961465,1038.0,0.5225081196004174,0.11546268656716417,1.7652496379060825,24.655098559547813,13.966918916235207,-0.02347378566683756,-0.8470692888127679,0.49424015004809085,3.0,3.0,3.0,3.0,158.0,104.0,0.0,1038.0,18.17706417050825,78,4.904089756429187,Infinity,0.9222567747667704,0.0,3114.0,1,ID93207,93045,96,61.3798
93211,104,59,692.1820987654321,884.8001543209876,1296.0,0.5140138971155627,0.4115938521118238,1.1418146903207145,22.089255392454074,19.34574461136913,2.8339720483335595,0.40679195708292326,0.16984820263476405,6.0,6.0,6.0,6.0,178.0,104.0,0.0,1296.0,20.310825007719227,124,4.944444444444445,Infinity,0.9491028927132916,0.0,7776.0,1,ID93211,93048,96,6.5684
93230,112,6,539.5408079142621,657.7873042044517,1213.0000000000002,0.49209089473197565,1.0,2.0822622193299103,28.550137857221074,13.711115532033594,0.26769280771061044,-0.020894154466557253,0.48693861271120303,1.0,1.0,1.0,1.0,176.0,112.0,0.0,1213.0,19.649679181628848,100,5.053383609297885,Infinity,0.9465470152165432,0.0,1213.0,1,ID93230,93205,104,45.9145
93231,112,59,775.9250416435314,792.9844530816213,1800.9999999999998,0.6139331997737866,1.0,1.2785965265531631,27.35067555673806,21.391169918527726,0.10001338494083743,0.023345868223059188,-0.10082494364607836,2.0,2.0,2.0,2.0,192.0,112.0,0.0,1801.0,23.943184938871582,102,4.524226844412222,Infinity,0.968019349637194,0.0,3602.0,1,ID93231,93211,104,124.2699
93232,112,6,657.8880070546737,842.1031746031746,1134.0000000000002,0.5171383465192083,1.0,1.8050661039966156,25.633484680781155,14.200856480560901,-0.6252243753902315,-0.018127052812840928,-0.40827344385984843,3.0,3.0,3.0,3.0,166.0,112.0,0.0,1134.0,18.999037105401385,102,4.929485128606938,Infinity,0.9368029739776954,0.0,3402.0,1,ID93232,93206,104,107.1271
93233,112,245,821.952380952381,872.992784992785,692.9999999999991,0.47083125193289876,0.6663660955816051,1.2105627423338,16.628254877911466,13.735971128480674,0.8014242097155941,-0.2041589560166338,0.13836164381330068,4.0,4.0,4.0,4.0,136.0,112.0,0.0,693.0,14.852230510107452,94,5.16621279950359,Infinity,0.8896020539152748,0.0,2772.0,1,ID93233,93207,104,76.0008
93311,120,59,738.3216348289649,733.1346068414039,2250.9999999999995,0.6176718545925952,1.0,1.3160468692987117,30.927013840359262,23.499933446017383,3.097003059831304,0.1877292391678314,-0.08474563574660555,1.0,1.0,1.0,1.0,214.0,120.0,0.0,2251.0,26.767808162038833,114,4.510513903429875,Infinity,0.9713052858683927,0.0,2251.0,1,ID93311,93231,112,70.6825
93312,120,6,778.8660855784469,832.3137876386688,1262.0000000000007,0.5896326485470436,1.0,1.1408873002484334,21.421865051295814,18.776495317838233,1.6844293751087407,0.08521389402416601,-0.16215648903198912,2.0,2.0,2.0,2.0,164.0,120.0,0.0,1262.0,20.04263147303627,100,4.616514145176518,Infinity,0.9618902439024395,0.0,2524.0,1,ID93312,93232,112,121.3735
93313,120,245,866.4144329896907,848.9298969072165,970.0000000000005,0.5417501998190402,0.6817568869196687,1.4229208242538434,21.372815679855933,15.020382944401346,2.3406399331966568,-0.14562486168997094,-0.7324833620751896,3.0,3.0,3.0,3.0,150.0,120.0,0.0,970.0,17.571584720743804,92,4.816209743009516,Infinity,0.9376510391493481,0.0,2910.0,1,ID93313,93233,112,50.5559
93350,128,59,698.5208169677926,759.8688138256088,2546.0000000000023,0.5744394495862984,1.0,1.3540755066282928,33.20818304065108,24.524616890339377,2.451179112365402,0.24235049048514307,0.0625224726405024,1.0,1.0,1.0,1.0,236.0,128.0,0.0,2546.0,28.467823419150466,144,4.677166208207565,Infinity,0.9693508471349712,0.0,2546.0,1,ID93350,93311,120,47.946
93351,128,245,883.5396966993756,890.1900089206066,1121.0000000000002,0.5788503229247467,0.7308286155429747,1.3060582609758493,25.614342888298257,19.611945082112918,0.4933768178112128,1.350979299507907,5.473717369124641,2.0,2.0,2.0,2.0,156.0,128.0,0.0,1121.0,18.88982219111735,70,4.659311990498091,Infinity,0.9730902777777781,0.0,2242.0,1,ID93351,93313,120,44.6729
93426,136,59,671.9962976675306,778.5138837467605,2700.9999999999986,0.5430682724701457,1.0,1.6844127876995376,37.91607566337566,22.50996664253481,2.0449850886916616,0.16871881609004175,0.13351274849652142,1.0,1.0,1.0,1.0,250.0,136.0,0.0,2701.0,29.321579128389697,156,4.810361518025282,Infinity,0.9721072521144497,0.0,2701.0,1,ID93426,93350,128,32.422
93427,136,245,884.2033631108776,855.3914871255912,1902.999999999999,0.5978450819781373,0.2733355637336902,1.3301978424751295,28.470567025974113,21.40325755828793,0.3870266140427514,-0.14885685619392158,0.1978710926742606,2.0,2.0,2.0,2.0,200.0,136.0,0.0,1903.0,24.611861234123545,116,4.584696607711454,Infinity,0.970423253442121,0.0,3806.0,1,ID93427,93351,128,34.8048
93451,144,245,797.1620411817368,847.9364368845121,2233.999999999999,0.5496372455258512,1.0,1.1829284294115334,29.39205647099335,24.846859488882938,-1.2601576971096882,0.018353132665752003,-0.05547948254917057,1.0,1.0,1.0,1.0,226.0,144.0,0.0,2234.0,26.666538690549775,130,4.781529667627223,Infinity,0.9355108877721939,0.0,2234.0,1,ID93451,93427,136,87.36
93452,144,59,664.2704103671706,878.8207343412527,2315.0000000000005,0.612135930734818,0.7127003699136868,1.4977170354011338,36.56203118379271,24.41184170279555,-1.1550406672199571,-1.1966280578456638,5.467666967314697,2.0,2.0,2.0,2.0,218.0,144.0,0.0,2315.0,27.14566975625165,104,4.530863681677461,Infinity,0.9757639620653321,0.0,4630.0,1,ID93452,93426,136,100.6039
93472,152,105,1212.885521885522,191.25420875420875,594.0000000000002,0.574363199825281,0.7167630057803468,1.3690811522833246,20.9374653956274,15.29307839839029,2.5898846460823854,6.857814914949792,-1.5697709048298203,1.0,1.0,1.0,1.0,114.0,152.0,0.0,594.0,13.750493532712625,52,4.677476657214643,Infinity,0.9611650485436897,0.0,594.0,1,ID93472,,,
93473,152,245,780.8636836628511,876.5171696149844,1921.9999999999993,0.5919165846681287,0.4334369173399628,1.1584634588710938,26.619468020361364,22.978254356250183,0.7527735434567624,-0.010117665565514047,-0.2540995935811483,2.0,2.0,2.0,2.0,202.0,152.0,0.0,1922.0,24.734421384888822,124,4.607599025796214,Infinity,0.9675308331235841,0.0,3844.0,1,ID93473,93451,144,32.9013
93474,152,59,679.5770811921891,885.3992805755396,1946.0000000000023,0.5545160366336277,0.7211084905660378,1.6719933885899676,35.877211506225805,21.457747232171727,2.6444828212739213,-2.1679990715216615,4.548087049031896,3.0,3.0,3.0,3.0,210.0,152.0,0.0,1946.0,24.888371552065383,100,4.760448561175417,Infinity,0.9737302977232932,0.0,5838.0,1,ID93474,93452,144,16.6605
93475,152,104,834.0316072629455,887.1977135171486,1486.9999999999989,0.6032474529814075,0.6003587443946188,1.5803104831286707,28.31003543063362,17.91422364963745,0.14081848328704594,0.29064074215266394,0.8953503700847959,4.0,4.0,4.0,4.0,176.0,152.0,0.0,1487.0,21.756075031018266,80,4.56412135749826,Infinity,0.9706266318537853,0.0,5948.0,1,ID93475,,,
93477,152,100,27.652389819987587,244.95872129112354,3222.000000000002,0.4748644928629348,0.7004134048729,1.1213688325527318,35.94515933856653,32.054715892842715,0.6179804898424957,-1.007958229375205,1.8844995531760205,6.0,6.0,6.0,6.0,292.0,152.0,0.0,3222.0,32.024903642074776,136,5.144226513128448,Infinity,0.8731707317073176,0.0,19332.0,1,ID93477,,,
93556,160,105,1164.9289026275117,194.42967542503865,647.0000000000002,0.5462538153379728,1.0,1.1344965230165056,15.374561075068318,13.55188029504841,0.35232442484538695,0.19049499641817816,0.3524711447184586,1.0,1.0,1.0,1.0,122.0,160.0,0.0,647.0,14.350836085779555,76,4.796314917221583,Infinity,0.9249463902787706,0.0,647.0,1,ID93556,93472,152,48.0616
93559,160,104,871.7779632721202,848.0634390651085,1797.0000000000005,0.587821949031743,1.0,1.2352242186678717,26.51645801957025,21.46691881427563,1.1830409445476067,0.03434466794619286,-0.1119429741285843,2.0,2.0,2.0,2.0,196.0,160.0,0.0,1797.0,23.91658139183508,120,4.623618926286501,Infinity,0.9663888141973651,0.0,3594.0,1,ID93559,93475,152,54.3717
93560,160,245,698.0315940641456,886.6548587841072,2089.000000000001,0.5523766562872722,0.6748474455480824,1.715823924077621,34.63218653861681,20.183997933957066,-0.044372591445329006,0.31339864785248306,1.2465791586293165,3.0,3.0,3.0,3.0,218.0,160.0,0.0,2089.0,25.78661187977085,100,4.769658371051725,Infinity,0.9611226132965267,0.0,6267.0,1,ID93560,93473,152,83.4502
93561,160,100,48.69075871988493,243.09349154980222,2780.999999999996,0.25527448267737624,0.8152741514360312,4.030390786327363,60.02386935380975,14.892816239416243,2.651974314496446,-1.181714899684928,0.6078333067245163,4.0,4.0,4.0,4.0,370.0,160.0,0.0,2781.0,29.75264347040647,228,7.016188195859089,Infinity,0.8696060037523438,0.0,11124.0,1,ID93561,93477,152,21.1209
93611,168,105,1146.1850961538462,254.40064102564102,1248.0000000000002,0.4949763453705419,1.0,1.7900619800931348,26.546343278784864,14.829845879081622,-1.2267895451694577,-0.017115948016672888,0.2236345619854903,1.0,1.0,1.0,1.0,178.0,168.0,0.0,1248.0,19.93114994066752,114,5.038632801943451,Infinity,0.9555895865237372,0.0,1248.0,1,ID93611,93556,160,62.8319
93612,168,104,842.9316081330869,883.2538508934073,1623.0000000000007,0.6437072183785174,0.7256778309409888,1.0930053856178523,24.508105427885877,22.42267581694666,0.7578512403523793,-0.19452694742746487,1.207797687814029,2.0,2.0,2.0,2.0,178.0,168.0,0.0,1623.0,22.729209077226873,80,4.418356377042632,Infinity,0.9654967281380136,0.0,3246.0,1,ID93612,93559,160,45.5025
93613,168,117,12.231304347826088,104.01507246376812,1724.9999999999998,0.28456455195559716,0.7206982543640899,3.1797821976368814,47.63579902942187,14.98083707268484,1.4836726654014283,-0.4110613600669721,-5.074359058999504,3.0,3.0,3.0,3.0,276.0,168.0,0.0,1725.0,23.432553289538017,96,6.64529909033446,Infinity,0.7671781187458304,0.0,5175.0,1,ID93613,,,
93614,168,100,59.45791552719538,250.76207839562443,3290.999999999991,0.26640679798407535,0.863005943956977,4.0525923297366,64.02984448752008,15.799725034687048,2.634501568708149,0.15379684588520875,-0.2420999077529552,4.0,4.0,4.0,4.0,394.0,168.0,0.0,3291.0,32.36599813741038,256,6.86803153649324,Infinity,0.8448209472468209,0.0,13164.0,1,ID93614,93561,160,13.2189
93617,168,266,697.212543554007,888.3175087108013,2296.0000000000014,0.41397478952262223,0.7495554991109983,2.483623142108871,43.19073481233439,17.39021274204293,0.0032363985796943773,-2.0202990323492847,0.398586070081384,7.0,7.0,7.0,7.0,264.0,168.0,0.0,2296.0,27.03404332832926,120,5.509573549455901,Infinity,0.9198717948717954,0.0,16072.0,1,ID93617,,,
93643,176,117,21.984896661367248,95.48807631160572,1257.9999999999995,0.6023660353933789,0.9403598971722364,1.5034696632003635,24.77253407564821,16.47690983196569,1.3627342375109106,0.058479559698282224,-0.14945605930343478,1.0,1.0,1.0,1.0,162.0,176.0,0.0,1258.0,20.01084298122417,84,4.567459382920268,Infinity,0.9639846743295014,0.0,1258.0,1,ID93643,93613,168,12.9554
93644,176,100,69.84539190353144,238.62489233419467,2322.000000000001,0.5328934284195707,1.0,1.7562518077509794,36.18472860195153,20.603382978599726,2.6660819621901766,-0.4614091549385965,-0.0089805371482177,2.0,2.0,2.0,2.0,234.0,176.0,0.0,2322.0,27.186679747971475,142,4.856067889644583,Infinity,0.9677016045009377,0.0,4644.0,1,ID93644,93614,168,15.9753
93645,176,105,1119.5083532219571,348.1161495624503,1257.0000000000014,0.49854588632273383,1.0,2.0636332665861294,28.979171338319006,14.042791327094312,1.9068034917034695,0.20375395942652472,0.4379342268753623,3.0,3.0,3.0,3.0,178.0,176.0,0.0,1257.0,20.002887964817113,104,5.020562333206009,Infinity,0.9569851541682536,0.0,3771.0,1,ID93645,93611,168,97.4384
93646,176,266,719.8740088105727,844.3312775330396,1135.0000000000005,0.46044778690914473,0.4157268333246713,1.6597145343945583,24.632198832940965,14.841226200339603,-1.5181684297624198,0.22853849667686554,0.2814152829512312,4.0,4.0,4.0,4.0,176.0,176.0,0.0,1135.0,19.007412259921196,116,5.224139159320617,Infinity,0.9072741806554759,0.0,4540.0,1,ID93646,93617,168,49.4806
93647,176,104,866.6180773249739,863.9299895506792,1914.0,0.5894528319744009,0.9920208152645273,1.2461451169106423,27.443441913797233,22.022669383669484,1.0298996765106123,0.02206636241016437,-0.05780500858991487,5.0,5.0,5.0,5.0,202.0,176.0,0.0,1914.0,24.68289128436487,126,4.617218240913194,Infinity,0.9715736040609138,0.0,9570.0,1,ID93647,93612,168,30.5689
93649,176,252,718.0889192886457,890.6812585499316,731.0000000000001,0.6171739397404298,0.5610921848782223,1.3137752322133638,20.949128635918164,15.94574788917616,-1.4750268986225106,-0.30761717772161734,5.487114821337701,7.0,7.0,7.0,7.0,122.0,176.0,0.0,731.0,15.254000354017009,54,4.512333000877386,Infinity,0.9662921348314607,0.0,5117.0,1,ID93649,,,
93792,184,117,57.11372180451128,39.276315789473685,1063.999999999999,0.5637804998177665,1.0,1.4315555153369075,21.91126765170678,15.305915430426113,0.6282171247293812,-0.07159001248797421,0.16514577614929563,1.0,1.0,1.0,1.0,154.0,184.0,0.0,1064.0,18.403307281560917,96,4.721172914034239,Infinity,0.9568345323741001,0.0,1064.0,1,ID93792,93643,176,66.2857
93793,184,100,153.9433962264151,198.30141509433963,2120.0,0.5927533308659988,1.0,1.3500015322108758,30.409265628630976,22.52535638150737,2.2139262280364833,-0.15298749072443624,0.10148680738624005,2.0,2.0,2.0,2.0,212.0,184.0,0.0,2120.0,25.977239243415305,118,4.604345773288536,Infinity,0.9693644261545494,0.0,4240.0,1,ID93793,93644,176,93.2655
93794,184,105,1140.0382165605095,294.6449044585987,1256.0,0.509535172121485,1.0,2.1546551532097817,29.69725590562577,13.782834743362935,1.8949347248211497,0.24004678671963087,0.4574480282699734,3.0,3.0,3.0,3.0,176.0,184.0,0.0,1256.0,19.994929783493642,96,4.966127302251283,Infinity,0.9591447117220313,0.0,3768.0,1,ID93794,93645,176,57.277
93796,184,266,758.8182487122884,813.1405445180279,1359.0000000000007,0.5640671708585719,0.8554589723751878,1.3122050223130506,23.74844984924283,18.098124489251653,-0.3084306696816138,-0.1057519266637449,0.0494059070146814,5.0,5.0,5.0,5.0,174.0,184.0,0.0,1359.0,20.798633015748216,102,4.719973060872723,Infinity,0.948360083740405,0.0,6795.0,1,ID93796,93646,176,49.895
93799,184,252,692.4974902398216,884.648633575014,1793.000000000001,0.5207910158918733,0.6868348327159405,1.7175749959953173,33.84286057903219,19.70386193204949,2.483893884032228,-1.843576762311176,3.1228627406014176,8.0,8.0,8.0,8.0,208.0,184.0,0.0,1793.0,23.889948219440264,102,4.9121677577534255,Infinity,0.9225623874453313,0.0,14344.0,1,ID93799,93649,176,26.2928
93800,192,127,948.086,71.554,500.00000000000006,0.5809158013294736,1.0,1.3190756425856853,14.515562667316539,11.004344405043192,1.0470383974607875,-0.05678425485814208,0.15493425830155536,1.0,1.0,1.0,1.0,104.0,192.0,0.0,500.0,12.6156626101008,62,4.651021393199563,Infinity,0.9469696969696972,0.0,500.0,1,ID93800,,,
93803,192,100,98.63794926004228,201.22357293868922,1891.999999999999,0.500285607321933,1.0,1.909287601596171,33.86337774487095,17.73613242790717,-0.7464103456723954,-0.2692452588242192,0.05867254671262244,3.0,3.0,3.0,3.0,218.0,192.0,0.0,1892.0,24.540625596339872,148,5.011825339601563,Infinity,0.9655524368461338,0.0,5676.0,1,ID93803,93793,184,55.3826
93805,192,105,1039.1314387211369,523.1873889875666,1126.0,0.6124365179955171,1.0,1.096899956702786,19.983996790750908,18.21861389330489,-1.4139768267208654,-0.038976253900647,0.3941718259395128,4.0,4.0,4.0,4.0,152.0,192.0,0.0,1126.0,18.931902488734416,86,4.529751658624339,Infinity,0.9636285836542576,0.0,4504.0,1,ID93805,93794,184,249.8276
93813,192,266,708.4959349593496,725.1138211382114,614.9999999999999,0.45729691880656154,0.5350329827063648,1.131881843649298,16.166917781299155,14.283220348490994,-1.4772733360563506,1.3832598046166513,-1.7234111335480025,7.0,7.0,7.0,7.0,130.0,192.0,0.0,615.0,13.991446672986722,70,5.242105950545827,Infinity,0.8447802197802197,0.0,4305.0,1,ID93813,93796,184,101.3955
93814,192,274,544.6542256542257,796.2809952809953,2330.9999999999995,0.6052109483899013,1.0,1.245295590514675,30.427554572293502,24.434001697314237,0.5005380206719974,-0.14482693130961755,0.20753030879681886,8.0,8.0,8.0,8.0,220.0,192.0,0.0,2331.0,27.239316156879124,128,4.556711617342134,Infinity,0.9734808937147628,0.0,18648.0,1,ID93814,,,
93821,192,271,623.2291220556746,866.9687366167024,2334.9999999999995,0.6174243621018572,0.9324137931034483,1.1123988233517343,28.84273459784794,25.928411638321222,-0.6158553739186449,0.09111666540992709,-0.21749750369468376,9.0,9.0,9.0,9.0,218.0,192.0,0.0,2335.0,27.262677495784434,124,4.511417825062452,Infinity,0.973119399874974,0.0,21015.0,1,ID93821,,,
93870,200,127,1000.3183486238532,97.68990825688073,1090.0,0.44219214778058813,1.0,2.341820887500869,29.04738841639246,12.403761778464231,1.7563359881819212,0.5267513840750533,-0.23221453286034568,1.0,1.0,1.0,1.0,176.0,200.0,0.0,1090.0,18.626802622574058,92,5.330886288775368,Infinity,0.8647362157873858,0.0,1090.0,1,ID93870,93800,192,58.4064
93871,200,100,34.35626822157435,231.065306122449,1714.9999999999977,0.4372884831512449,0.8828911253430923,2.348751697646534,35.75847004505701,15.224457349360197,2.4646012755653905,-0.21705208523269326,0.11315724242808692,2.0,2.0,2.0,2.0,222.0,200.0,0.0,1715.0,23.364534123435895,164,5.360692701420881,Infinity,0.957031249999999,0.0,3430.0,1,ID93871,93803,192,70.8708
93872,200,105,1032.8733153638814,563.8369272237197,742.0000000000001,0.5192830806334655,0.6339613408367998,1.0768754881963043,16.022052494999247,14.87827763805371,0.5397259543570341,0.12274953600634562,0.02946624236639261,3.0,3.0,3.0,3.0,134.0,200.0,0.0,742.0,15.368341990871127,94,4.91929475803616,Infinity,0.9446212603437304,0.0,2226.0,1,ID93872,93805,192,41.1284
93874,200,266,714.9985517740768,690.685734974656,1381.000000000001,0.6004898899110737,0.6909513897391945,1.176775975612724,22.630848352663367,19.231229071344636,2.00321317201284,0.2194362075140352,-0.23529058420777807,5.0,5.0,5.0,5.0,170.0,200.0,0.0,1381.0,20.96630517806643,86,4.574589007864659,Infinity,0.9576976421636624,0.0,6905.0,1,ID93874,93813,192,35.0368
93879,200,274,524.9358310083699,756.1020326823435,2508.9999999999995,0.6065140018357025,1.0,1.4157678899654675,33.92246540250766,23.960470952152388,0.16687669482143488,0.07025067409565339,0.5921940622450058,7.0,7.0,7.0,7.0,228.0,200.0,0.0,2509.0,28.260210622625067,122,4.551814095323952,Infinity,0.9753158406219627,0.0,17563.0,1,ID93879,93814,192,44.7567
93881,200,271,584.6329913180742,840.6400947119179,2533.9999999999995,0.6125573856722479,1.0,1.1524702383538041,30.601354121471495,26.552836770156134,1.7209609717617165,0.3163220582381966,-0.009622467932031085,8.0,8.0,8.0,8.0,228.0,200.0,0.0,2534.0,28.40065583027486,132,4.529304739215366,Infinity,0.9729314647725089,0.0,20272.0,1,ID93881,93821,192,46.7211
94009,208,100,37.74891774891775,212.45238095238096,1848.0000000000016,0.4712006512323628,0.8950606733891643,2.224380893388511,36.08868859732683,16.22414969693033,-0.5419132415700669,0.1109111079565941,-0.07072110424166395,1.0,1.0,1.0,1.0,222.0,208.0,0.0,1848.0,24.25359086130641,146,5.164187367711511,Infinity,0.9637548891786187,0.0,1848.0,1,ID94009,93871,200,18.9196
94010,208,105,1168.2602427921092,630.6684370257966,1317.9999999999998,0.5227394416653638,1.0,1.6840997524035108,26.450964018175682,15.70629292025335,-0.9643723525591096,-0.1661786691200335,-0.1154057191115204,2.0,2.0,2.0,2.0,178.0,208.0,0.0,1318.0,20.48249081508975,120,4.903004560242033,Infinity,0.9578488372093024,0.0,2636.0,1,ID94010,93872,200,150.9837
94011,208,266,782.1419525065963,653.2569920844327,1894.9999999999984,0.5953318078552653,1.0,1.2124210692218316,27.329431908144677,22.541205033401088,-1.3471661371854415,0.3505518150787243,0.34793249617413863,3.0,3.0,3.0,3.0,200.0,208.0,0.0,1895.0,24.560073988452945,110,4.594363875393968,Infinity,0.9585230146686894,0.0,5685.0,1,ID94011,93874,200,76.871
94012,208,274,483.62959349593496,740.0803252032521,3075.000000000001,0.5989458372985688,1.0,1.5310932347009856,39.06250828775743,25.51282142879178,3.116487885128849,-0.021456880200459955,0.19679810586171115,4.0,4.0,4.0,4.0,254.0,208.0,0.0,3075.0,31.28582586436159,132,4.580481744110555,Infinity,0.9751070239416523,0.0,12300.0,1,ID94012,93879,200,44.3046
94013,208,271,548.9464170432537,858.3266623628148,1549.0000000000005,0.6143576594382769,0.6310413814888912,1.0496470839874503,22.826590678881335,21.746919538104727,0.5695276366238526,0.2461440010490708,-0.012830500899819552,5.0,5.0,5.0,5.0,178.0,208.0,0.0,1549.0,22.20499974552335,102,4.522663680360862,Infinity,0.968730456535335,0.0,7745.0,1,ID94013,93881,200,39.829
94015,208,136,1187.1703832752614,20.670383275261322,2870.000000000001,0.525398922895094,0.4613034623217923,1.7449237790170653,42.12053893484344,24.138899040375506,0.2716384425710432,0.361420888923204,-1.6313408627500423,7.0,7.0,7.0,7.0,262.0,208.0,0.0,2870.0,30.224979294409444,100,4.89057972379995,Infinity,0.9531717037529062,0.0,20090.0,1,ID94015,,,
94016,208,127,970.9475186947654,70.74493541808293,7355.000000000006,0.5045509207606111,1.0,1.1965345479958407,54.38183004439929,45.44944409293255,0.17336801481427402,0.48074498773329916,-2.506339992417626,8.0,8.0,8.0,8.0,428.0,208.0,0.0,7355.0,48.385630231317464,234,4.990596187422332,Infinity,0.9332572008628356,0.0,58840.0,1,ID94016,93870,200,39.8582
94017,208,134,23.828832487309644,96.13116751269035,4925.000000000003,0.5752656089727,0.7067113318701628,1.3054576149469557,53.88749898935448,41.27862779485497,1.3326710005227287,-10.962615232325756,-1.7611240293418167,9.0,9.0,9.0,9.0,328.0,208.0,0.0,4925.0,39.59389080975966,132,4.673806479206871,Infinity,0.9826416600159622,0.0,44325.0,1,ID94017,,,
106182,208,271,594.1666666666666,859.5,232.3521955581855,0.9999999999999999,-0.11550475753970751,1.0,8.60000005364418,8.60000005364418,0.0,0.0,0.0,65504.0,38521.70397111913,36032.0,24720.0,54.03539397880077,208.0,0.0,-1.0,8.60000005364418,,3.544907701811032,-1.0252251356147868,1.0,9813.425083454356,1.0670512E7,1,ID106182,93881,200,21.1326
94019,216,127,1019.1563636363636,69.19878787878788,824.9999999999998,0.5141467842117792,1.0,1.63152246488877,21.012077661156283,12.878816022057528,1.1401845624447136,-0.4303037492993846,0.12329658968893785,1.0,1.0,1.0,1.0,142.0,216.0,0.0,825.0,16.205112036071434,82,4.943805429141819,Infinity,0.9151414309484192,0.0,825.0,1,ID94019,94016,208,48.2336
94022,216,134,39.27993254637437,130.74367622259697,1185.9999999999993,0.5821763886183582,1.0,1.2649031433744722,21.75059879207238,17.195465839421317,2.0789052801432693,-0.028284599726010707,0.05394503867379057,2.0,2.0,2.0,2.0,160.0,216.0,0.0,1186.0,19.429758748218557,100,4.645983233112329,Infinity,0.9642276422764222,0.0,2372.0,1,ID94022,94017,208,37.9046
94025,216,100,35.75611681136543,222.17127071823205,1267.0000000000005,0.3825834190790339,0.9279736241440527,3.0448069022976787,35.02391670925613,11.502836742397786,2.5959874720644898,0.46225707768038315,-0.26838443175969307,3.0,3.0,3.0,3.0,204.0,216.0,0.0,1267.0,20.082296327732617,138,5.731151117653934,Infinity,0.9462285287528007,0.0,3801.0,1,ID94025,94009,208,9.9211
94029,216,266,798.3970777825526,598.1882251826386,2327.0,0.5827874764750837,1.0,1.3493552123733787,32.03336787169117,23.739759240524762,1.8924776489634063,0.17546084836080486,0.16849649169771033,4.0,4.0,4.0,4.0,224.0,216.0,0.0,2327.0,27.215934765311314,124,4.643546797289357,Infinity,0.9611730689797604,0.0,9308.0,1,ID94029,94011,208,57.4178
94035,216,271,559.8181268882175,734.5776435045317,1655.0000000000005,0.6278632824165088,0.5862619808306709,1.108925884566674,24.337715114099847,21.9471070635258,1.5389024219611527,-0.34641789193835326,0.0832020162838836,5.0,5.0,5.0,5.0,182.0,216.0,0.0,1655.0,22.952186423828422,94,4.473756979382543,Infinity,0.9686859818554291,0.0,8275.0,1,ID94035,94013,208,124.2257
94037,216,105,1200.3683753258038,729.7393570807993,1151.0000000000002,0.5943414109601993,0.7581466395112016,1.343239194163107,22.444968355262052,16.709584155073873,-0.09643182122444381,0.14183037699850537,0.2163944692972864,6.0,6.0,6.0,6.0,156.0,216.0,0.0,1151.0,19.140916357310147,86,4.598190253301877,Infinity,0.9555832295558326,0.0,6906.0,1,ID94037,94010,208,104.144
94040,216,271,517.5747581354442,741.4925241864556,2274.000000000001,0.6012946464323873,0.6067427071767437,1.12649298299566,29.015568978653693,25.757434282007846,1.3095529924777012,0.037606011273912984,-0.30064114080471893,7.0,7.0,7.0,7.0,218.0,216.0,0.0,2274.0,26.90421307494312,114,4.571526729691235,Infinity,0.9570707070707076,0.0,15918.0,1,ID94040,106182,208,140.6843
94042,216,274,456.5205668855859,738.5589353612168,2893.000000000002,0.6007421208827601,0.6933808106921614,1.708757843863249,40.13082802266433,23.485380428121086,-0.12794229354911343,0.16349622939857533,-0.17329526241107493,8.0,8.0,8.0,8.0,246.0,216.0,0.0,2893.0,30.345848162964682,106,4.5736285506804135,Infinity,0.9722735674676529,0.0,23144.0,1,ID94042,94012,208,27.1517
106606,216,136,1187.5,14.166666666666666,232.3521955581855,0.9999999999999999,-0.029452691664037522,1.0,8.60000005364418,8.60000005364418,0.0,0.0,0.0,17824.0,13002.570397111913,12720.0,9392.0,54.03539397880077,216.0,0.0,-1.0,8.60000005364418,,3.544907701811032,-0.4194778312252953,1.0,1881.3018252067611,3601712.0,1,ID106606,94015,208,6.5121
94059,224,136,1175.231301939058,54.41759002770083,1444.0,0.46285683009730244,1.0,2.271280081607845,32.466666026985145,14.294435234954339,-0.5474543029655756,0.04295986760305182,-0.36736522381917236,1.0,1.0,1.0,1.0,198.0,224.0,0.0,1444.0,21.43920417481474,122,5.2105263157894735,Infinity,0.9468852459016394,0.0,1444.0,1,ID94059,106606,216,42.0792
94060,224,127,1011.1324828263002,102.63297350343474,1018.9999999999997,0.4536965581077095,1.0,1.862459222762666,25.11777600246761,13.486349497203665,2.9394711065113257,-0.5440759503003716,-0.31153164964367097,2.0,2.0,2.0,2.0,168.0,224.0,0.0,1019.0,18.009935425239107,102,5.262864513283765,Infinity,0.8868581375108787,0.0,2038.0,1,ID94060,94019,216,34.3835
94061,224,145,9.341441441441441,276.3927927927928,1109.9999999999995,0.41199998174440794,0.7116422513492676,2.5320813823043338,29.490241193709135,11.646640348846683,1.605138014353204,-0.037673335873036354,0.4982076986850048,3.0,3.0,3.0,3.0,184.0,224.0,0.0,1110.0,18.796913939900016,92,5.522762071726511,Infinity,0.9536082474226802,0.0,3330.0,1,ID94061,,,
94062,224,266,822.0443651198368,530.5135135135135,1960.999999999999,0.5807015923922689,1.0,1.1811462345305748,27.18487821924875,23.015675302942388,-1.2909645063811204,0.13676073879319714,-0.13272902731900746,4.0,4.0,4.0,4.0,206.0,224.0,0.0,1961.0,24.984108685450703,122,4.6518791474245935,Infinity,0.9579872984855882,0.0,7844.0,1,ID94062,94029,216,71.6872
94063,224,271,430.99443731279416,721.400513478819,2337.0,0.5852919349042847,0.360540257320836,1.1140534091446872,28.89387050138285,25.935803673511554,2.9203190321901547,0.08431335706419134,0.27162798368153196,5.0,5.0,5.0,5.0,224.0,224.0,0.0,2337.0,27.27435066159264,136,4.633601301191079,Infinity,0.9689054726368159,0.0,11685.0,1,ID94063,94035,216,129.4959
94064,224,271,466.91050295857985,760.1320266272189,2703.9999999999986,0.5998775888218909,0.5857429097365892,1.2306624339402958,32.70100630079477,26.571873325241373,1.9796518049603038,-0.21641917548589526,0.01059431945693679,6.0,6.0,6.0,6.0,238.0,224.0,0.0,2704.0,29.33785834448332,140,4.576923076923078,Infinity,0.9693493457608883,0.0,16224.0,1,ID94064,94040,216,53.9842
94065,224,105,1122.7232897770946,762.740199846272,1301.000000000001,0.552624667701504,1.0,1.5935154351257939,25.819975393771625,16.203153621623606,1.1780711640163641,-0.005313606829332453,-0.2385438379845061,7.0,7.0,7.0,7.0,172.0,224.0,0.0,1301.0,20.349967123440567,102,4.768587967812276,Infinity,0.9590858827865838,0.0,9107.0,1,ID94065,94037,216,84.3671
94066,224,274,416.44871794871796,762.8444055944055,1715.999999999999,0.6101146439067544,0.5566390747250256,1.3716492252953252,27.899725320795763,20.34027709583605,3.1020836645449155,0.7544542755885854,-0.08195572574658602,8.0,8.0,8.0,8.0,188.0,224.0,0.0,1716.0,23.371344948277677,80,4.538362766101517,Infinity,0.9533333333333327,0.0,13728.0,1,ID94066,94042,216,46.8566
94068,224,134,26.402540033130865,139.59690778575373,1810.9999999999986,0.29875153831396295,0.72202852614897,1.9197854938649914,33.69817148032118,17.553092044923535,0.6469447460041646,-0.30333784785897555,-1.5543067613302572,10.0,10.0,10.0,10.0,276.0,224.0,0.0,1811.0,24.00956484151357,148,6.48559547359811,Infinity,0.7248349009405638,0.0,18110.0,1,ID94068,94022,216,15.6271
94148,232,136,1200.6328273244783,100.60626185958255,1053.9999999999998,0.517381040138069,0.9175257731958764,1.2941582508209581,20.878369073648834,16.132779017098176,2.040594512703832,0.06476741431981382,-0.034797526727737615,1.0,1.0,1.0,1.0,160.0,232.0,0.0,1054.0,18.316621414379764,98,4.92832882906958,Infinity,0.9161234245980007,0.0,1054.0,1,ID94148,94059,224,52.7127
94149,232,127,929.3841554559043,107.59267563527654,1338.0000000000014,0.4860042745407732,1.0,2.0148220446395437,29.592414099549952,14.687358706582001,1.1418758388815315,-0.08022671002374489,-0.7920158538509537,2.0,2.0,2.0,2.0,186.0,232.0,0.0,1338.0,20.637311542783678,112,5.084928931868413,Infinity,0.9330543933054403,0.0,2676.0,1,ID94149,94060,224,81.8986
94150,232,145,36.34233485666805,238.34524304113003,2407.000000000002,0.5430776728806835,0.9887083448085926,1.3465671141472777,32.420423004140034,24.0763513853303,1.5401275247425834,0.20213744221314656,-0.6898462061904386,3.0,3.0,3.0,3.0,236.0,232.0,0.0,2407.0,27.679810260267043,136,4.810319885335295,Infinity,0.9441066875858019,0.0,7221.0,1,ID94150,94061,224,46.6547
94151,232,266,851.7294580419581,479.87194055944053,2288.0000000000005,0.5435133452864611,1.0,1.5941307699187786,34.32233135998435,21.530436528574803,1.9662900817958753,0.5766772861615328,-0.14518908069525813,4.0,4.0,4.0,4.0,230.0,232.0,0.0,2288.0,26.986904594423443,128,4.808391557540771,Infinity,0.9549248747913188,0.0,9152.0,1,ID94151,94062,224,58.7007
94152,232,271,405.2735170017374,768.5251923554232,4029.000000000002,0.5407098466962826,0.7022984620584756,1.3717249436664434,41.838041200531286,30.500313779163054,0.1418296770920776,-0.12238187081278816,0.19588053931421975,5.0,5.0,5.0,5.0,306.0,232.0,0.0,4029.0,35.8115977224487,172,4.8208408321696234,Infinity,0.9619195416020059,0.0,20145.0,1,ID94152,94064,224,62.2058
94153,232,271,355.7852090032154,790.5543408360129,1555.0000000000002,0.3825809833449862,0.430052607385464,1.400267906394267,26.894602936183862,19.20675523117451,-1.4364769239404773,-1.1808976262984041,0.11006148074603184,9.0,6.001929260450161,6.0,6.0,226.0,232.0,0.0,1555.0,22.247963345344548,126,5.731169361553002,47.44979943389999,0.8631695809048016,0.07607746940114606,9333.0,1,ID94153,94063,224,102.1699
94154,232,105,1079.4883720930231,836.7493540051679,1548.000000000001,0.5168652808754387,1.0,1.6206844718968914,28.25112745700416,17.43160247838884,-0.8834319817111592,0.02762534970227858,0.3103226844212139,7.0,7.0,7.0,7.0,194.0,232.0,0.0,1548.0,22.197831060995764,124,4.930787107420882,Infinity,0.949984657870513,0.0,10836.0,1,ID94154,94065,224,85.7124
94155,232,149,52.473193473193476,33.36208236208236,2574.0000000000005,0.34544232946046943,0.7405612532401668,2.0453885194879713,40.2657627231985,19.68611945337327,-0.8619659427457276,0.8122830799808899,0.7897976350204963,8.0,8.0,8.0,8.0,306.0,232.0,0.0,2574.0,28.62393486292682,160,6.031386439088641,Infinity,0.7817767653758544,0.0,20592.0,1,ID94155,,,
106281,232,274,471.5,768.8333333333334,232.3521955581855,0.9999999999999999,-0.17197582224814154,1.0,8.60000005364418,8.60000005364418,0.0,0.0,0.0,20096.0,15174.469314079422,14992.0,12000.0,54.03539397880077,232.0,0.0,-1.0,8.60000005364418,,3.544907701811032,-4.407298562750242,1.0,1430.1955159099314,4203328.0,1,ID106281,94066,224,55.3761
94232,240,149,31.750925925925927,65.30648148148148,1079.9999999999998,0.6195982589256712,1.0,1.0951343283402168,19.48807639691021,17.795147035931468,1.7021181615024021,-0.018933534925234082,0.3439623509561732,1.0,1.0,1.0,1.0,148.0,240.0,0.0,1080.0,18.5411616971131,84,4.503496583931366,Infinity,0.9660107334525935,0.0,1080.0,1,ID94232,94155,232,38.077
94233,240,127,999.003717472119,94.83271375464685,1345.0000000000014,0.5848362794572008,1.0,1.167932351389136,22.414511853177782,19.191618270114716,-0.284899758318036,0.05002357536991486,-0.4826094196835735,2.0,2.0,2.0,2.0,170.0,240.0,0.0,1345.0,20.691225118808187,104,4.6354060067682985,Infinity,0.964157706093191,0.0,2690.0,1,ID94233,94149,232,70.7792
94234,240,145,143.87911025145067,213.6619922630561,2068.0,0.5468238033518804,0.6272786885245902,1.5498847934556197,31.99598561491979,20.644105774843826,0.6495511711871823,0.20091087056891035,0.08077664675999871,3.0,3.0,3.0,3.0,218.0,240.0,0.0,2068.0,25.65667251667837,134,4.793814518755613,Infinity,0.9582947173308621,0.0,6204.0,1,ID94234,94150,232,110.3332
94235,240,266,857.4448455675893,414.4757320497393,2492.9999999999995,0.5721375181093836,1.0,1.1061103668909287,29.48003082777464,26.651979504213077,-1.160520886737547,-0.06814604116985182,-0.16197014392835635,4.0,4.0,4.0,4.0,234.0,240.0,0.0,2493.0,28.169958222478606,148,4.686565791383655,Infinity,0.9629200463499422,0.0,9972.0,1,ID94235,94151,232,65.6455
94236,240,105,1129.424447174447,743.9514742014742,1627.999999999999,0.5013736731736281,1.0,1.9763013082758913,31.980860918842616,16.18217869153892,2.011626870523712,0.08295916066156951,0.20662380326053056,5.0,5.0,5.0,5.0,202.0,240.0,0.0,1628.0,22.76419325843134,126,5.00638413067576,Infinity,0.9565217391304343,0.0,8140.0,1,ID94236,94154,232,105.3805
94238,240,161,55.78447586022939,238.095492131235,7498.000000000001,0.3622554666146293,0.8211131993638859,2.154489004942525,72.37637562824501,33.59329078134506,2.213143481466279,4.016316564947342,-4.473523233675041,7.0,7.0,7.0,7.0,510.0,240.0,0.0,7498.0,48.85373605576203,312,5.889758099174459,Infinity,0.8792213883677299,0.0,52486.0,1,ID94238,,,
106310,240,274,280.8333333333333,790.1666666666666,232.3521955581855,0.9999999999999999,-0.08448437145552799,1.0,8.60000005364418,8.60000005364418,0.0,0.0,0.0,53840.0,35485.342960288806,33552.0,26656.0,54.03539397880077,240.0,0.0,-1.0,8.60000005364418,,3.544907701811032,-1.1174915427474459,1.0,5860.644421094221,9829440.0,1,ID106310,106281,232,191.8564
106313,240,271,319.5,810.1666666666666,232.3521955581855,0.9999999999999999,0.09158448927532924,1.0,8.60000005364418,8.60000005364418,0.0,0.0,0.0,65504.0,63879.85559566787,65504.0,51376.0,54.03539397880077,240.0,0.0,-1.0,8.60000005364418,,3.544907701811032,3.5312356995318743,1.0,3035.510831484117,1.769472E7,1,ID106313,94152,232,95.3473
106315,240,271,319.5,840.8333333333334,232.3521955581855,0.9999999999999999,0.014655358122976815,1.0,8.60000005364418,8.60000005364418,0.0,0.0,0.0,65504.0,47449.58844765343,46672.0,32624.0,54.03539397880077,240.0,0.0,-1.0,8.60000005364418,,3.544907701811032,0.16967195186473025,1.0,8078.491494704381,1.3143536E7,1,ID106315,94153,232,62.0048
94307,248,127,917.1310741687979,46.95332480818414,1564.000000000001,0.5222075576803528,1.0,1.813377623353052,30.573757826765945,16.860116410961936,-0.2906253814194134,-0.4509843099132287,-0.5114666521324234,1.0,1.0,1.0,1.0,194.0,248.0,0.0,1564.0,22.312253628700283,106,4.905500853014483,Infinity,0.9312295325989883,0.0,1564.0,1,ID94307,94233,240,94.845
94309,248,145,149.70054305663305,197.82467028704423,2578.0000000000045,0.6231937412245692,0.7319449109842122,1.1863659856263291,31.879498200001102,26.871554466533922,1.5025411948678409,0.9114626371779918,-0.3643807111537879,3.0,3.0,3.0,3.0,228.0,248.0,0.0,2578.0,28.646167048696302,118,4.490486452523241,Infinity,0.9684447783621353,0.0,7734.0,1,ID94309,94234,240,16.8733
94310,248,266,870.3429586850289,407.43758329631277,2251.0,0.5952129503602915,1.0,1.2518472086529886,30.057971727460195,24.010894875743777,0.15774897761647683,-0.17914666443327096,-0.3362046169617547,4.0,4.0,4.0,4.0,218.0,248.0,0.0,2251.0,26.767808162038836,128,4.594822574522023,Infinity,0.9702586206896552,0.0,9004.0,1,ID94310,94235,240,14.6934
94311,248,105,1126.7057877813504,711.3609324758843,1244.0000000000002,0.5956624388150744,1.0,1.2582663121084936,22.399427012807482,17.801817307873772,0.6971726050799838,-0.3725691105359877,0.013782124539532124,5.0,5.0,5.0,5.0,162.0,248.0,0.0,1244.0,19.899183360445615,84,4.593088614702315,Infinity,0.9521622655951016,0.0,6220.0,1,ID94311,94236,240,32.7037
94314,248,310,34.26054674316571,224.16199797502532,2963.0,0.21935477030319908,0.48108344528101477,4.2335954027740215,63.49117956549992,14.996988026748602,-1.002890741797826,0.47247203151760336,-0.8048366845643886,8.0,8.0,8.0,8.0,412.0,248.0,0.0,2963.0,30.710783004713047,294,7.56887599987285,Infinity,0.7531774275546517,0.0,23704.0,1,ID94314,,,
94316,248,161,63.9349123461395,240.1072361059306,5362.0000000000055,0.27388819928051,0.6252315360522682,2.6571859387972037,70.07476836816353,26.371797074872163,-0.8058157288489268,2.330016708718514,-3.2522134344743105,9.0,9.0,9.0,9.0,496.0,248.0,0.0,5362.0,41.31316508956301,386,6.773580112611197,Infinity,0.8806043685334217,0.0,48258.0,1,ID94316,94238,240,8.395
94317,248,155,63.750297872340425,489.615829787234,5875.000000000005,0.4030233391527655,0.8155129789864031,2.3519766980705885,67.35752389642713,28.638686748760282,0.4235831125217133,3.472889155381149,0.9582569094084156,10.0,10.0,10.0,10.0,428.0,248.0,0.0,5875.0,43.244312705022516,260,5.583928305337463,Infinity,0.8829275623685011,0.0,58750.0,1,ID94317,,,
106362,248,274,263.5,764.8333333333334,232.3521955581855,0.9999999999999999,0.10308324442329363,1.0,8.60000005364418,8.60000005364418,0.0,0.0,0.0,65504.0,62853.660649819496,65504.0,43536.0,54.03539397880077,248.0,0.0,-1.0,8.60000005364418,,3.544907701811032,2.259246266826047,1.0,5199.682070862335,1.7410464E7,1,ID106362,106310,240,30.6956
106364,248,271,231.5,784.8333333333334,232.3521955581855,0.9999999999999999,0.13432481841935126,1.0,8.60000005364418,8.60000005364418,0.0,0.0,0.0,65504.0,54724.06859205776,61552.0,21600.0,54.03539397880077,248.0,0.0,-1.0,8.60000005364418,,3.544907701811032,0.9676976778089847,1.0,13393.297113262286,1.5158567E7,1,ID106364,106315,240,104.3072
106366,248,271,276.8333333333333,792.8333333333334,232.3521955581855,0.9999999999999999,-0.030542984076366454,1.0,8.60000005364418,8.60000005364418,0.0,0.0,0.0,65504.0,47155.638989169674,45696.0,33184.0,54.03539397880077,248.0,0.0,-1.0,8.60000005364418,,3.544907701811032,-0.3556099072542723,1.0,8355.50466040613,1.3062112E7,1,ID106366,106313,240,46.0531
107407,248,158,13.356603773584904,87.25849056603774,232.3521955581855,0.9999999999999999,-0.043803452635538746,1.0,8.60000005364418,8.60000005364418,0.0,0.0,0.0,20608.0,13861.83393501805,13696.0,10736.0,54.03539397880077,248.0,0.0,-1.0,8.60000005364418,,3.544907701811032,-0.7694824518428727,1.0,1650.4909198993882,3839728.0,1,ID107407,,,
94364,256,127,933.5274193548387,13.406451612903226,1239.9999999999998,0.526713749384984,0.7799043062200958,2.224935664432723,29.90880132091731,13.442546586416897,0.10042820778132794,0.14574622423685668,-0.32727241297964954,1.0,1.0,1.0,1.0,172.0,256.0,0.0,1240.0,19.867165345562018,82,4.884471774524758,Infinity,0.9560524286815727,0.0,1240.0,1,ID94364,94307,248,37.3394
94366,256,310,88.27970749542962,188.87812309567337,1641.0000000000002,0.5155353544540852,0.9311562224183583,1.400316818645796,27.273395192227994,19.47658903261854,0.6823626521712002,0.10048055744447969,0.35004207998315423,2.0,2.0,2.0,2.0,200.0,256.0,0.0,1641.0,22.85490151428355,126,4.937142986113124,Infinity,0.9480069324090122,0.0,3282.0,1,ID94366,94314,248,64.5215
94369,256,145,196.87399193548387,216.6391129032258,2976.0000000000055,0.579662703024567,1.0,1.2053674088837512,33.67895172000037,27.94081826983299,0.8382749477576869,-0.09821124692813234,0.1509439429570534,3.0,3.0,3.0,3.0,254.0,256.0,0.0,2976.0,30.778080207884358,160,4.656045901927963,Infinity,0.971913781841935,0.0,8928.0,1,ID94369,94309,248,50.787
94370,256,266,866.6078728236184,397.0344436033308,2641.9999999999955,0.5763949854711263,1.0,1.1588584088761684,31.151219588270813,26.88095400583103,-1.105331134490539,0.3172388304325113,0.23467968721321844,4.0,4.0,4.0,4.0,240.0,256.0,0.0,2642.0,28.99956412254456,154,4.66922535384578,Infinity,0.9713235294117629,0.0,10568.0,1,ID94370,94310,248,11.0533
94372,256,155,130.065625,573.7270833333333,959.9999999999998,0.47123889803846886,1.0,1.9952930356174314,24.607175814849573,12.332612491295059,-0.9882750102882292,-0.039987824395271175,0.11295671269591971,5.0,5.0,5.0,5.0,160.0,256.0,0.0,960.0,17.480774889473263,102,5.163977794943223,Infinity,0.9177820267686422,0.0,4800.0,1,ID94372,94317,248,107.1094
94373,256,105,1138.3560767590618,732.72921108742,1876.0000000000011,0.5147722786386981,1.0,1.8024546078066954,32.69298392988376,18.13803453817125,-0.9471406244430667,0.35263553483589477,-0.24638369553829423,6.0,6.0,6.0,6.0,214.0,256.0,0.0,1876.0,24.43663942690958,138,4.940800932973827,Infinity,0.9660144181256444,0.0,11256.0,1,ID94373,94311,248,24.3379
94378,256,169,29.981220657276996,30.063518365092516,3620.9999999999977,0.5485969810305089,0.2317373926354282,1.6077407076242056,48.049706163948734,29.88647730077872,1.791514150504292,0.8650518192259249,-7.764906591731056,8.0,8.0,8.0,8.0,288.0,256.0,0.0,3621.0,33.949964622536875,146,4.78606095376874,Infinity,0.9689590580679682,0.0,28968.0,1,ID94378,,,
94381,256,158,22.044679600235156,113.63521457965902,3402.000000000001,0.3698165469727502,0.43601528973102277,2.856391196017422,57.54616319028266,20.146457274660943,1.2141030680197185,-0.6012734780564137,-1.334792579839593,9.0,9.0,9.0,9.0,340.0,256.0,0.0,3402.0,32.90729756144154,172,5.829237665234583,Infinity,0.909625668449198,0.0,30618.0,1,ID94381,107407,248,27.7707
106421,256,271,247.5,807.5,232.3521955581855,0.9999999999999999,0.05867720304725003,1.0,8.60000005364418,8.60000005364418,0.0,0.0,0.0,65504.0,60281.12635379061,65504.0,39120.0,54.03539397880077,256.0,0.0,-1.0,8.60000005364418,,3.544907701811032,0.9038980526216497,1.0,7392.609164764692,1.6697872E7,1,ID106421,106364,248,27.7449
106423,256,274,294.1666666666667,792.8333333333334,232.3521955581855,0.9999999999999999,-0.11049836730458996,1.0,8.60000005364418,8.60000005364418,0.0,0.0,0.0,63296.0,35094.12274368231,33568.0,20400.0,54.03539397880077,256.0,0.0,-1.0,8.60000005364418,,3.544907701811032,-0.8569479742976657,1.0,10174.639752164627,9721072.0,1,ID106423,106362,248,41.5264
106425,256,271,282.1666666666667,824.8333333333334,232.3521955581855,0.9999999999999999,-0.1757057222294514,1.0,8.60000005364418,8.60000005364418,0.0,0.0,0.0,65504.0,34300.30324909747,31504.0,19840.0,54.03539397880077,256.0,0.0,-1.0,8.60000005364418,,3.544907701811032,-1.4996675569830293,1.0,9750.717620288537,9501184.0,1,ID106425,106366,248,32.4414
94436,264,127,982.5392022008253,15.830811554332875,726.9999999999992,0.5087854442325189,0.7468962755306369,2.0165807220774217,21.934161885656945,10.876907453057976,0.9315558836454716,-0.31813440500678647,-0.4743979641312878,1.0,1.0,1.0,1.0,134.0,264.0,0.0,727.0,15.212208493693991,78,4.969784908400306,Infinity,0.9453836150845243,0.0,727.0,1,ID94436,94364,256,49.0717
94437,264,169,7.876944837340877,45.08769448373409,707.0000000000002,0.453286940017956,0.71671388101983,2.3623528354377665,23.647582557332136,10.0101823074833,1.6876736534647336,-0.6026354203094696,0.15474621692031254,2.0,2.0,2.0,2.0,140.0,264.0,0.0,707.0,15.00150290910681,62,5.265241901112209,Infinity,0.9272131147540988,0.0,1414.0,1,ID94437,94378,256,26.7269
94438,264,310,128.0804224207961,151.26320064987814,1231.0000000000005,0.46700888257082923,0.5721583652618135,1.6756080403889433,26.534360075857208,15.835660510257538,2.922296927855356,0.13189989530674848,0.5908211517910286,3.0,3.0,3.0,3.0,182.0,264.0,0.0,1231.0,19.794935460673937,102,5.187311896504447,Infinity,0.9024926686217012,0.0,3693.0,1,ID94438,94366,256,54.7629
94439,264,158,27.492957746478872,158.593896713615,1278.0000000000016,0.5304472732577303,0.8994302700024771,1.4065268598104572,23.87099047682952,16.97158522806053,0.5216122675139763,0.10189119548326224,0.3538784021889777,4.0,4.0,4.0,4.0,174.0,264.0,0.0,1278.0,20.16928443308996,118,4.867251878120793,Infinity,0.954800149420995,0.0,5112.0,1,ID94439,94381,256,45.2876
94442,264,145,189.48468345813478,221.41763104152486,2938.0000000000005,0.6201289449238655,0.9984883984581663,1.109277192734578,32.58297360542292,29.373157420734245,0.7986636837562009,0.3475813943560206,-0.31750812030579145,6.0,6.0,6.0,6.0,244.0,264.0,0.0,2938.0,30.580949063231788,130,4.501569199209948,Infinity,0.9714002314432143,0.0,17628.0,1,ID94442,94369,256,8.7998
94443,264,266,866.8941669577366,410.1096751659099,2862.9999999999986,0.5756403051025647,1.0,1.1220310925743067,31.88939385775959,28.421132060248777,-1.2168821991272256,0.19591125503866358,-0.02475307422319125,7.0,7.0,7.0,7.0,250.0,264.0,0.0,2863.0,30.188097060666017,160,4.672285093144167,Infinity,0.9703440094899165,0.0,20041.0,1,ID94443,94370,256,13.0784
94444,264,155,147.87196896217264,550.9650824442289,1030.9999999999998,0.5607655861930533,1.0,1.2944588828888968,20.66124122199483,15.961295870506364,0.4405572200625538,-0.18805530338209417,0.11554619857678382,8.0,8.0,8.0,8.0,152.0,264.0,0.0,1031.0,18.115669809738975,98,4.733847414968678,Infinity,0.9586238958623894,0.0,8248.0,1,ID94444,94372,256,28.8994
94445,264,105,1101.4900398406373,787.2060330108139,1756.999999999999,0.5006601625720875,1.0,1.8535567239161281,32.07182737124292,17.302857235187663,-0.8697286141217123,0.5141210228100069,-0.46247116304974295,9.0,9.0,9.0,9.0,210.0,264.0,0.0,1757.0,23.64889997494429,134,5.009950258597934,Infinity,0.9538545059717694,0.0,15813.0,1,ID94445,94373,256,65.7786
94446,264,174,33.923314065510596,254.42157996146435,2595.000000000001,0.3772702548042721,0.7072368421052632,2.507966689789916,50.10809162298643,19.979568240271888,-0.25601122464707654,-6.416887622671076,0.9208823166180347,10.0,10.0,10.0,10.0,294.0,264.0,0.0,2595.0,28.74046197692266,140,5.771366434409724,Infinity,0.8740316604917481,0.0,25950.0,1,ID94446,,,
94583,272,127,1014.694894146949,29.372353673723538,802.9999999999987,0.545566371287327,1.0,1.09413400247899,16.86200373813603,15.411278417389115,-0.8576065407463671,0.1997831428377678,0.1372447188920923,1.0,1.0,1.0,1.0,136.0,272.0,0.0,803.0,15.987583888930294,92,4.799335778035985,Infinity,0.9491725768321498,0.0,803.0,1,ID94583,94436,264,34.8907
94584,272,310,175.4468085106383,114.69732326698696,2913.9999999999995,0.5953824787045171,1.0,1.2530774345835518,33.99263871957274,27.127324921360398,2.3658242004749637,-0.050841369669827004,0.10269357420620806,2.0,2.0,2.0,2.0,248.0,272.0,0.0,2914.0,30.4557877642258,150,4.594168366388351,Infinity,0.9744189934793511,0.0,5828.0,1,ID94584,94438,264,59.8384
94585,272,169,55.42746113989637,136.89550949913644,1158.0000000000007,0.528083073429668,1.0,1.7810251339242078,25.87315754614775,14.52711534123066,-1.4699748674108948,-0.20519430520874346,0.2273786490543059,3.0,3.0,3.0,3.0,166.0,272.0,0.0,1158.0,19.199032480852512,94,4.878134924889136,Infinity,0.9453061224489804,0.0,3474.0,1,ID94585,94437,264,103.3911
94586,272,145,238.13909412142627,234.10343719884355,3112.9999999999977,0.5969102740859997,1.0,1.1868377583527208,34.25739254789419,28.864427599137024,0.9385002751630296,-0.12190510924627826,0.00756644910201372,4.0,4.0,4.0,4.0,256.0,272.0,0.0,3113.0,31.478543099866293,152,4.588285198905508,Infinity,0.9734208880550335,0.0,12452.0,1,ID94586,94442,264,50.281
94587,272,158,21.723860589812332,224.4798927613941,1119.0000000000007,0.5632818745981382,0.5963669218697989,1.063136174870714,19.784941975306708,18.609979081666296,0.006660580235006819,0.046368279851234206,0.7087540836427667,5.0,5.0,5.0,5.0,158.0,272.0,0.0,1119.0,18.87296380115381,94,4.723262076892012,Infinity,0.9423157894736844,0.0,5595.0,1,ID94587,94439,264,66.1381
94588,272,174,72.47738209817132,237.71992300288738,2077.9999999999995,0.5023260644936587,0.8903320361853743,2.0245567122891703,36.67288267649763,18.11403081666778,2.697265391122635,-0.07552145245444769,-0.11625488693961107,6.0,6.0,6.0,6.0,228.0,272.0,0.0,2078.0,25.718630280205765,136,5.001635921019168,Infinity,0.962037037037037,0.0,12468.0,1,ID94588,94446,264,42.0162
94589,272,266,858.2059654631083,425.4646781789639,3184.9999999999995,0.5830646583347991,1.0,1.1759050956532473,34.715915376309034,29.522718716533326,-1.0918010086136016,-1.0112788892462266,-0.16750401194628514,7.0,7.0,7.0,7.0,262.0,272.0,0.0,3185.0,31.840492890270607,150,4.642442923196088,Infinity,0.9692635423006694,0.0,22295.0,1,ID94589,94443,264,17.6426
94590,272,155,206.44835164835166,650.1175824175824,910.0000000000002,0.583438635666676,1.0,1.2060144259767343,18.787999951546986,15.578586413948445,-1.4153018138518205,0.24680781423784287,-0.0848480438091042,8.0,8.0,8.0,8.0,140.0,272.0,0.0,910.0,17.01945934591489,82,4.6409548089225705,Infinity,0.9563846558066214,0.0,7280.0,1,ID94590,94444,264,115.1625
94591,272,105,1086.792461832061,820.9012404580153,2096.0000000000014,0.5066773008559718,1.0,1.9846450818285364,36.2694677659126,18.275039752949695,2.0488829758872478,-0.023146692012180746,0.05084505759916659,9.0,9.0,9.0,9.0,228.0,272.0,0.0,2096.0,25.829779740470606,144,4.980113122967914,Infinity,0.9667896678966796,0.0,18864.0,1,ID94591,94445,264,36.7612
94673,280,127,1030.6937119675456,74.59026369168357,986.0000000000003,0.50914042676521,1.0,1.3066610803381102,20.38463270831678,15.600550911826403,-0.8316224480742888,0.1288541135872111,-0.10886956790463699,1.0,1.0,1.0,1.0,156.0,280.0,0.0,986.0,17.71591227617753,112,4.968052091328159,Infinity,0.939942802669209,0.0,986.0,1,ID94673,94583,272,47.9648
94674,280,310,185.6169172932331,93.78082706766918,2660.0000000000023,0.5523588114580512,1.0,1.2444137802806945,32.316749036888105,25.969456099721604,-0.7749877635185376,0.007679749039012603,-0.03152752880833038,2.0,2.0,2.0,2.0,246.0,280.0,0.0,2660.0,29.0981837448471,158,4.769735416126308,Infinity,0.9625474941197761,0.0,5320.0,1,ID94674,94584,272,23.2579
94675,280,169,56.56780923994039,196.0655737704918,671.0000000000002,0.483932201689337,0.7004082781923131,1.891375733406961,20.49555728067741,10.836322428520578,2.8339745274831003,-0.07499498218370552,-0.22682726403542863,3.0,3.0,3.0,3.0,132.0,280.0,0.0,671.0,14.61457948862449,76,5.095803480782407,Infinity,0.9037037037037039,0.0,2013.0,1,ID94675,94585,272,59.1811
94677,280,145,236.6071540633825,228.53498588013807,3186.999999999996,0.6110995963739415,1.0,1.248113103055917,35.79988333403092,28.683204467910347,0.5708482002505008,0.2565178464069163,-0.21304648743696009,5.0,5.0,5.0,5.0,256.0,280.0,0.0,3187.0,31.850488336409217,142,4.534703890964227,Infinity,0.9750650145326591,0.0,15935.0,1,ID94677,94586,272,5.7753
94678,280,174,14.32618025751073,247.45922746781116,699.0,0.47490771298859547,0.713235294117647,1.9926677964041442,22.3480892659354,11.215160553235968,2.4835104870841493,-1.5148715802647486,0.10720723068327682,6.0,6.0,6.0,6.0,136.0,280.0,0.0,699.0,14.916387312029334,74,5.14399242641119,Infinity,0.9344919786096256,0.0,4194.0,1,ID94678,94588,272,58.9611
94679,280,266,850.3040991420401,428.24721957419763,3147.000000000001,0.6034296924345143,1.0,1.3285569891577904,36.694414094935745,27.619751651148487,1.5776847423096476,-0.23609316967192312,0.6892852281842471,7.0,7.0,7.0,7.0,256.0,280.0,0.0,3147.0,31.649979649604667,142,4.563432109190304,Infinity,0.9744542498838831,0.0,22029.0,1,ID94679,94589,272,8.3775
94680,280,293,210.7425068119891,645.6263623978201,2936.000000000001,0.5998774733961781,0.7329201711671831,1.0182032886900005,30.85456076562399,30.302947464764955,0.1273137018728403,-0.014204754865550817,-0.0024656402247595815,8.0,8.0,8.0,8.0,248.0,280.0,0.0,2936.0,30.570538527078806,148,4.576923517258485,Infinity,0.9734748010610081,0.0,23488.0,1,ID94680,,,
94682,280,155,135.07238413760152,686.1282847587196,4186.000000000001,0.3191222026238656,0.6912220217092683,2.4678469727804018,58.107993347610396,23.54602776773593,2.597047808202052,-2.059753225650515,0.20110375409667683,10.0,10.0,10.0,10.0,406.0,280.0,0.0,4186.0,36.502673649547205,280,6.275183377512141,Infinity,0.7910800340168196,0.0,41860.0,1,ID94610,94590,272,79.9456
94684,280,177,580.6297717632801,807.4655625126237,4951.000000000013,0.5196974582486253,1.0,1.552927914020056,51.39951623879417,33.09845600349634,1.1941331558329065,2.47520330579985,-0.48109421094981086,12.0,12.0,12.0,12.0,346.0,280.0,0.0,4951.0,39.69826503130775,196,4.9173331820313315,Infinity,0.9545936566085056,0.0,59412.0,1,ID94684,,,
94751,288,127,1097.8816466552316,44.00686106346484,583.0,0.5444555639247471,0.5498449268941072,1.07924056765766,14.220167342859728,13.176086749335788,1.510503312931104,-0.07193284147294352,0.26337694346390433,1.0,1.0,1.0,1.0,116.0,288.0,0.0,583.0,13.622579184763433,68,4.804229126062976,Infinity,0.933546837469976,0.0,583.0,1,ID94751,94673,280,73.8212
94753,288,310,178.53461036134087,129.79451458424032,2297.000000000001,0.5856860908445546,1.0,1.3203592437124099,31.051495424140487,23.51745979134742,0.6062749345821608,-0.029899708387260332,-0.2615353065762124,3.0,3.0,3.0,3.0,222.0,288.0,0.0,2297.0,27.03992989199801,132,4.632041874659869,Infinity,0.9673615497999585,0.0,6891.0,1,ID94753,94674,280,36.7035
94754,288,174,149.7988136431043,240.4340088976767,2023.0000000000016,0.46427364586252884,0.8855145631067962,2.253661913362177,38.167436505645355,16.935741904917936,-0.34845267768348664,-0.8225219260768396,-0.16741007069876965,4.0,4.0,4.0,4.0,234.0,288.0,0.0,2023.0,25.375990616127858,136,5.202569804950537,Infinity,0.9484294421003289,0.0,8092.0,1,ID94754,94678,280,135.6547
94755,288,145,286.61044417767107,263.4387755102041,3331.9999999999945,0.6099753348733276,1.0,1.2365418304562947,36.23732533140194,29.305377657972194,0.6385579307825158,-0.16376579340132436,0.0031173890554390686,5.0,5.0,5.0,5.0,262.0,288.0,0.0,3332.0,32.56698544176892,154,4.538880982822806,Infinity,0.9784172661870486,0.0,16660.0,1,ID94755,94677,280,60.9804
94756,288,266,842.0414925373134,424.1546268656716,3350.0000000000014,0.5861180323861557,1.0,1.2732873396529505,37.53410273086947,29.478108799149638,1.2405657748979841,-1.4101102347653804,-0.025237166854530726,6.0,6.0,6.0,6.0,268.0,288.0,0.0,3350.0,32.65483300700984,140,4.63033476111609,Infinity,0.9641675061159883,0.0,20100.0,1,ID94756,94679,280,9.2206
94759,288,177,571.3797953964195,813.2583120204604,782.0,0.47390537328457144,1.0,1.8034701753161138,21.297089779340844,11.80895036182557,0.7105780392233937,0.09634352583989715,-0.08880701890493584,9.0,9.0,9.0,9.0,144.0,288.0,0.0,782.0,15.777145844408118,90,5.1494294869354915,Infinity,0.9071925754060325,0.0,7038.0,1,ID94759,94684,280,10.9141
94760,288,191,1049.6684245220831,883.2452208305867,1517.0,0.6016659582749294,0.722558667676003,1.6184340877111274,30.97758572969928,19.14046791581693,-1.0478152449928189,-1.2857026765904787,4.586918238359057,10.0,10.0,10.0,10.0,178.0,288.0,0.0,1517.0,21.974441911930562,82,4.5701158770715615,Infinity,0.9721243191284845,0.0,15170.0,1,ID94760,,,
94761,288,185,52.43943486391024,284.8599626012882,4813.0,0.4772277945249234,0.8063426534058924,1.5675279763556471,50.029783672328364,31.916357747338477,-0.2824853093001093,0.5121292704258771,1.7425759187238974,11.0,11.0,11.0,11.0,356.0,288.0,0.0,4813.0,39.14109710013996,212,5.13147322439981,Infinity,0.9439105707001373,0.0,52943.0,1,ID94761,,,
106716,288,293,80.83333333333333,711.5,232.3521955581855,0.9999999999999999,-0.04394343039980034,1.0,8.60000005364418,8.60000005364418,0.0,0.0,0.0,65504.0,48945.15523465704,47456.0,27872.0,54.03539397880077,288.0,0.0,-1.0,8.60000005364418,,3.544907701811032,-0.3948168440425487,1.0,11396.051410995251,1.3557808E7,1,ID106716,94680,280,145.6562
106718,288,293,76.83333333333333,736.8333333333334,232.3521955581855,0.9999999999999999,-0.08878431312496529,1.0,8.60000005364418,8.60000005364418,0.0,0.0,0.0,60608.0,40029.68953068592,42656.0,20560.0,54.03539397880077,288.0,0.0,-1.0,8.60000005364418,,3.544907701811032,-0.7090405795737681,1.0,11001.608281852134,1.1088224E7,1,ID106718,94680,280,162.0197
106720,288,155,75.5,766.1666666666666,232.3521955581855,0.9999999999999999,0.11640518190038798,1.0,8.60000005364418,8.60000005364418,0.0,0.0,0.0,65504.0,48753.38628158845,53760.0,17360.0,54.03539397880077,288.0,0.0,-1.0,8.60000005364418,,3.544907701811032,0.7104079836770868,1.0,14311.24505816103,1.3504688E7,1,ID106720,94682,280,99.7748
106900,288,300,1216.8333333333333,24.833333333333332,232.3521955581855,0.9999999999999999,0.12724873724621583,1.0,8.60000005364418,8.60000005364418,0.0,0.0,0.0,38928.0,22245.85559566787,21776.0,16094.0,54.03539397880077,288.0,0.0,-1.0,8.60000005364418,,3.544907701811032,1.4299050413647447,1.0,3512.4134855629673,6162102.0,1,ID106900,,,
94819,296,127,1149.6539509536785,84.24087193460491,1835.0000000000032,0.5130671519524101,1.0,1.7551562505097869,32.11093719898537,18.295201461213903,0.8138358899962491,-0.24393903520008275,-0.8603104438249283,1.0,1.0,1.0,1.0,212.0,296.0,0.0,1835.0,24.168132760874535,136,4.949004248510105,Infinity,0.9662980516061102,0.0,1835.0,1,ID94819,94751,288,65.5679
94822,296,310,149.32603406326035,167.2356621480709,2877.000000000001,0.543138156623871,1.0,1.1404495053598227,32.45202017061829,28.455464286758904,-0.6096764527358275,-0.05624398052664962,0.0019566581108624664,2.0,2.0,2.0,2.0,258.0,296.0,0.0,2877.0,30.261816577178013,162,4.810052039807024,Infinity,0.9524913093858636,0.0,5754.0,1,ID94822,94753,288,47.4866
94824,296,145,297.5859375,258.5975,3200.0000000000014,0.6135923151542567,0.7454545454545455,1.1502089499123689,34.40621456983522,29.91301239001534,0.08517675779039968,-0.030802003736408408,0.24372654826037532,3.0,3.0,3.0,3.0,256.0,296.0,0.0,3200.0,31.915382432114622,142,4.525483399593903,Infinity,0.9695500681714896,0.0,9600.0,1,ID94824,94755,288,11.9958
94826,296,174,238.19056603773586,258.0050314465409,1590.0000000000007,0.6032039994212985,0.7179902755267423,1.4740174794354755,27.36100745132001,18.562200131981356,-0.08434546722944548,-0.20652565838565265,-0.18905535544578767,4.0,4.0,4.0,4.0,182.0,296.0,0.0,1590.0,22.49694910498371,84,4.564285749437223,Infinity,0.9624697336561744,0.0,6360.0,1,ID94826,94754,288,90.1213
94828,296,266,856.9672727272728,375.35848484848486,3299.999999999998,0.5605133951582132,1.0,1.2458513938041753,36.044946118567424,28.93197880407318,0.3300712142840129,0.03371811937908341,-0.4309068305286995,5.0,5.0,5.0,5.0,272.0,296.0,0.0,3300.0,32.41022407214286,176,4.734912241994983,Infinity,0.9711595055915238,0.0,16500.0,1,ID94828,94756,288,51.0279
94829,296,191,1185.260690172543,646.847711927982,2665.999999999997,0.5816309732271095,0.9668019181113979,1.4145322458321365,34.64023681036641,24.488827958805818,2.133224612198739,0.15235475873011672,0.12283046565659382,6.0,6.0,6.0,6.0,240.0,296.0,0.0,2666.0,29.13098276004407,142,4.648161071901189,Infinity,0.973703433162892,0.0,15996.0,1,ID94829,94760,288,272.5235
94830,296,293,46.02988047808765,763.8286852589641,1004.0000000000013,0.5184350795864819,1.0,1.7854374456001736,23.75012467348275,13.30213205285339,0.5957574901159602,0.04308904997461014,-0.05043383426065215,7.0,7.0,7.0,7.0,156.0,296.0,0.0,1004.0,17.876888032555506,100,4.923316344162862,Infinity,0.9566460219151989,0.0,7028.0,1,ID94830,106716,288,62.8456
94832,296,177,571.5285343709468,735.1370514483355,4625.999999999998,0.45357534457433846,1.0,1.7251499030894848,53.326336979851405,30.91113235107971,1.6983777617992581,-1.257729048624056,0.0380803318207182,9.0,9.0,9.0,9.0,358.0,296.0,0.0,4626.0,38.37318768992505,184,5.263567690602023,Infinity,0.8782154722354056,0.0,41634.0,1,ID94832,94759,288,78.1214
106788,296,293,22.166666666666668,812.8333333333334,232.3521955581855,0.9999999999999999,-0.17573797579952707,1.0,8.60000005364418,8.60000005364418,0.0,0.0,0.0,61776.0,32155.436823104694,30400.0,17888.0,54.03539397880077,296.0,0.0,-1.0,8.60000005364418,,3.544907701811032,-1.373138500095576,1.0,9985.513285041516,8907056.0,1,ID106788,106718,288,93.6186
106790,296,155,2.1666666666666665,840.8333333333334,232.3521955581855,0.9999999999999999,-0.016838062026412953,1.0,8.60000005364418,8.60000005364418,0.0,0.0,0.0,52960.0,22886.447653429605,22496.0,0.0,54.03539397880077,296.0,0.0,-1.0,8.60000005364418,,3.544907701811032,-0.08581297698736579,1.0,9135.292626872468,6339546.0,1,ID106790,106720,288,104.6561
106916,296,300,1219.5,30.166666666666668,232.3521955581855,0.9999999999999999,0.11888144359062994,1.0,8.60000005364418,8.60000005364418,0.0,0.0,0.0,23904.0,16917.54512635379,17548.0,0.0,54.03539397880077,296.0,0.0,-1.0,8.60000005364418,,3.544907701811032,0.9812559431420471,1.0,3663.6589469131554,4686160.0,1,ID106916,106900,288,5.9628
107680,296,314,3.5,896.8333333333334,232.3521955581855,0.9999999999999999,0.237860380227424,1.0,8.60000005364418,8.60000005364418,0.0,0.0,0.0,40960.0,22656.061371841155,22224.0,8588.0,54.03539397880077,296.0,0.0,-1.0,8.60000005364418,,3.544907701811032,1.7629775293761887,1.0,4938.761763915385,6275729.0,1,ID107680,,,
94894,304,127,1193.7346241457858,97.84851936218679,1755.9999999999998,0.5302418973186924,0.8575458392101553,1.6475478988244399,30.369845411147214,18.43336113797768,0.6277334584378109,-0.30416176409760853,-0.45591893766375896,1.0,1.0,1.0,1.0,204.0,304.0,0.0,1756.0,23.642169108157916,122,4.868194391014147,Infinity,0.9648351648351646,0.0,1756.0,1,ID94894,94819,296,46.1332
94895,304,145,175.47992351816444,177.59273422562143,2614.9999999999973,0.6105280015708457,0.9115497076023393,1.0410650224318176,29.383671868220087,28.224626930201673,-0.6736385940162304,0.3510142883760098,0.08238938180357358,2.0,2.0,2.0,2.0,232.0,304.0,0.0,2615.0,28.851002623316433,138,4.536826157899166,Infinity,0.9748369058713879,0.0,5230.0,1,ID94895,94824,296,146.5321
94896,304,310,107.75706214689265,216.863196125908,2478.0000000000027,0.5590969976727604,0.9518641694381235,1.2191735065323057,31.00829782866897,25.43386783138509,0.0940178510108669,0.1435260563604651,-0.2727932045717168,3.0,3.0,3.0,3.0,236.0,304.0,0.0,2478.0,28.085083193101532,150,4.740906081772813,Infinity,0.9632653061224501,0.0,7434.0,1,ID94896,94822,296,64.7369
94897,304,174,248.74325581395348,275.3525581395349,2150.000000000001,0.501963748901461,1.0,1.9182621397072028,36.25284999469804,18.898798680472083,0.2678571506899144,0.16581726279294645,0.111737844966865,4.0,4.0,4.0,4.0,232.0,304.0,0.0,2150.0,26.160394784772464,136,5.003440676639542,Infinity,0.9566184649610683,0.0,8600.0,1,ID94897,94826,296,20.3051
94898,304,266,823.5387313650979,363.86349020754164,3421.0000000000036,0.5897058144269242,1.0,1.2998756671472473,38.07726038087263,29.29300189489532,0.03096321641365285,1.0925241664396124,-0.02059811884114218,5.0,5.0,5.0,5.0,270.0,304.0,0.0,3421.0,32.99906242054082,148,4.616227746612374,Infinity,0.9659748694056202,0.0,17105.0,1,ID94898,94828,296,35.3497
94899,304,191,1176.477054034049,597.9955588452998,2702.0000000000014,0.6096368392702978,1.0,1.3327231591901056,34.07563171991001,25.568424683651276,-1.4882226217558907,-0.5964123256666313,0.07550152203308237,6.0,6.0,6.0,6.0,236.0,304.0,0.0,2702.0,29.32700653780748,130,4.540140895239996,Infinity,0.9759797724399497,0.0,16212.0,1,ID94899,94829,296,49.6355
94900,304,177,594.9465541490858,711.9732770745429,711.0,0.5286798524739273,1.0,1.3688938191726998,17.861041623916098,13.047791854820806,1.18475858580971,0.33102618356892183,0.32737959774220254,7.0,7.0,7.0,7.0,130.0,304.0,0.0,711.0,15.043880120390323,82,4.87538090401277,Infinity,0.9191984486102133,0.0,4977.0,1,ID94900,94832,296,32.9388
94901,304,293,19.430817610062892,793.8569182389937,1271.9999999999995,0.6090696319716835,0.5843886236246626,1.3082845525631754,23.08152623160845,17.64258867567258,1.5261714720305983,0.3104454434825836,0.036409364086995966,8.0,8.0,8.0,8.0,162.0,304.0,0.0,1272.0,20.121882994038643,90,4.54225444814556,Infinity,0.9676683149486494,0.0,10176.0,1,ID94901,106788,296,19.1726
94902,304,197,13.09729381443299,31.262886597938145,1552.0000000000002,0.5182008500766669,0.43592906707787205,2.1107988008414003,33.26110639605962,15.757592046575532,1.5861256961855748,-1.0551625062626602,-0.06874921791508716,9.0,9.0,9.0,9.0,194.0,304.0,0.0,1552.0,22.226491926465663,78,4.924428900898052,Infinity,0.9374811235276356,0.0,13968.0,1,ID94902,,,
94903,304,293,12.629204590423427,716.2465373961219,2527.0,0.4108899454283633,0.5050924179554885,3.163443564929993,55.04891582122144,17.401579857941822,-1.5309408711119683,-1.3449892565303716,0.17437647197461895,10.0,10.0,10.0,10.0,278.0,304.0,0.0,2527.0,28.36140127684877,86,5.530217026135008,Infinity,0.9150823827629911,0.0,25270.0,1,ID94903,94830,296,58.1349
94971,312,197,12.59861932938856,52.684418145956606,1013.9999999999998,0.5817339208802136,0.7056349873843566,1.4258604288749748,26.182980032392987,18.36293335740564,0.6342799544937191,-6.500294837519012,-1.7361588399699184,1.0,1.0,1.0,1.0,148.0,312.0,0.0,1014.0,17.96569577250944,64,4.6477497683578255,Infinity,0.9661743687470222,0.0,1014.0,1,ID94971,94902,304,21.4273
94972,312,145,168.47775823071123,156.70419703443076,3979.000000000003,0.6199363801147489,1.0,1.0971103155172492,37.42050731663381,34.108244893305326,1.327409432802513,-0.29115732469350863,0.04069580211867789,2.0,2.0,2.0,2.0,284.0,312.0,0.0,3979.0,35.58869254588182,160,4.502268284258842,Infinity,0.9798079290815077,0.0,7958.0,1,ID94972,94895,304,22.0309
94973,312,310,55.04979253112033,246.216459197787,2891.9999999999977,0.590887484012856,1.0,1.2373808648230933,33.775461301898595,27.295929864510576,0.6124609548874733,-0.10597899384475229,-0.12586921808369778,3.0,3.0,3.0,3.0,248.0,312.0,0.0,2892.0,30.340603007249573,142,4.6116096204947326,Infinity,0.9714477662075907,0.0,8676.0,1,ID94973,94896,304,60.3297
94974,312,174,250.5869459327813,255.85923039454457,2053.000000000001,0.4876892036158675,1.0,1.8771781743969387,35.564411584850376,18.945677117877093,0.24681272370924792,0.25299653075446593,-0.9004301531396464,4.0,4.0,4.0,4.0,230.0,312.0,0.0,2053.0,25.563454311483856,134,5.076137310507772,Infinity,0.952668213457077,0.0,8212.0,1,ID94974,94897,304,19.5803
94975,312,266,818.4216171617162,353.6472772277228,2424.0000000000014,0.6070807232383341,0.7496751840623648,1.2921152771375952,32.007940650155604,24.771737643302497,1.3752329263818373,-0.44091370349199965,0.20912242787839885,5.0,5.0,5.0,5.0,224.0,312.0,0.0,2424.0,27.77738584009498,112,4.5496889967333685,Infinity,0.9592402057776025,0.0,12120.0,1,ID94975,94898,304,11.4261
94977,312,191,1158.146091262823,580.1966749204104,2827.0000000000005,0.6167557244234962,1.0,1.1505273762065826,32.25320352206731,28.033408147496434,0.26696026239812604,0.0724892637554013,-0.09769778215014731,7.0,7.0,7.0,7.0,240.0,312.0,0.0,2827.0,29.997700715914487,136,4.513862623465195,Infinity,0.9746595414583695,0.0,19789.0,1,ID94977,94899,304,25.5504
94978,312,177,639.8087318087319,706.4022869022868,962.0000000000002,0.5995263108020991,1.0,1.3070016065800936,20.684180424091597,15.825673296771164,-1.3131762691891142,1.1514600617018498,-0.12415446387700702,8.0,8.0,8.0,8.0,142.0,312.0,0.0,962.0,17.498974555922032,74,4.578263749556043,Infinity,0.9581673306772911,0.0,7696.0,1,ID94978,94900,304,45.2068
94979,312,293,31.337349397590362,792.2777777777778,1494.0000000000007,0.5667841353052956,1.0,1.4316539345439443,26.09780724009154,18.229131084255386,1.283623051185256,-0.03011098046620851,0.2898508991760626,9.0,9.0,9.0,9.0,182.0,312.0,0.0,1494.0,21.807222885057683,110,4.708646522618419,Infinity,0.9644932214331833,0.0,13446.0,1,ID94979,94901,304,12.0108
94980,312,127,1172.5209649626652,73.97271682940838,3481.999999999992,0.21997276478110625,0.6916599190283401,4.8052620458070905,78.95326261291545,16.430584192969746,0.4615286603512766,9.005809055105376,4.512794218236869,10.0,10.0,10.0,10.0,446.0,312.0,0.0,3482.0,33.29196635364088,238,7.5582364703063165,Infinity,0.6844898761549031,0.0,34820.0,1,ID94980,94894,304,31.9386
95059,320,197,27.697837150127228,65.97201017811705,1571.999999999999,0.5589162122502436,0.9415397282832442,1.4636807464264128,26.916041204991945,18.389284186942852,1.174940255683281,0.06835100483794362,-0.05594887598637342,1.0,1.0,1.0,1.0,188.0,320.0,0.0,1572.0,22.369245429404156,116,4.741672759669994,Infinity,0.9641214351425937,0.0,1572.0,1,ID95059,94971,312,20.1133
95060,320,145,202.60159151193633,164.8257294429708,3769.999999999995,0.6130016202077276,1.0,1.0651536218769453,35.780759952367504,33.59211217750633,-1.1734500863476254,0.36233377680002293,-0.004555269525329122,2.0,2.0,2.0,2.0,278.0,320.0,0.0,3770.0,34.64142420445339,164,4.527663276791974,Infinity,0.9789665022072177,0.0,7540.0,1,ID95060,94972,312,35.077
95061,320,310,103.27694361027694,234.98498498498498,2997.0000000000005,0.593055756034808,1.0,1.2567052333321087,34.770597744994284,27.668061549167973,1.5628338330632419,-0.08223227382676028,0.32431809361127095,3.0,3.0,3.0,3.0,252.0,320.0,0.0,2997.0,30.88648132909964,148,4.603171644550004,Infinity,0.9743172951885565,0.0,8991.0,1,ID95061,94973,312,49.5177
95062,320,174,262.7138392857143,251.88392857142858,2239.9999999999977,0.5140746251765016,1.0,1.7831491038629586,36.06212523929304,20.22384171978057,0.24566691753010672,0.1964858274979655,-0.8873902399317977,4.0,4.0,4.0,4.0,234.0,320.0,0.0,2240.0,26.702324712498168,134,4.9441523901618245,Infinity,0.9646856158484057,0.0,8960.0,1,ID95062,94974,312,12.7618
95063,320,266,800.767470371884,358.5337147527585,2446.9999999999995,0.6020422290965793,1.0,1.1755946658032748,30.280608910489956,25.757695055378164,1.1409410060993506,-0.3721434332402309,-0.5368242666375621,5.0,5.0,5.0,5.0,226.0,320.0,0.0,2447.0,27.90885686465384,112,4.568687513793462,Infinity,0.9668115369419203,0.0,12235.0,1,ID95063,94975,312,18.3179
95064,320,191,1175.8510708401977,609.1660626029654,3035.0000000000023,0.6005753151703848,1.0,1.4428003050602602,37.486146986771224,25.981521389549172,1.8470125353617715,-0.06704345293971328,0.19161076905180405,6.0,6.0,6.0,6.0,252.0,320.0,0.0,3035.0,31.081674738787893,140,4.574263653708741,Infinity,0.9771410173857058,0.0,18210.0,1,ID95064,94977,312,33.9513
95065,320,177,695.9082969432314,726.3613537117903,916.0000000000002,0.5872854838139289,1.0,1.1844885583201994,18.710330456224604,15.79612595224976,-0.3607720673545287,-0.18037487077608785,-0.4865686736774864,7.0,7.0,7.0,7.0,140.0,320.0,0.0,916.0,17.075475271404667,84,4.625730203185627,Infinity,0.95615866388309,0.0,6412.0,1,ID95065,94978,312,59.5443
95066,320,293,45.779472954230236,788.4188626907073,1442.0,0.5719197836733344,1.0,1.4151917281676323,25.632404047241444,18.112319014491323,1.5409281693215597,0.35130927166370834,0.060210972295667194,8.0,8.0,8.0,8.0,178.0,320.0,0.0,1442.0,21.424351935986913,100,4.6874578130325375,Infinity,0.9537037037037037,0.0,11536.0,1,ID95066,94979,312,14.9488
95067,320,127,1164.048990578735,81.92220726783312,3714.999999999992,0.28321523715902003,0.7753882915173238,2.434732721069647,55.680276344876894,22.869153506268635,0.3508948316318048,-2.564742101251943,0.3606954480534903,9.0,9.0,9.0,9.0,406.0,320.0,0.0,3715.0,34.38780637337572,220,6.661110291051782,Infinity,0.7024676184173191,0.0,33435.0,1,ID95067,94980,312,11.6176
95173,328,197,28.604963112005365,54.289067739771966,1491.0000000000027,0.5656460145516713,0.924698795180723,1.3074424657505737,24.887097934048793,19.034946918112883,1.0065636132852886,0.25492082896477125,-0.27457144027094654,1.0,1.0,1.0,1.0,182.0,328.0,0.0,1491.0,21.785317080548374,114,4.713381211117398,Infinity,0.9603864734299535,0.0,1491.0,1,ID95173,95059,320,11.7181
95174,328,145,166.7264983267417,180.25585640401582,3286.9999999999995,0.6402390137237056,1.0,1.077350666453687,33.90403481191128,31.469823027550653,0.8766425819923827,-0.1280468324442919,0.21314747198895376,2.0,2.0,2.0,2.0,254.0,328.0,0.0,3287.0,32.3463227567852,134,4.43030743552046,Infinity,0.9785650491217626,0.0,6574.0,1,ID95174,95060,320,39.0527
95175,328,310,87.95359945411123,235.72125554418287,2930.999999999999,0.6186514423321473,1.0,1.2580258958719874,34.70860386039596,27.589737201981883,1.186666264336933,-0.6910833907282076,0.35232981617049164,3.0,3.0,3.0,3.0,244.0,328.0,0.0,2931.0,30.54449666314196,128,4.506941459990387,Infinity,0.9755366949575635,0.0,8793.0,1,ID95175,95061,320,15.341
95176,328,174,246.15796703296704,251.66529304029305,2183.9999999999995,0.4845165140484504,1.0,2.049648466720449,37.76997900125967,18.42753994868873,0.2854287495583254,0.3375754413894512,-0.129451490073616,4.0,4.0,4.0,4.0,238.0,328.0,0.0,2184.0,26.366433043273005,142,5.092729860879865,Infinity,0.9631753031973539,0.0,8736.0,1,ID95176,95062,320,16.5573
95177,328,266,761.4520657841957,363.4251905334938,2493.0000000000005,0.5624813620654522,0.7253789189563291,1.3402725525918857,32.37322507093766,24.15421028232855,1.2230993967197867,-0.3358967454874246,-0.7118200952714036,5.0,5.0,5.0,5.0,236.0,328.0,0.0,2493.0,28.169958222478613,134,4.7266219092587285,Infinity,0.9500762195121955,0.0,12465.0,1,ID95177,95063,320,39.6185
95179,328,191,1160.9116392443632,615.2114564290067,3281.9999999999986,0.5917531616782424,1.0,1.4479149204514314,38.95744545593365,26.90589405887708,1.8655188738442423,-0.06300640501711832,0.022076164592712805,7.0,7.0,7.0,7.0,264.0,328.0,0.0,3282.0,32.32171168820118,150,4.608235216422013,Infinity,0.9754792688363794,0.0,22974.0,1,ID95179,95064,320,16.1162
95180,328,177,759.01243339254,756.9982238010657,1126.0000000000007,0.5527239574909546,1.0,1.47784443399975,23.00978515204512,15.569829017638678,2.0548279267074188,-0.12731569804358545,-0.04081691726109171,8.0,8.0,8.0,8.0,160.0,328.0,0.0,1126.0,18.93190248873442,92,4.768159640657196,Infinity,0.9454240134340895,0.0,9008.0,1,ID95180,95065,320,70.1481
95181,328,293,39.23362592842674,788.5840648210668,1480.9999999999984,0.5744072493785776,1.0,1.4627600579491422,26.504707530327764,18.119654953860717,1.5485519807773718,0.2838635650625084,0.265608813303886,9.0,9.0,9.0,9.0,180.0,328.0,0.0,1481.0,21.71213811300475,100,4.677297303012689,Infinity,0.9610642439974031,0.0,13329.0,1,ID95181,95066,320,6.5479
95163,336,197,81.66929133858268,20.745168217609162,1397.0000000000005,0.579839468498473,0.7293171033629048,1.4637359038138282,25.704161527099817,17.56065521118017,2.2257291086592614,-0.18821328857560954,-0.505173685911781,1.0,1.0,1.0,1.0,174.0,336.0,0.0,1397.0,21.087411197175335,106,4.655336144365571,Infinity,0.9684575389948011,0.0,1397.0,1,ID95163,95173,328,62.7775
95164,336,200,15.705645161290322,51.649193548387096,1240.0,0.6241908172490536,0.7036867414701168,1.204539539156118,24.06606779548489,19.97947515475101,0.09065229787621165,-3.928831057371809,0.13147053935217048,2.0,2.0,2.0,2.0,158.0,336.0,0.0,1240.0,19.867165345562018,70,4.486898490551812,Infinity,0.9695074276778733,0.0,2480.0,1,ID95164,,,
95165,336,145,146.334092634776,182.13591495823843,3951.0000000000036,0.6069945999478353,0.9762136327006976,1.0167880450574915,35.896468722971456,35.30378715353777,1.1111719227801924,-0.19279117515008218,0.08931847060503248,3.0,3.0,3.0,3.0,286.0,336.0,0.0,3951.0,35.46325366223689,162,4.550011751078579,Infinity,0.9724341619492994,0.0,11853.0,1,ID95165,95174,328,20.4789
95166,336,174,225.0971902349148,248.22432058959006,2171.0,0.4508161577727174,0.9691609977324263,2.392565509837368,40.871752451416285,17.082814361139267,0.3312422396042338,0.6353382016999947,0.038371947772352075,4.0,4.0,4.0,4.0,246.0,336.0,0.0,2171.0,26.287844394415636,146,5.2796507568430195,Infinity,0.9544954935150582,0.0,8684.0,1,ID95166,95176,328,21.34
95167,336,310,10.656204379562043,269.75182481751824,1370.0000000000002,0.43913702024467066,0.7334458034584562,2.4004958063297024,33.65150828350821,14.01856574578254,1.5105237723668894,-1.25739456804906,-0.7999290460675968,5.0,5.0,5.0,5.0,198.0,336.0,0.0,1370.0,20.88263738304607,80,5.349397946887161,Infinity,0.952712100139082,0.0,6850.0,1,ID95167,95175,328,84.4569
95168,336,266,703.5653869226155,361.5488902219556,3333.9999999999986,0.6011288973294517,1.0,1.0578711363370255,33.37399280058382,31.548259191704854,0.6758696728821055,0.32126059521242234,0.027949892077689498,6.0,6.0,6.0,6.0,264.0,336.0,0.0,3334.0,32.57675798075612,162,4.572156939146421,Infinity,0.9765670767428233,0.0,20004.0,1,ID95168,95177,328,57.9171
95169,336,191,1160.7445255474452,623.5568734793187,3287.999999999999,0.5928349773303051,1.0,1.385678804094218,38.0913416033957,27.489300904977767,1.9446606344505406,0.05172182856757689,-0.016000720787599364,7.0,7.0,7.0,7.0,264.0,336.0,0.0,3288.0,32.35124272377034,152,4.604028702340029,Infinity,0.9753782260456835,0.0,23016.0,1,ID95169,95179,328,8.3471
95170,336,293,37.99937067337948,785.5261170547515,1588.9999999999993,0.5649604715430262,1.0,1.3885498264477012,26.68232633635582,19.215966059076667,2.0243056624928095,0.13283254641643544,0.06341361791451065,8.0,8.0,8.0,8.0,188.0,336.0,0.0,1589.0,22.489873479991903,108,4.716240035825064,Infinity,0.9492234169653522,0.0,12712.0,1,ID95170,95181,328,3.2976
95171,336,177,799.0566037735849,825.545183714002,1007.0000000000002,0.5624148981626528,1.0,1.2154486881523736,19.888479583572522,16.363076267584255,0.11545399232801201,-0.37229936120747587,0.3325592493740695,9.0,9.0,9.0,9.0,150.0,336.0,0.0,1007.0,17.903576608797398,92,4.726901187474407,Infinity,0.947764705882353,0.0,9063.0,1,ID95171,95180,328,79.3865
95247,344,197,87.94081632653061,26.59387755102041,1470.0000000000007,0.5701408889848146,0.8193069306930694,1.3795589358005564,25.358784571337935,18.38180588973697,2.0299963399804097,-0.04727901889618464,-0.054345434790732734,1.0,1.0,1.0,1.0,180.0,344.0,0.0,1470.0,21.631355313298624,112,4.694764778615709,Infinity,0.9629872256796597,0.0,1470.0,1,ID95247,95163,336,8.5755
95250,344,200,15.788326848249028,51.84591439688716,1285.0000000000007,0.6468429033588986,0.7083979614447152,1.1213805461425161,22.361945431174295,19.941442276752603,1.3563775976136303,-1.3879521659082965,-0.28683389991520936,2.0,2.0,2.0,2.0,158.0,344.0,0.0,1285.0,20.22444569688305,74,4.407633985948197,Infinity,0.9731162438470281,0.0,2570.0,1,ID95250,95164,336,0.2134
95253,344,145,156.82735849056604,162.20723270440251,3180.0000000000005,0.5733622955931786,1.0,1.2280756951018703,35.27581514787352,28.724463230214287,2.3455291638893287,-0.2701538266899235,-0.40108498120370295,3.0,3.0,3.0,3.0,264.0,344.0,0.0,3180.0,31.81549053628522,166,4.681557554070596,Infinity,0.9718826405867971,0.0,9540.0,1,ID95253,95165,336,22.5225
95255,344,174,225.6992337164751,250.46695402298852,2088.0,0.5137164586651647,1.0,2.0392532457561985,36.76489476454542,18.028606717216338,0.18916902051393292,0.03780044554817285,-0.42426365043628755,4.0,4.0,4.0,4.0,226.0,344.0,0.0,2088.0,25.780439141949365,116,4.945875637716216,Infinity,0.9646569646569647,0.0,8352.0,1,ID95255,95166,336,2.322
95259,344,266,659.3439045679371,388.86092522548734,3436.999999999998,0.5924638655905686,1.0,1.1431041782464157,35.29058109156122,30.872585161659458,0.22607123672628698,0.33666470242985563,-0.1769164832712027,5.0,5.0,5.0,5.0,270.0,344.0,0.0,3437.0,33.07614062755339,162,4.605470428765739,Infinity,0.975450546331772,0.0,17185.0,1,ID95259,95168,336,51.9758
95269,344,203,479.88768267223384,435.8989561586639,2395.0000000000014,0.6332896562029762,1.0,1.186963216339606,30.74576361019562,25.90287819112909,-1.3123988452302293,-0.42141156049060924,0.8028900556352732,6.0,6.0,6.0,6.0,218.0,344.0,0.0,2395.0,27.61072576753786,108,4.454548940470629,Infinity,0.970224832894471,0.0,14370.0,1,ID95269,,,
95276,344,191,1137.5345522156802,670.90920359467,3227.0000000000014,0.5907534230600937,1.0,1.2885587593481238,36.31711592292614,28.184291682048563,2.2219193807484503,0.17776662071006297,0.01611485274144739,7.0,7.0,7.0,7.0,262.0,344.0,0.0,3227.0,32.04974263102737,160,4.612132852087549,Infinity,0.9753664802780719,0.0,22589.0,1,ID95276,95169,336,52.7347
95285,344,293,41.607294317217985,787.9041560644614,1179.0000000000005,0.5376597094763198,0.829850832063921,1.2541402382273283,21.787308523639112,17.372306429171356,-1.5596288866880577,0.2551260531461772,0.559948515197227,9.0,9.0,9.0,9.0,166.0,344.0,0.0,1179.0,19.37233480535295,98,4.834495780191076,Infinity,0.9196567862714512,0.0,10611.0,1,ID95285,95170,336,4.3211
95286,344,177,826.5896624472574,865.2478902953586,948.0000000000007,0.5745042121148005,1.0,1.2600800037972562,19.83790085725641,15.743366133479476,0.3983497051163625,-0.2091385735276677,0.5846669222913216,10.0,10.0,10.0,10.0,144.0,344.0,0.0,948.0,17.371176474327633,86,4.676902577723741,Infinity,0.956127080181544,0.0,9480.0,1,ID95286,95171,336,48.3154
107598,344,310,8.737735849056603,285.8698113207547,232.3521955581855,0.9999999999999999,0.04761428345324841,1.0,8.60000005364418,8.60000005364418,0.0,0.0,0.0,15824.0,13117.054151624548,13136.0,10656.0,54.03539397880077,344.0,0.0,-1.0,8.60000005364418,,3.544907701811032,1.2548608934636982,1.0,950.1814856924067,3633424.0,1,ID107598,95167,336,16.2318
107712,344,202,3.5,520.8333333333334,232.3521955581855,0.9999999999999999,0.0715612916730517,1.0,8.60000005364418,8.60000005364418,0.0,0.0,0.0,40432.0,17184.1119133574,15776.0,5780.0,54.03539397880077,344.0,0.0,-1.0,8.60000005364418,,3.544907701811032,0.3701484321837767,1.0,6200.722955024378,4759999.0,1,ID107712,,,
95368,352,197,99.20316205533597,17.574703557312255,1265.0000000000005,0.5910343109445404,0.7040862146385273,1.6721303368449858,28.801648299766256,17.224523510595397,-1.1191809905185852,1.2145654325724153,-4.5179427827261085,1.0,1.0,1.0,1.0,164.0,352.0,0.0,1265.0,20.06643979440537,82,4.611036768347373,Infinity,0.9663865546218493,0.0,1265.0,1,ID95368,95247,344,14.4286
95370,352,200,43.66932515337423,69.19693251533742,1630.0000000000018,0.5795378027785614,-0.1902968083785238,1.5194257602091736,28.159650917268056,18.533087732691477,1.209993827393023,0.04644648851463774,0.03652357869610913,2.0,2.0,2.0,2.0,188.0,352.0,0.0,1630.0,22.778171886250647,106,4.656547603409855,-Infinity,0.9653538643766667,0.0,3260.0,1,ID95370,95250,344,32.8391
95372,352,145,190.43643552311437,167.70346715328466,3288.0,0.5752704747718445,0.827343460540941,1.166268291342418,35.23579808034634,30.212429114220907,-0.08698007403939677,0.24597311881204922,0.22549346333961737,3.0,3.0,3.0,3.0,268.0,352.0,0.0,3288.0,32.35124272377035,146,4.673786712981544,Infinity,0.9630931458699475,0.0,9864.0,1,ID95372,95253,344,34.0555
95373,352,174,132.12139917695472,217.15884773662552,2429.9999999999995,0.5390911763451166,0.9101896433133536,1.7098027631181438,36.9433430112983,21.60678635465838,3.093658701695248,0.17881027699441457,-0.9694317386483855,4.0,4.0,4.0,4.0,238.0,352.0,0.0,2430.0,27.81174254566965,120,4.828072914304798,Infinity,0.9574468085106382,0.0,9720.0,1,ID95373,95255,344,99.329
95375,352,266,639.6548042704626,388.47686832740214,3653.000000000001,0.5939774319943852,1.0,1.4429846853638773,41.288440030642505,28.613221227798967,1.3672821984447316,-0.40998127896943504,0.06923139455575601,5.0,5.0,5.0,5.0,278.0,352.0,0.0,3653.0,34.09964830067002,152,4.599598882760161,Infinity,0.9732249900093248,0.0,18265.0,1,ID95375,95259,344,19.6928
95376,352,203,470.1967213114754,442.96289905090595,2317.999999999999,0.6129291954398736,1.0,1.132059552507453,28.94987659238654,25.57275059272639,1.1629270573181776,-0.014091892114082611,-0.059591182790262015,6.0,6.0,6.0,6.0,218.0,352.0,0.0,2318.0,27.16325304844813,126,4.527930767130178,Infinity,0.9729275970619092,0.0,13908.0,1,ID95376,95269,344,11.9922
95378,352,202,13.51039501039501,518.1590436590436,962.0000000000001,0.6347851570580512,0.7016509433962265,1.1293982803621498,19.5744107768247,17.331716469895827,-1.0475870464348864,-1.4705454604994606,-0.04628594891664187,7.0,7.0,7.0,7.0,138.0,352.0,0.0,962.0,17.498974555922032,64,4.449298573512211,Infinity,0.9644110275689224,0.0,6734.0,1,ID95378,107712,344,10.3615
95379,352,191,1112.3188874514876,747.6636481241915,3092.0000000000027,0.6118546538737496,1.0,1.1175071852574991,33.16639889456762,29.678913327904308,-1.1979535735192939,-0.02059606918915105,-0.02206300632142369,8.0,8.0,8.0,8.0,252.0,352.0,0.0,3092.0,31.372187811504023,150,4.531905007973318,Infinity,0.9761641673243892,0.0,24736.0,1,ID95379,95276,344,80.7903
95380,352,293,58.43336886993603,789.7308102345415,1876.0000000000007,0.5664771067026579,0.903745325390412,1.414706542419367,29.1851910598416,20.629855157049327,2.2394132905763025,-0.22400080318031607,-0.19504701143293218,9.0,9.0,9.0,9.0,204.0,352.0,0.0,1876.0,24.436639426909576,114,4.709922384704022,Infinity,0.9608194622279133,0.0,16884.0,1,ID95380,95285,344,16.9249
95381,352,177,849.1996105160662,885.3748782862707,1026.9999999999998,0.5169709429957886,0.790238233585125,1.708374292392019,23.640719874986473,13.838138387042445,0.7345983577823799,-0.3502672850180447,-0.05628889506561902,10.0,10.0,10.0,10.0,158.0,352.0,0.0,1027.0,18.080493718666894,102,4.930283187372944,Infinity,0.9566837447601302,0.0,10270.0,1,ID95381,95286,344,30.2705
95382,352,312,12.797403801576264,68.15113583681038,2157.0,0.388912726916505,0.6536223298602643,2.6945711938274965,47.91559800696826,17.782272042664673,1.4010367027224315,-0.6555232854767993,-0.6756645887934892,11.0,11.0,11.0,11.0,264.0,352.0,0.0,2157.0,26.202946866687277,96,5.684324393527202,Infinity,0.8621103117505995,0.0,23727.0,1,ID95382,,,
95467,360,197,116.33134813210611,21.7796426637791,1847.0,0.6041775959163211,0.719205708966801,1.3590913120972248,28.62272447279108,21.060192363839867,2.4350696750783114,0.025474311967016734,-0.5707225245680637,1.0,1.0,1.0,1.0,196.0,360.0,0.0,1847.0,24.247027854594084,108,4.56060672831736,Infinity,0.9703178355660628,0.0,1847.0,1,ID95467,95368,352,17.6368
95468,360,312,12.554112554112555,53.85425685425685,693.0000000000001,0.670090399796161,0.7339449541284403,1.041165752760587,16.020270356161657,15.386858733765392,-1.3137985541901709,-1.35173257538609,0.016714098636579286,2.0,2.0,2.0,2.0,114.0,360.0,0.0,693.0,14.852230510107463,50,4.3305019054662415,Infinity,0.9699090272918126,0.0,1386.0,1,ID95468,95382,352,14.2989
95469,360,200,49.34082668600435,94.85714285714286,1379.000000000001,0.628865767063482,0.9903776762088045,1.052988853606877,21.692859204043913,20.601223963328607,1.21167758063399,0.0693111900639134,-0.2108451628113394,3.0,3.0,3.0,3.0,166.0,360.0,0.0,1379.0,20.95111770401397,92,4.470189714555627,Infinity,0.9690794096978222,0.0,4137.0,1,ID95469,95370,352,26.2795
95470,360,145,180.20303448275862,149.8433103448276,3625.000000000003,0.5979979715008932,1.0,1.280797661437691,38.85437894438753,30.336078925045523,-0.2898765975801179,0.02531924859842871,0.27099136512043626,4.0,4.0,4.0,4.0,276.0,360.0,0.0,3625.0,33.96871115329874,146,4.584110487926444,Infinity,0.9634551495016621,0.0,14500.0,1,ID95470,95372,352,20.5842
95471,360,174,303.62186559679037,279.33851554663994,1994.0000000000002,0.48202029480286607,1.0,2.6281395307083573,41.699597544854036,15.866584348972836,0.002748784079801947,-0.43190727094031145,-0.05456106913369353,5.0,5.0,5.0,5.0,228.0,360.0,0.0,1994.0,25.193449804472564,102,5.105899590855238,Infinity,0.9255047574843352,0.0,9970.0,1,ID95471,95373,352,182.4246
95472,360,266,595.5108359133127,349.07261469180975,3553.0000000000023,0.5614445298629115,1.0,1.5202804492168378,41.50573843348344,27.301369595895835,2.0214441649804784,0.07127964148718853,0.08105719513487061,6.0,6.0,6.0,6.0,282.0,360.0,0.0,3553.0,33.629674777062725,168,4.730984275500135,Infinity,0.970234844347352,0.0,21318.0,1,ID95472,95375,352,59.1725
95473,360,202,77.38778625954198,442.9526717557252,1310.0000000000002,0.5437292081123833,1.0,1.6850253593806734,26.44851843885331,15.69621388284292,2.0054858386955394,-0.0021329176449941026,0.15137113809192257,7.0,7.0,7.0,7.0,174.0,360.0,0.0,1310.0,20.420233860089994,104,4.807436986761178,Infinity,0.9597069597069599,0.0,9170.0,1,ID95473,95378,352,98.6728
95474,360,203,461.971386647102,458.0223771093177,2726.0000000000005,0.5569707058848711,1.0,1.2638119533813055,33.580980482555326,26.571184417673873,-1.3028923141844666,-0.42388026160535586,0.5034963435292987,8.0,8.0,8.0,8.0,248.0,360.0,0.0,2726.0,29.45696436731072,136,4.749946904750169,Infinity,0.9426002766251731,0.0,21808.0,1,ID95474,95376,352,17.1594
95475,360,293,61.205607476635514,778.6748647319233,2033.0000000000005,0.6020226095530258,1.0,1.2689826367178894,28.827468360835248,22.716991964046827,2.5501256301395294,-0.23322303550857607,-0.5216432714039249,9.0,9.0,9.0,9.0,206.0,360.0,0.0,2033.0,25.43863201140436,112,4.568761958533541,Infinity,0.9621391386654049,0.0,18297.0,1,ID95475,95380,352,11.3982
95476,360,191,872.8274509803922,894.5892156862745,1020.0,0.37049653216112716,0.7322388904613643,2.866501663412952,31.71587314498539,11.06431353234361,0.016466457849823483,-0.021423596699920153,1.229027003366104,10.0,10.0,10.0,10.0,186.0,360.0,0.0,1020.0,18.01877032173579,82,5.82388590709189,Infinity,0.9268514311676511,0.0,10200.0,1,ID95476,95379,352,280.9685
95558,368,197,94.37395833333333,22.822395833333335,1919.9999999999993,0.6410732165896907,0.7135207496653279,1.144423933021887,26.84051683895622,23.453299135472463,2.240716799274505,-0.13902468352305736,-0.4593531971965163,1.0,1.0,1.0,1.0,194.0,368.0,0.0,1920.0,24.72154892948413,102,4.427424006500093,Infinity,0.9753619507239009,0.0,1920.0,1,ID95558,95467,360,21.9821
95559,368,200,49.159744408945684,87.52476038338658,1252.0000000000007,0.5994930654312488,-0.038771593090211096,1.0675403080664219,20.869537754898978,19.549180107961305,1.8112955386475307,-0.05349085530956679,0.25626417713894106,2.0,2.0,2.0,2.0,162.0,368.0,0.0,1252.0,19.96306533331257,90,4.578390693448193,-Infinity,0.960122699386504,0.0,2504.0,1,ID95559,95469,360,7.3346
95560,368,145,189.47555778390574,127.83655051391327,3989.0000000000036,0.5644706587617538,1.0,1.2565418494807585,39.74509258016089,31.630536298162117,-0.9412971702685745,0.05212847932397205,0.03663725618897769,3.0,3.0,3.0,3.0,298.0,368.0,0.0,3989.0,35.63338513230454,186,4.718285823055563,Infinity,0.9703235222573594,0.0,11967.0,1,ID95560,95470,360,23.8805
95561,368,174,133.1439756415833,233.14310569812963,2298.9999999999995,0.4852540654799068,1.0,2.1205682013891773,39.435101704568375,18.596478848798434,0.15595185007275367,-0.31987836920411045,-0.1862717827271766,4.0,4.0,4.0,4.0,244.0,368.0,0.0,2299.0,27.051699176512642,134,5.088858096765189,Infinity,0.9571190674437965,0.0,9196.0,1,ID95561,95471,360,176.626
95562,368,219,14.748629600626469,292.7212216131558,1277.0000000000005,0.530032212793522,0.7425517398226061,1.5746953628156761,25.455958822921627,16.16564030353428,1.7927456206386978,-0.18507149697100528,0.016238687222062936,5.0,5.0,5.0,5.0,174.0,368.0,0.0,1277.0,20.161391932520456,98,4.869157242013752,Infinity,0.9536967886482451,0.0,6385.0,1,ID95562,,,
95563,368,266,575.3955747436589,306.16459794927147,3706.000000000003,0.5461973341247788,1.0,1.3799889804697283,40.32536118681984,29.221509560963067,2.421922352755792,0.04544742540233452,-0.008973966825545356,6.0,6.0,6.0,6.0,292.0,368.0,0.0,3706.0,34.34612697520827,178,4.796562899649789,Infinity,0.949161224228455,0.0,22236.0,1,ID95563,95472,360,47.389
95564,368,202,114.03552631578947,429.98815789473684,1519.999999999999,0.6308919055960474,1.0,1.4924397258370026,27.42404153187321,18.37530927186559,1.5997297376793806,-0.34544134860412007,-0.008912488864272327,7.0,7.0,7.0,7.0,174.0,368.0,0.0,1520.0,21.996159369293576,80,4.463005831570421,Infinity,0.9731113956466062,0.0,10640.0,1,ID95564,95473,360,38.8733
95565,368,203,442.67147379528666,481.5188181498417,2843.000000000001,0.580875904926885,1.0,1.1970235257614186,32.84702298719296,27.44058264544065,1.3288346955935906,0.055709173912337505,0.02340441717440656,8.0,8.0,8.0,8.0,248.0,368.0,0.0,2843.0,30.082470085093032,144,4.65118111391985,Infinity,0.9624238320920787,0.0,22744.0,1,ID95565,95474,360,30.4067
95566,368,293,47.098468271334795,766.835886214442,2285.000000000001,0.5722687510724395,1.0,1.327084530525393,31.219042907314716,23.524532303119447,0.4099200747893412,-0.3318885816211197,0.7758174806322227,9.0,9.0,9.0,9.0,224.0,368.0,0.0,2285.0,26.969206327401665,134,4.6860283977394035,Infinity,0.9631190727081141,0.0,20565.0,1,ID95566,95475,360,18.4166
95567,368,304,894.1445261791432,886.1008221549113,2311.000000000001,0.45730792532413794,0.7173643794897202,1.8056413955623385,37.125136862180426,20.560636765097197,0.19351710518262677,0.8330033460632906,1.322937540056182,10.0,10.0,10.0,10.0,252.0,368.0,0.0,2311.0,27.122207634533375,132,5.2420428664888306,Infinity,0.9484916888980095,0.0,23110.0,1,ID95567,,,
95568,368,312,14.047127468581687,64.53276481149013,2227.999999999998,0.3956961067441943,0.6742915048902958,2.0174144947249717,39.17569906729978,19.418765538630915,1.5228885738425213,0.34375796137353926,0.5195110470022462,11.0,11.0,11.0,11.0,266.0,368.0,0.0,2228.0,26.630704579816978,132,5.635390861473578,Infinity,0.8790688498717688,0.0,24508.0,1,ID95568,95468,360,10.7824
95657,376,197,93.43925702811245,27.873493975903614,1992.0000000000007,0.5676238155057478,0.8530232558139534,1.4038969720809555,29.800429799533276,21.22693501885752,2.617179852483655,0.051726033831366106,0.03928816633719461,1.0,1.0,1.0,1.0,210.0,376.0,0.0,1992.0,25.180812005932438,128,4.705162506956318,Infinity,0.9658181818181824,0.0,1992.0,1,ID95657,95558,368,5.1369
95658,376,312,16.18467995802728,62.51941238195173,953.0000000000003,0.6288464185824562,0.704321907600596,1.2198020138425798,19.61471841347522,16.080247606482946,-0.4205627007706041,-0.7012924155774979,0.18367988367017413,2.0,2.0,2.0,2.0,138.0,376.0,0.0,953.0,17.41692629407246,72,4.470258483902984,Infinity,0.9660415610745063,0.0,1906.0,1,ID95658,95568,368,2.9364
95659,376,200,65.00943396226415,102.40431266846362,1484.0000000000002,0.5885776414502277,0.9845468053491826,1.2191085906682397,23.99995773178267,19.686480692115687,0.9390529489197517,-0.26116467899805823,-0.2099291495158279,3.0,3.0,3.0,3.0,178.0,376.0,0.0,1484.0,21.73411767467788,110,4.620649771695368,Infinity,0.9677208999021846,0.0,4452.0,1,ID95659,95559,368,21.7397
95661,376,145,214.95053083352158,138.59159701829682,4427.000000000007,0.5299432509313381,1.0,1.1076995057620338,40.365965526864635,36.44125985151105,-1.56331104336851,1.01411303657164,-0.054661087461839473,4.0,4.0,4.0,4.0,324.0,376.0,0.0,4427.0,37.53875152606495,174,4.869565918902445,Infinity,0.9379237288135609,0.0,17708.0,1,ID95661,95560,368,27.6522
95664,376,174,188.95186684660368,255.306342780027,2222.999999999999,0.587809146446436,1.0,1.432033218224023,32.197474747287416,22.483748517522546,0.037136470698196734,-0.1473461006443483,-0.4197357190503294,5.0,5.0,5.0,5.0,218.0,376.0,0.0,2223.0,26.600805946184533,118,4.6236692776239865,Infinity,0.9694723070213688,0.0,11115.0,1,ID95664,95561,368,60.0477
95665,376,266,603.5958234205657,277.59265133491937,3782.9999999999995,0.5353202562285566,1.0,1.31323059009757,39.60238175886008,30.156456952405986,-0.11307240792687943,-0.34855442685960364,-0.13644716548181096,6.0,6.0,6.0,6.0,298.0,376.0,0.0,3783.0,34.70109939804905,184,4.845048105498463,Infinity,0.9461047892959858,0.0,22698.0,1,ID95665,95563,368,40.1449
95667,376,219,58.24790307548928,271.28424976700836,1073.000000000001,0.615582344284487,1.0,1.2177618886990207,20.972560469755134,17.222217795106793,-0.9319067442389524,0.7424132461256266,-0.20894803971332548,7.0,7.0,7.0,7.0,148.0,376.0,0.0,1073.0,18.48097691885382,76,4.518162580457709,Infinity,0.9584635998213497,0.0,7511.0,1,ID95667,95562,368,48.4946
95668,376,203,450.72924988903685,476.2396804260985,2252.9999999999995,0.5849593593832895,1.0,1.057432548737425,27.51477720654299,26.020361525087957,3.1093729594264614,0.05755131622714369,0.3122903769824195,8.0,8.0,8.0,8.0,220.0,376.0,0.0,2253.0,26.779697040334124,134,4.634918318663614,Infinity,0.9667453336193947,0.0,18024.0,1,ID95668,95565,368,9.6331
95670,376,202,106.75142045454545,484.74076704545456,1408.0000000000005,0.5980749670435952,1.0,1.4687817658245208,25.778864086946076,17.551187444429335,1.564303170612546,-0.1755353532320493,0.15156179607862985,9.0,9.0,9.0,9.0,172.0,376.0,0.0,1408.0,21.170269713604913,94,4.583815401645623,Infinity,0.9670329670329672,0.0,12672.0,1,ID95670,95564,368,55.235
95671,376,293,57.03195319531953,763.8249324932493,2222.0,0.5564906629684726,1.0,1.4217142761012402,31.577707148837796,22.211007992008902,0.7448364691708163,0.0911537776833483,-0.16673496406274288,10.0,10.0,10.0,10.0,224.0,376.0,0.0,2222.0,26.594822185913987,140,4.751995175272654,Infinity,0.9658769832645077,0.0,22220.0,1,ID95671,95566,368,10.3798
95673,376,304,878.0342146189736,873.7624416796267,2571.999999999999,0.42428987108973665,0.5144529298408393,1.5014888211211908,37.730893077993414,25.128987007588258,0.01279455981571612,1.4193056997697953,-0.20161534479816315,11.0,11.0,11.0,11.0,276.0,376.0,0.0,2572.0,28.612812292130766,118,5.4421887464031835,Infinity,0.8080427269871185,0.0,28292.0,1,ID95673,95567,368,20.2923
95676,376,303,924.9358761746821,887.8689883913764,1809.0,0.5462457814632772,0.3332514433116325,1.501711243824154,32.51047057990308,21.648949299410027,0.22860040403006576,0.15002470479419416,3.1460569456959506,12.0,12.0,12.0,12.0,204.0,376.0,0.0,1809.0,23.996303550890445,76,4.796350187838469,Infinity,0.9660881174899866,0.0,21708.0,1,ID95676,,,
95770,384,197,63.11498257839721,26.098722415795585,1722.000000000002,0.5632884787048762,0.39565041199513706,1.6166106563327842,29.797635444823833,18.432165672109672,2.1909021497878767,-0.19265935074672808,0.010546742818020096,1.0,1.0,1.0,1.0,196.0,384.0,0.0,1722.0,23.412168289342365,116,4.72323438857642,Infinity,0.9682316558897961,0.0,1722.0,1,ID95770,95657,376,30.3762
95771,384,312,19.190751445086704,69.34104046242774,1038.0000000000005,0.5955027710785622,0.7403940198407154,1.1349163522120211,19.238009808107357,16.95103764309264,0.5532924178969544,-0.06651786938588387,-0.059353340104723006,2.0,2.0,2.0,2.0,148.0,384.0,0.0,1038.0,18.177064170508253,94,4.593704328807085,Infinity,0.9642359498374365,0.0,2076.0,1,ID95771,95658,376,7.4546
95773,384,145,205.83852760736195,166.49865030674846,4075.000000000003,0.5541027555132626,1.0,1.4563128292459158,43.67427244205919,29.989622809732364,1.2604499812562389,-0.2548140801826597,0.41292616969835944,4.0,4.0,4.0,4.0,304.0,384.0,0.0,4075.0,36.01545204768292,184,4.762223535926779,Infinity,0.9664413613186299,0.0,16300.0,1,ID95773,95661,376,29.357
95774,384,266,635.3247172859451,253.86914378029078,3714.0000000000023,0.5626868786377556,1.0,1.4607888604168635,41.62603555848302,28.495586656242878,0.5754677591118379,-0.38892164981306543,0.30971018362039987,5.0,5.0,5.0,5.0,288.0,384.0,0.0,3714.0,34.38317782414242,180,4.725758651303678,Infinity,0.9745473628968779,0.0,18570.0,1,ID95774,95665,376,39.6173
95775,384,219,91.10442144873001,270.54656632173095,1062.9999999999995,0.6266678533995025,1.0,1.2300902323212075,20.64866062600854,16.786297527982203,0.3652183339692763,0.231816757330357,0.33347031315704395,6.0,6.0,6.0,6.0,146.0,384.0,0.0,1063.0,18.394657077895456,76,4.478022006561735,Infinity,0.9676832043695945,0.0,6378.0,1,ID95775,95667,376,32.8648
95776,384,174,255.85962732919253,277.6111801242236,2414.999999999998,0.5736821367424835,1.0,1.800591135748144,37.899516409154764,21.048374423662565,0.20324828348879853,0.38099909581823166,-0.6610217096055222,7.0,7.0,7.0,7.0,230.0,384.0,0.0,2415.0,27.72577095652804,112,4.68025233344976,Infinity,0.9720265647011463,0.0,16905.0,1,ID95776,95664,376,70.5277
95777,384,203,442.6370174110522,467.6006813020439,2641.9999999999995,0.5861229991373654,1.0,1.2872943601562545,32.88015094096423,25.542060898156322,2.1864537576220227,-0.43313846381240256,-0.25525730623681864,8.0,8.0,8.0,8.0,238.0,384.0,0.0,2642.0,28.99956412254458,148,4.630315142563728,Infinity,0.9749077490774906,0.0,21136.0,1,ID95777,95668,376,11.8371
95778,384,293,51.910224438902745,762.1325852036575,2405.9999999999973,0.5617324557474014,1.0,1.5125377294748448,34.150921197894576,22.578558228594947,1.2060191969434058,0.2654372357237292,-0.14175025941923622,9.0,9.0,9.0,9.0,232.0,384.0,0.0,2406.0,27.674059806219244,140,4.729771645346515,Infinity,0.9670418006430859,0.0,21654.0,1,ID95778,95671,376,5.3941
95779,384,303,920.4813787638669,878.2056259904913,2523.9999999999986,0.5995750364960782,0.6861326059121527,1.4276565066440867,37.4862176275522,26.257168620811306,1.2001160479626736,1.2663333449464307,6.135196565391523,10.0,10.0,10.0,10.0,230.0,384.0,0.0,2524.0,28.344561254813723,114,4.57807771478369,Infinity,0.9674204676121115,0.0,25240.0,1,ID95779,95676,376,10.6406
95780,384,304,844.7927461139897,879.1860967184801,2316.0000000000023,0.6013164120424767,0.7009135722790346,1.551589029387472,39.01752884338165,25.14681923136875,-1.302705662919653,-1.5139149458107644,8.556585878154662,11.0,11.0,11.0,11.0,220.0,384.0,0.0,2316.0,27.151532118863198,104,4.571443992078603,Infinity,0.9708656466149665,0.0,25476.0,1,ID95780,95673,376,33.681
107493,384,200,78.02075471698113,78.02075471698113,232.3521955581855,0.9999999999999999,-0.09362672508159897,1.0,8.60000005364418,8.60000005364418,0.0,0.0,0.0,32976.0,23623.56678700361,23424.0,16144.0,54.03539397880077,384.0,0.0,-1.0,8.60000005364418,,3.544907701811032,-1.5483831951419413,1.0,3152.0257553470524,6543728.0,1,ID107493,95659,376,27.6379
