ID,FRAME,TRACK_ID,POSITION_X,POSITION_Y,AREA,CIRCULARITY,CONTRAST_CH1,ELLIPSE_ASPECTRATIO,ELLIPSE_MAJOR,ELLIPSE_MINOR,ELLIPSE_THETA,ELLIPSE_X0,ELLIPSE_Y0,MAX_INTENSITY_CH1,MEAN_INTENSITY_CH1,MEDIAN_INTENSITY_CH1,MIN_INTENSITY_CH1,PERIMETER,POSITION_T,POSITION_Z,QUALITY,RADIUS,ROI_N_POINTS,SHAPE_INDEX,SNR_CH1,SOLIDITY,STD_INTENSITY_CH1,TOTAL_INTENSITY_CH1,VISIBILITY,name,ancestor_SPOT_ID,ancestor_FRAME,displacement
92061,0,1,55.84834918858422,36.094012311135984,1786.9999999999977,0.5845508196548265,0.9551422319474836,1.4083618209186026,28.416864303739363,20.177246984162416,2.209779561107933,0.3254045937614085,0.3090785838704946,1.0,1.0,1.0,1.0,196.0,0.0,0.0,1787.0,23.849942696166657,114,4.636537696718814,Infinity,0.9667297809034341,0.0,1787.0,1,ID92061,,,
92062,0,2,23.9328165374677,506.4764857881137,1935.0000000000002,0.5730023361953295,0.824181004006599,1.4077919946310815,29.56922840892434,21.003975389612222,1.3731085679200135,-0.059837862330624415,-0.0997257283996639,2.0,2.0,2.0,2.0,206.0,0.0,0.0,1935.0,24.817929602721396,118,4.683027797697251,Infinity,0.9462102689486555,0.0,3870.0,1,ID92062,,,
92063,0,238,85.78066298342542,540.903867403315,1809.9999999999995,0.5686282702997525,1.0,1.3845440294017746,28.52276290708791,20.600834860709956,-1.3570663916349273,0.5116083023368379,0.13878546940657854,3.0,3.0,3.0,3.0,200.0,0.0,0.0,1810.0,24.002935112037047,106,4.7010049472226845,Infinity,0.9380668566986263,0.0,5430.0,1,ID92063,,,
92064,0,6,778.4008438818565,612.7594936708861,947.9999999999998,0.6078020072659436,1.0,1.1851177536312452,18.9335339377089,15.976078224881741,2.2655978238885908,0.03967455302773329,-0.08314190248378535,4.0,4.0,4.0,4.0,140.0,0.0,0.0,948.0,17.371176474327623,82,4.546988617231417,Infinity,0.9639044229791559,0.0,3792.0,1,ID92064,,,
92065,0,4,196.7048231511254,627.7151125401929,1554.9999999999995,0.5771711455968959,1.0,1.0435989941411996,22.970095811109115,22.010461815375464,1.0585088716044286,-0.5743854334537511,0.17992559319987952,5.0,5.0,5.0,5.0,184.0,0.0,0.0,1555.0,22.247963345344544,112,4.666084789936959,Infinity,0.9496183206106867,0.0,7775.0,1,ID92065,,,
92067,0,5,562.4111812443643,710.2497745716862,1109.0000000000002,0.4937678929749265,1.0,2.3572645230346,29.220441907024483,12.395911286785859,0.019622560418584678,-0.010917298212639707,0.2108380780055415,6.0,6.0,6.0,6.0,168.0,0.0,0.0,1109.0,18.78844495368959,82,5.044794833720916,Infinity,0.9165289256198349,0.0,6654.0,1,ID92067,,,
92076,0,7,365.12367442501034,185.02864619198456,7261.0000000000055,0.43121180071295856,0.9039835675108712,2.6512017816579996,81.7404907787624,30.831486062009137,1.3715018901332592,0.6404712640578251,0.577478177080589,10.0,10.0,10.0,10.0,460.0,0.0,0.0,7261.0,48.075441584872685,218,5.3983322851813424,Infinity,0.881028938906753,0.0,72610.0,1,ID92076,,,
92080,0,0,283.6326023262008,371.4522773683743,11263.000000000002,0.3210168208138141,0.8940961629263264,2.515449918539503,93.43380375151861,37.143972958033395,2.2965484907882603,-1.393819321631797,3.3713613407284897,13.0,13.0,13.0,13.0,664.0,0.0,0.0,11263.0,59.87590707528392,466,6.25663813334278,Infinity,0.8202905939332147,0.0,146419.0,1,ID92080,,,
105340,0,235,756.8333333333334,891.5,232.3521955581855,0.9999999999999999,0.02659766748498011,1.0,8.60000005364418,8.60000005364418,0.0,0.0,0.0,30656.0,23041.4440433213,23152.0,16224.0,54.03539397880077,0.0,0.0,-1.0,8.60000005364418,,3.544907701811032,0.5381240425597497,1.0,2218.710160599804,6382480.0,1,ID105340,,,
105352,0,237,667.5,895.5,232.3521955581855,0.9999999999999999,0.022357077754373966,1.0,8.60000005364418,8.60000005364418,0.0,0.0,0.0,23008.0,17088.682310469314,16608.0,13136.0,54.03539397880077,0.0,0.0,-1.0,8.60000005364418,,3.544907701811032,0.4013288473030847,1.0,1862.3042023756343,4733565.0,1,ID105352,,,
92115,4,1,33.37380699893956,24.1558854718982,1885.999999999999,0.6045346132711302,0.6856844927752123,1.2664258233214114,27.602622025141553,21.79568792489489,-0.3337421976769773,0.24133203063799208,0.0022403135642493303,1.0,1.0,1.0,1.0,198.0,4.0,0.0,1886.0,24.501682500241262,116,4.559259860679191,Infinity,0.9721649484536081,0.0,1886.0,1,ID92115,92061,0,25.4485
92117,4,238,49.951526032315975,539.1113105924596,1671.0000000000007,0.494825273272556,0.12055733551896279,1.4247095856371543,27.77576965303759,19.495741400950703,1.4074442507772542,0.44643106860878806,0.11085977331923907,3.0,3.0,3.0,3.0,206.0,4.0,0.0,1671.0,23.062866686800113,128,5.039401900430588,Infinity,0.9111232279171214,0.0,5013.0,1,ID92117,92063,0,35.874
92118,4,4,173.89723827874116,623.6371226718047,1557.0,0.541990001289674,1.0,1.1157017702782461,23.984847930674555,21.497544029792966,1.3108719447119235,-0.9311081118276381,0.2139188229636579,4.0,4.0,4.0,4.0,190.0,4.0,0.0,1557.0,22.262266119785785,116,4.815144168041468,Infinity,0.9265099672716456,0.0,6228.0,1,ID92118,92065,0,23.1693
92119,4,6,757.556616643929,628.4038199181446,732.9999999999998,0.5129844987928978,1.0,2.047791071096108,22.066946927803862,10.775975752249096,0.1720830224422874,-0.2083314905549267,0.07570124089191232,5.0,5.0,5.0,5.0,134.0,4.0,0.0,733.0,15.274853405932198,68,4.94940292952589,Infinity,0.9231738035264481,0.0,3665.0,1,ID92119,92064,0,26.062
92120,4,5,520.4224270353303,711.3379416282642,650.9999999999998,0.4840655189318236,1.0,1.8126461859450524,19.59222068096239,10.808629302771335,2.7415795970555217,0.27910334767440004,0.23879420777378443,6.0,6.0,6.0,6.0,130.0,4.0,0.0,651.0,14.395128895068904,74,5.095101710852534,Infinity,0.9169014084507036,0.0,3906.0,1,ID92120,92067,0,42.0029
92121,4,237,629.6282467532468,892.2532467532468,616.0,0.5752738033921856,0.7327707454289731,1.251456963785376,18.70622893550173,14.947560704700217,2.086013259065184,-0.916969804297498,4.750744561403967,7.0,7.0,7.0,7.0,116.0,4.0,0.0,616.0,14.002817212590296,58,4.673773191347205,Infinity,0.9595015576323987,0.0,4312.0,1,ID92121,105352,0,38.0107
92122,4,7,342.6720825274017,206.94364925854288,7755.000000000008,0.38364592826576077,0.6863125277473249,1.3220895542572808,60.955026616346544,46.105066347483294,-1.4818160850005313,-0.6442848737086662,-3.5433484453637645,8.0,8.0,8.0,8.0,504.0,4.0,0.0,7755.0,49.683932688096455,300,5.723209390310515,Infinity,0.860519307589881,0.0,62040.0,1,ID92122,92076,0,31.3742
92127,4,0,252.88642050193343,380.5484873758435,13188.999999999984,0.26827279884101374,0.7856151633102049,2.4208342477501437,104.1719177378302,43.03141275973136,-0.8368060598555634,1.6154266926351495,-1.9883269079835293,10.0,10.0,10.0,10.0,786.0,4.0,0.0,13189.0,64.79343399510486,552,6.844104183489322,Infinity,0.7961727687060446,0.0,131890.0,1,ID92127,92080,0,32.0635
92128,4,2,18.340257171117706,501.12528849324104,3032.999999999999,0.42919014991837484,0.6585442644682878,1.4947487644165756,48.880357468901636,32.7013867698231,2.1203560556530334,-13.245768251218928,5.096357023686224,11.0,11.0,11.0,11.0,298.0,4.0,0.0,3033.0,31.071431972077452,154,5.411031459648244,Infinity,0.9450070104377627,0.0,33363.0,1,ID92128,92062,0,7.7403
105329,4,235,739.5,890.1666666666666,232.3521955581855,0.9999999999999999,-0.016925971364174893,1.0,8.60000005364418,8.60000005364418,0.0,0.0,0.0,19584.0,14286.20938628159,14016.0,9872.0,54.03539397880077,4.0,0.0,-1.0,8.60000005364418,,3.544907701811032,-0.2388335749014906,1.0,2059.7713182619977,3957280.0,1,ID105329,105340,0,17.3845
92169,8,1,43.04951560818084,21.17599569429494,1857.9999999999995,0.6203718939706487,0.7174549376059158,1.1997209073223722,26.880098911314885,22.40529338719946,2.7046348869231673,0.21881612522907487,-0.44622709444512043,1.0,1.0,1.0,1.0,194.0,8.0,0.0,1858.0,24.319123514828465,106,4.500687664237834,Infinity,0.9712493465760584,0.0,1858.0,1,ID92169,92115,4,10.1242
92171,8,239,9.238853503184714,525.3312101910828,942.0,0.5123580816623243,0.6603995299647473,2.0812284573127027,25.628895915360182,12.314311687075621,1.5794881387143915,-0.9877731935357514,-0.03606882665767859,2.0,2.0,2.0,2.0,152.0,8.0,0.0,942.0,17.31611713939158,66,4.952427614628167,Infinity,0.9661538461538461,0.0,1884.0,1,ID92171,,,
92173,8,238,48.776864357017025,549.4527304756313,1703.0000000000005,0.4946498048320469,0.9220013793968272,1.3956123234331674,27.560320455783135,19.747833974398787,1.2728012391725632,0.4227466636430521,0.2103580183419497,3.0,3.0,3.0,3.0,208.0,8.0,0.0,1703.0,23.28264882205192,122,5.040295641395627,Infinity,0.8977332630469164,0.0,5109.0,1,ID92173,92117,4,10.4079
92174,8,6,787.4135977337111,607.2875354107649,706.0,0.596066759858746,1.0,1.2068482546134334,16.4423716722952,13.624224594468066,1.1614718434839868,-0.028600244211499013,0.055192295497042895,4.0,4.0,4.0,4.0,122.0,8.0,0.0,706.0,14.99088988838742,74,4.591530569919387,Infinity,0.9579375848032563,0.0,2824.0,1,ID92174,92119,4,36.5696
92176,8,4,177.9042481456507,637.9615643964936,1483.0000000000014,0.5881810257888735,1.0,1.1098339175924783,22.889911088550665,20.624627456155697,1.5204208227432738,-0.13172289765177908,0.21405621334426667,5.0,5.0,5.0,5.0,178.0,8.0,0.0,1483.0,21.726793624705923,102,4.622207381640736,Infinity,0.9506410256410265,0.0,7415.0,1,ID92176,92118,4,14.8743
92177,8,6,764.3767885532592,663.8044515103338,629.0000000000002,0.6301217407869836,1.0,1.131910211929544,15.179198698425289,13.410249804663941,2.5663956231517377,0.17929878481945494,-0.10771693748655958,6.0,6.0,6.0,6.0,112.0,8.0,0.0,629.0,14.149802769282843,62,4.465732447841839,Infinity,0.9603053435114506,0.0,3774.0,1,ID92177,92119,4,36.0516
92179,8,5,523.3829160530191,725.5478645066274,678.9999999999999,0.43533498199744264,0.6647014184811161,1.927878021525229,20.53500144587954,10.651608253531206,2.7643805144572866,0.0074012790666858905,0.2225739268710964,7.0,7.0,7.0,7.0,140.0,8.0,0.0,679.0,14.701442538703263,90,5.372706895173354,Infinity,0.9095780308104487,0.0,4753.0,1,ID92179,92120,4,14.515
92181,8,237,651.9507389162561,892.23973727422,609.0,0.5496207773732215,0.7219604147031103,1.4972644065694247,18.102712037778858,12.090524531506304,2.559241870476429,-0.17843618475404374,1.2154155691516122,9.0,9.0,9.0,9.0,118.0,8.0,0.0,609.0,13.923028430838189,62,4.781601300991336,Infinity,0.9405405405405406,0.0,5481.0,1,ID92181,92121,4,22.3225
92184,8,7,339.2831898919612,216.77412561801867,10921.999999999975,0.3309331715839246,0.7402619475042755,1.8868781260538445,80.93770392239259,42.89503535221062,1.857170181756135,1.902163615763141,-2.7020463383771562,10.0,10.0,10.0,10.0,644.0,8.0,0.0,10922.0,58.96253536695444,388,6.1621856920417954,Infinity,0.8244263285024132,0.0,109220.0,1,ID92184,92122,4,10.3982
92189,8,0,253.0512840286882,391.4735096784144,12967.000000000042,0.27199909152828006,0.8651888315299908,2.5089227964353586,101.92636882625496,40.62555012496617,2.337826326652344,-5.788986852146663,2.5696747487851064,12.0,12.0,12.0,12.0,774.0,8.0,0.0,12967.0,64.2458114910632,570,6.797061590960018,Infinity,0.8217884530071642,0.0,155604.0,1,ID92189,92127,4,10.9263
92191,8,235,761.1411801050356,885.9827000308928,3236.999999999998,0.4178720997563344,0.6736095723465544,1.9392761157231997,46.93882842952304,24.2043038889377,0.02091944008782587,-0.023254847114086347,1.320140845988884,14.0,14.0,14.0,14.0,312.0,8.0,0.0,3237.0,32.099362946590226,166,5.483820671450383,Infinity,0.9420838183934802,0.0,45318.0,1,ID92191,105329,4,22.0419
92143,12,1,33.6529284164859,20.768438177874188,1843.9999999999984,0.6418943881683739,0.6778889899909009,1.1621954536236812,26.728280887897686,22.998094515479238,2.5151100773512156,0.1362837327019374,-0.9384937214814807,1.0,1.0,1.0,1.0,190.0,12.0,0.0,1844.0,24.22732816723523,96,4.424591111909914,Infinity,0.9748876553000256,0.0,1844.0,1,ID92143,92169,8,9.4054
92144,12,6,803.7538896746818,509.8811881188119,706.9999999999998,0.5098957773388391,1.0,1.9557131424794352,21.13775510104545,10.808208341969415,1.3043968953239706,0.15902375859499704,-0.1215357006093327,2.0,2.0,2.0,2.0,132.0,12.0,0.0,707.0,15.001502909106804,74,4.964370935334371,Infinity,0.9099099099099098,0.0,1414.0,1,ID92144,92174,8,98.7674
92145,12,238,38.70940683043739,553.6195326542841,1668.999999999999,0.5039713705153174,1.0,1.3566667439592264,27.477864656957177,20.25395313868105,0.9245435731051187,0.25425091073403566,-0.37450069674482883,3.0,3.0,3.0,3.0,204.0,12.0,0.0,1669.0,23.049060719273278,124,4.993464872410261,Infinity,0.90780527604025,0.0,5007.0,1,ID92145,92173,8,10.8957
92146,12,4,165.3190056965303,637.3215950284826,1931.0000000000007,0.6066415414081893,1.0,1.0050069144453277,24.995691614317487,24.87116382489053,0.8335865324132532,-0.09247355030183631,-0.04763766017449001,4.0,4.0,4.0,4.0,200.0,12.0,0.0,1931.0,24.792264725532842,114,4.551335586270291,Infinity,0.9659829914957483,0.0,7724.0,1,ID92146,92176,8,12.6015
92148,12,6,769.2915032679739,629.1686274509804,765.0000000000002,0.6055223935490532,1.0,1.2626658366443773,17.979610528312627,14.23940523812278,2.036979610108897,-0.8676525327107381,-0.010207608882276795,5.0,5.0,5.0,5.0,126.0,12.0,0.0,765.0,15.604712843580298,72,4.555539614191779,Infinity,0.9646910466582601,0.0,3825.0,1,ID92148,92177,8,34.9828
92150,12,5,504.62672811059906,716.8325652841781,651.0,0.4695079929951688,1.0,2.3635215690343667,22.215736585961118,9.399421979904973,2.9225915699445606,-0.6375146907173678,0.12567304658944278,6.0,6.0,6.0,6.0,132.0,12.0,0.0,651.0,14.395128895068906,66,5.173487891019495,Infinity,0.909217877094972,0.0,3906.0,1,ID92150,92179,8,20.6821
92151,12,237,650.0341726618705,891.0989208633093,556.0000000000001,0.5990142371042267,0.7429467084639498,1.4632806589692917,16.74435004861002,11.443020138327007,0.7508684643391335,0.15124488812160902,1.0890442794110697,7.0,7.0,7.0,7.0,108.0,12.0,0.0,556.0,13.303394180365688,60,4.580220220271842,Infinity,0.9636048526863087,0.0,3892.0,1,ID92151,92181,8,2.2304
92154,12,7,327.320684448918,224.88444891796678,9934.999999999978,0.3789256032416871,0.5264507331688065,1.9191838580155662,77.12924695189271,40.18856589990511,1.9351098894238368,2.7204207690069997,-3.8197530920906395,8.0,8.0,8.0,8.0,574.0,12.0,0.0,9935.0,56.23529780516818,322,5.7587464385518,Infinity,0.852606736751768,0.0,79480.0,1,ID92154,92184,8,14.4526
92158,12,0,226.34499823259102,399.6636974195829,14144.999999999989,0.2722639207248529,0.9169523912778326,2.0539040796208834,99.55481964093217,48.47101703956318,-0.7420031295248932,-8.698837930087699,4.291615600620033,10.0,10.0,10.0,10.0,808.0,12.0,0.0,14145.0,67.10062101105858,534,6.793755059755078,Infinity,0.7573283362334352,0.0,141450.0,1,ID92158,92189,8,27.9339
92160,12,235,750.8279883381924,884.2746355685131,3429.9999999999995,0.4919495435451511,0.686872676060536,1.7363981472821588,46.89069829060316,27.004577472048858,-0.010716849813364735,-0.2890943422601251,2.8809449615406155,11.0,11.0,11.0,11.0,296.0,12.0,0.0,3430.0,33.04244103589203,134,5.054109548042579,Infinity,0.9502701205153066,0.0,37730.0,1,ID92160,92191,8,10.4537
92234,16,7,335.28205128205127,191.12948717948717,780.0000000000003,0.5146906678849065,1.0,1.094098225162003,16.424311916391517,15.01173435681204,0.8082951518217115,0.12875608629169186,0.012702307341001327,1.0,1.0,1.0,1.0,138.0,16.0,0.0,780.0,15.756957549709805,88,4.941192630872086,Infinity,0.9302325581395353,0.0,780.0,1,ID92234,92154,12,34.6811
92235,16,6,875.1027287319422,510.0513643659711,622.9999999999998,0.4778350154263771,1.0,1.8564391333644492,19.821697165029477,10.677267468018924,0.42332079847286797,0.015768364942137663,-0.40815153964530004,2.0,2.0,2.0,2.0,128.0,16.0,0.0,623.0,14.082153922340911,70,5.128211713376026,Infinity,0.898341744772891,0.0,1246.0,1,ID92235,92144,12,71.349
92236,16,238,40.46218487394958,543.3678086619263,1547.0,0.5060437146088516,1.0,1.4145672727692618,26.78941367879375,18.938239413915472,1.148708758258794,0.4130987782876176,-0.17626435478504426,3.0,3.0,3.0,3.0,196.0,16.0,0.0,1547.0,22.190660060627405,114,4.983229794573029,Infinity,0.8965517241379309,0.0,4641.0,1,ID92236,92145,12,10.4005
92237,16,6,777.0112866817155,633.1094808126411,886.0,0.4948357495254323,1.0,2.071667233477729,24.457506281130218,11.805711788988985,2.0034403270392307,-0.043514447727961585,-0.485077008245899,4.0,4.0,4.0,4.0,150.0,16.0,0.0,886.0,16.79352729949365,90,5.039348555125469,Infinity,0.9511540526033281,0.0,3544.0,1,ID92237,92148,12,8.6675
92238,16,4,164.57572443958446,637.7648988518316,1829.0000000000011,0.5982895630378733,1.0,1.0155564704219375,24.46928326647255,24.09445853494114,0.9620523283720722,-0.2435810191387817,0.12890446232698247,5.0,5.0,5.0,5.0,196.0,16.0,0.0,1829.0,24.128588475709755,112,4.582993260740564,Infinity,0.9596012591815326,0.0,9145.0,1,ID92238,92146,12,0.8654
92239,16,5,496.979766536965,722.6443579766537,1285.0000000000007,0.5212999173376661,1.0,2.060444686581769,29.25598454460553,14.19886917379012,3.1326607265030084,0.237911879902667,-0.027564474358698948,6.0,6.0,6.0,6.0,176.0,16.0,0.0,1285.0,20.22444569688305,86,4.909769503334701,Infinity,0.9458962090541043,0.0,7710.0,1,ID92239,92150,12,9.6048
92240,16,237,662.6063268892794,891.9209138840071,569.0,0.5501896644790989,0.7365208545269584,1.6952183898083046,18.169076793297357,10.717838422783933,2.677297448948829,0.33283375586092184,0.5198020690254919,7.0,7.0,7.0,7.0,114.0,16.0,0.0,569.0,13.458020851469092,54,4.779128612913631,Infinity,0.943615257048093,0.0,3983.0,1,ID92240,92151,12,12.599
92241,16,1,35.62472613458529,31.699530516431924,3194.999999999998,0.3970328914291121,0.6588785046728972,1.9817957204736993,50.46746633108141,25.465523923433647,2.085236625614707,0.8442435298262535,-5.114092451003424,8.0,8.0,8.0,8.0,318.0,16.0,0.0,3195.0,31.89043879217109,144,5.625895859803319,Infinity,0.814323945456862,0.0,25560.0,1,ID92241,92143,12,11.1075
92242,16,0,216.59523147504518,403.58362296677325,14386.000000000011,0.24217116723756216,0.9825692826353816,1.6860407657855856,99.89478064073204,59.24814077326746,2.262262949815964,-4.330350605120714,-0.05623581124892107,9.0,9.0,9.0,9.0,864.0,16.0,0.0,14386.0,67.66983096358389,526,7.203502554152751,Infinity,0.6747021855360666,0.0,129474.0,1,ID92242,92158,12,10.5083
92244,16,235,776.6523410202656,884.8249475890985,2861.999999999999,0.43969084916494616,0.7074674356169831,1.4557313724177703,41.043434869159384,28.194374076717097,0.031845554454080105,-0.9788439852196096,4.940025968539125,11.0,11.0,11.0,11.0,286.0,16.0,0.0,2862.0,30.182824491057968,128,5.346027869010823,Infinity,0.8998585128124507,0.0,31482.0,1,ID92244,92160,12,25.8302
92334,20,7,347.80103806228374,183.84861591695503,1156.0000000000007,0.5271710128537964,1.0,1.5206500465039334,23.831011754327132,15.671595058387084,1.1629804772523133,0.300344996907654,-0.1365499987099724,1.0,1.0,1.0,1.0,166.0,20.0,0.0,1156.0,19.18244584062372,102,4.882352941176469,Infinity,0.9303822937625763,0.0,1156.0,1,ID92334,92234,16,14.4823
92335,20,6,842.1072902338377,471.6203576341128,727.0000000000005,0.5087854442325197,1.0,1.9669956655571437,21.402947392524364,10.881034344558184,-0.12094237809790208,-0.1549668249222199,-0.2771060825752564,2.0,2.0,2.0,2.0,134.0,20.0,0.0,727.0,15.212208493694003,74,4.969784908400301,Infinity,0.9185091598231211,0.0,1454.0,1,ID92335,92235,16,50.6522
92336,20,238,31.258992805755394,543.0359712230215,1529.000000000001,0.5001556817304037,1.0,1.399257542484271,26.635367586007323,19.035357521617026,0.8081649963579943,-0.05253521743579995,-0.5092630419247438,3.0,3.0,3.0,3.0,196.0,20.0,0.0,1529.0,22.061183467235303,114,5.012476259018131,Infinity,0.8938906752411582,0.0,4587.0,1,ID92336,92236,16,9.2092
92337,20,4,150.09699655342195,643.5898572131955,2030.9999999999989,0.5899199962500801,1.0,1.0206833599809055,25.642378824063627,25.1227558216912,1.3410334803793447,0.07955840134561357,0.01597335594116453,4.0,4.0,4.0,4.0,208.0,20.0,0.0,2031.0,25.426116078537802,130,4.615389665313049,Infinity,0.9689885496183198,0.0,8124.0,1,ID92337,92238,16,15.6065
92338,20,6,741.194214876033,710.2479338842975,967.9999999999998,0.5553436246667128,1.0,1.869826069773953,24.568008258050906,13.139194417703772,1.9402786898345143,-0.20754986608163012,-0.40834317915878665,5.0,5.0,5.0,5.0,148.0,20.0,0.0,968.0,17.553460337663036,74,4.756900164345866,Infinity,0.9612711022840116,0.0,4840.0,1,ID92338,92237,16,85.0482
92339,20,5,455.9650997150997,736.534188034188,1404.0000000000005,0.5326405126965428,1.0,2.0628215624811057,31.037368121467473,15.046075087627342,-0.10137238160017278,0.05058854683069259,0.2507274273135529,6.0,6.0,6.0,6.0,182.0,20.0,0.0,1404.0,21.14017691983779,86,4.857220665420976,Infinity,0.9534804753820034,0.0,8424.0,1,ID92339,92239,16,43.3028
92341,20,237,680.56,865.3772972972973,924.9999999999993,0.4429162024951313,0.9517709118311982,2.5969645539837116,27.946891042227218,10.761367920619875,1.213165398612384,4.4886747404090086E-4,0.3215183231491094,7.0,7.0,7.0,7.0,162.0,20.0,0.0,925.0,17.15915629394424,94,5.326527188693578,Infinity,0.910881339241752,0.0,6475.0,1,ID92341,92240,16,32.0452
92342,20,237,654.4887780548628,883.793017456359,802.0000000000002,0.5784107686361375,0.7105532103976895,1.0827809932708117,16.657615184094347,15.384103791641042,-0.6831643532219659,0.06493789691606078,0.3513350847323558,8.0,8.0,8.0,8.0,132.0,20.0,0.0,802.0,15.977625878690494,84,4.66108204020656,Infinity,0.9558998808104889,0.0,6416.0,1,ID92342,92240,16,11.4873
92343,20,1,23.598374679213002,25.355859709153123,2338.0000000000005,0.3694504111509953,0.44827586206896547,1.72859127726442,39.63931310930577,22.931570713486945,1.942341003434606,1.1178153517038758,-4.066305703034373,9.0,9.0,9.0,9.0,282.0,20.0,0.0,2338.0,27.280185371395532,132,5.832125419766836,Infinity,0.788532883642496,0.0,21042.0,1,ID92343,92241,16,13.5969
92345,20,0,214.74626432612794,405.3431742347309,13785.999999999996,0.16915588558792075,0.9683804727352967,1.6000690164670874,112.05182448399079,70.0293695651944,2.2589512467932025,-15.58770573991873,4.350239333326988,11.0,11.0,11.0,11.0,1012.0,20.0,0.0,13786.0,66.2436418905976,604,8.619089202451738,Infinity,0.5158369347626799,0.0,151646.0,1,ID92345,92242,16,2.5524
92347,20,235,775.09239653513,891.1222329162656,1038.999999999999,0.2649228769645152,0.7467077612776688,1.984164536683329,25.84955116678418,13.027927215145942,2.9908824366462428,-0.9320955796569966,0.03289234614323465,13.0,13.0,13.0,13.0,222.0,20.0,0.0,1039.0,18.185817873963167,126,6.887239738990447,Infinity,0.8576145274453152,0.0,13507.0,1,ID92347,92244,16,6.4876
92403,24,7,354.3192,177.476,1249.9999999999989,0.4848136811095355,1.0,1.891117185683852,27.542958883388195,14.564385058680703,1.029169715268882,0.030027914136662427,-0.46837168357508724,1.0,1.0,1.0,1.0,180.0,24.0,0.0,1250.0,19.947114020071623,106,5.091168824543144,Infinity,0.9147457006952058,0.0,1250.0,1,ID92403,92334,20,9.1157
92405,24,0,216.4487334137515,415.62605548854043,829.0000000000001,0.5801693717589527,0.7632045373980859,1.3282903300619842,18.72635098281397,14.09808575655302,2.490949214550067,-0.15729015819482103,-0.15844342949687748,3.0,3.0,3.0,3.0,134.0,24.0,0.0,829.0,16.244349652921244,78,4.654012368036159,Infinity,0.9567224466243511,0.0,2487.0,1,ID92405,92345,20,10.4229
92406,24,6,837.8714902807775,455.2246220302376,925.9999999999997,0.5611718358842877,1.0,1.580306129585891,21.87722329848485,13.843661610182854,0.0325706863936863,0.14364263387955487,-0.4724666773875483,4.0,4.0,4.0,4.0,144.0,24.0,0.0,926.0,17.168429008100595,80,4.73213361528558,Infinity,0.9429735234215882,0.0,3704.0,1,ID92406,92335,20,16.9341
92407,24,238,26.60508701472557,519.4598393574297,1493.9999999999995,0.49883509665885317,0.8725715479423437,1.4546643895997111,26.63118811632713,18.30744486957256,0.7129963302556905,-0.11592997957514288,-0.22160814414029867,5.0,5.0,5.0,5.0,194.0,24.0,0.0,1494.0,21.807222885057673,118,5.019106732900953,Infinity,0.9115314215985355,0.0,7470.0,1,ID92407,92336,20,24.0311
92408,24,4,133.55625327053897,640.3359497645212,1910.9999999999989,0.5885289247142527,1.0,1.0773843950281945,25.456896618322318,23.62842522668627,1.5630586590746243,0.017500727929918164,-0.05282245224865266,6.0,6.0,6.0,6.0,202.0,24.0,0.0,1911.0,24.66353973981074,128,4.620841009803944,Infinity,0.9680851063829781,0.0,11466.0,1,ID92408,92337,20,16.8578
92409,24,6,755.6737400530504,684.8713527851459,754.0000000000001,0.5606534581791016,1.0,1.387129641433116,18.720690685199386,13.495992101976903,2.1241551699833416,-0.36653419615010524,-0.31459811988874015,7.0,7.0,7.0,7.0,130.0,24.0,0.0,754.0,15.492115871712883,76,4.734320764739993,Infinity,0.952621604548326,0.0,5278.0,1,ID92409,92338,20,29.2169
92411,24,5,412.8079470198675,748.75,603.9999999999997,0.5640671708585713,0.7155480749000632,1.1460074006026864,15.459475624723634,13.489856711739803,2.3721760795091082,0.9689503183049631,-0.16388233101879923,9.0,9.0,9.0,9.0,116.0,24.0,0.0,604.0,13.865755343832138,60,4.719973060872726,Infinity,0.9371605896043441,0.0,5436.0,1,ID92411,92339,20,44.8527
92414,24,237,667.6855287569573,879.4768089053804,1078.0,0.5711986642890533,0.637634190804132,1.3542702228042678,21.524563730035336,15.893847008955667,1.1027816572960205,-0.0455248532018727,0.07132759421033794,10.0,10.0,10.0,10.0,154.0,24.0,0.0,1078.0,18.523985999404296,96,4.69041575982343,Infinity,0.9577965348733892,0.0,10780.0,1,ID92414,92342,20,13.8847
92422,24,237,719.5691390234812,870.242266120015,2682.999999999998,0.3600706176932551,0.8028894613058574,1.635528926427605,37.2431943407164,22.771345550007876,0.14441313335915626,-0.2675364090379844,-0.07215057523822091,12.0,12.0,12.0,12.0,306.0,24.0,0.0,2683.0,29.223713395650282,174,5.9076001132460405,Infinity,0.9180496150556025,0.0,32196.0,1,ID92422,92341,20,39.3113
92348,28,7,347.5960866526904,193.12019566736546,1431.0,0.5550147021341968,1.0,1.353871150443711,25.021117990637276,18.481166381628693,0.35914596073191785,-0.21900241320323074,0.5720875249400904,1.0,1.0,1.0,1.0,180.0,28.0,0.0,1431.0,21.3424798729905,104,4.7583095143088645,Infinity,0.9368248772504094,0.0,1431.0,1,ID92348,92403,24,17.0277
92349,28,0,219.3778801843318,400.22068612391195,1953.000000000001,0.44820881382576294,1.0,1.7733209341408274,33.201796291837375,18.722948369142003,1.6153617286132544,-0.6069012810948421,-1.1551238410079139,2.0,2.0,2.0,2.0,234.0,28.0,0.0,1953.0,24.933094627762184,144,5.294985019756618,Infinity,0.8789378937893794,0.0,3906.0,1,ID92349,92405,24,15.6814
92350,28,6,828.4934895833334,412.41796875,768.0000000000005,0.5067723499174465,1.0,1.4706663941897258,18.991504604806796,12.913536801981731,-0.06349632921587574,0.1286316654919806,-0.4114770583850295,3.0,3.0,3.0,3.0,138.0,28.0,0.0,768.0,15.635280380893443,78,4.979646071760521,Infinity,0.893023255813954,0.0,2304.0,1,ID92350,92406,24,43.8219
92351,28,238,17.89107142857143,504.4428571428571,1120.0,0.5637852542894678,0.70083523158694,1.5855293691401708,25.10306680177675,15.832609152733696,0.4158485081194354,-1.662440085040673,-7.846206291782302E-4,4.0,4.0,4.0,4.0,158.0,28.0,0.0,1120.0,18.881394877652593,76,4.721153006870855,Infinity,0.9275362318840578,0.0,4480.0,1,ID92351,92407,24,17.3621
92352,28,6,773.3876050420168,634.3088235294117,952.0,0.5177971271152152,1.0,1.881033496751392,24.596143894592547,13.075867036430193,1.8851762119866033,-0.3931279945301109,-0.5779111907104003,5.0,5.0,5.0,5.0,152.0,28.0,0.0,952.0,17.407785949022028,82,4.92634829899645,Infinity,0.9505741387918125,0.0,4760.0,1,ID92352,92409,24,53.5757
92353,28,4,103.91384432560903,665.0415923945336,1682.9999999999993,0.5983816699854707,1.0,1.2412982188170736,25.848981332186654,20.82415082881541,2.1853260416428233,-0.39780632568638297,-0.21893178238120692,6.0,6.0,6.0,6.0,188.0,28.0,0.0,1683.0,23.14552955642449,116,4.58264052453002,Infinity,0.9725512857555615,0.0,10098.0,1,ID92353,92408,24,38.5881
92354,28,5,398.6524926686217,755.2705278592375,1363.999999999999,0.5290286888267253,1.0,2.007898048304327,30.108097968508464,14.994834022541532,2.9863156641491044,0.9048293757736519,0.004039053696504171,7.0,7.0,7.0,7.0,180.0,28.0,0.0,1364.0,20.836858802484844,92,4.873773249664943,Infinity,0.9329685362517092,0.0,9548.0,1,ID92354,92411,24,15.5851
92355,28,237,721.1077885952712,879.1703755215577,1438.0000000000007,0.6402508837673079,0.7632452868747764,1.1997254259424983,23.94183129780432,19.956092269192126,1.4836101863024096,0.1950152292536311,0.2138865591622737,8.0,8.0,8.0,8.0,168.0,28.0,0.0,1438.0,21.394616526881038,82,4.430266367099074,Infinity,0.9712934819317804,0.0,11504.0,1,ID92355,92422,24,9.0597
92356,28,237,664.4598811292719,880.6604754829124,1346.0000000000002,0.5992890747919306,0.7642175780965558,1.091168335853796,21.682805346965434,19.871182689698834,0.5324992940193674,-0.2549673488149675,0.07940622573080049,9.0,9.0,9.0,9.0,168.0,28.0,0.0,1346.0,20.69891559486589,98,4.579169841126026,Infinity,0.9617720614505182,0.0,12114.0,1,ID92356,92414,24,3.436
92440,32,0,229.0456253354804,396.5077831454643,1863.0000000000014,0.4750253318430151,1.0,1.7565053556916295,32.03843258251982,18.239871844799804,1.6044996222469698,-0.2098056649692422,-0.4408820245108496,2.0,2.0,2.0,2.0,222.0,32.0,0.0,1863.0,24.351823709127054,130,5.143355546741176,Infinity,0.9013062409288831,0.0,3726.0,1,ID92440,92349,28,10.3562
92441,32,6,830.5438786565547,399.7638136511376,923.0000000000005,0.5155004478690455,1.0,1.630397412984294,21.975565099959994,13.478655525916054,0.2609684619734698,0.2697033559301201,-0.43716404251912067,3.0,3.0,3.0,3.0,150.0,32.0,0.0,923.0,17.140595816588142,86,4.9373101400747474,Infinity,0.9156746031746037,0.0,2769.0,1,ID92441,92350,28,12.8192
92442,32,238,27.630699088145896,500.30699088145894,658.0000000000003,0.5555409744859137,0.6960584255182043,1.498070722354147,17.93041279136356,11.969002880709642,1.4554337747144814,0.3676812416873138,0.22441138284286669,4.0,4.0,4.0,4.0,122.0,32.0,0.0,658.0,14.472315126092797,66,4.756055171071247,Infinity,0.9379900213827518,0.0,2632.0,1,ID92442,92351,28,10.5814
92444,32,6,790.3859649122807,580.3632610939112,968.9999999999998,0.5270435043851297,1.0,2.011188136908013,25.739865023259647,12.79833773424695,-1.3272982278140986,-0.502589672900444,-0.2371850778963711,6.0,6.0,6.0,6.0,152.0,32.0,0.0,969.0,17.562524867230596,76,4.882943503144591,Infinity,0.9565646594274428,0.0,5814.0,1,ID92444,92352,28,56.5603
92445,32,4,58.518691588785046,702.1281708945261,1497.9999999999995,0.5810007154416678,1.0,1.3237944074291061,25.204429280306332,19.039534491805984,1.3513552107691458,-0.05956339326798776,-0.1766256936186144,7.0,7.0,7.0,7.0,180.0,32.0,0.0,1498.0,21.836396440423,106,4.650681503959217,Infinity,0.9584133077415224,0.0,10486.0,1,ID92445,92353,28,58.6185
92446,32,5,387.65714285714284,759.78,1399.9999999999998,0.5552619258964411,1.0,1.8221881556783919,28.809512991253516,15.81039416894238,-0.1457301178979368,0.2534226405891467,0.19678051031736718,8.0,8.0,8.0,8.0,178.0,32.0,0.0,1400.0,21.11004122822376,92,4.7572501060411545,Infinity,0.9566108643662451,0.0,11200.0,1,ID92446,92354,28,11.8842
92447,32,237,771.815923566879,878.4426751592357,1570.0000000000023,0.524210911482196,0.7496285289747399,1.1422118648034751,24.307100555697257,21.280728474904652,0.9034642287247269,-0.16528614423108018,-0.9867890081230675,9.0,9.0,9.0,9.0,194.0,32.0,0.0,1570.0,22.355011100613485,108,4.896118311713163,Infinity,0.9143855562026806,0.0,14130.0,1,ID92447,92355,28,50.7134
92448,32,237,668.7878787878788,882.4331116038433,1352.9999999999995,0.5488862164652619,0.7881057268722467,1.4449235532668905,24.9766948086261,17.285824396837608,2.601502112082854,-0.014465167520755223,-0.24169689731847604,10.0,10.0,10.0,10.0,176.0,32.0,0.0,1353.0,20.752669129696756,112,4.7847997808779255,Infinity,0.9588944011339472,0.0,13530.0,1,ID92448,92356,28,4.6769
92449,32,16,29.535521973249956,53.48480111169012,5756.999999999999,0.4855472336630899,0.4796949965729952,1.3411164232644952,57.00730032453958,42.50734636876234,-0.8947355097301913,-10.9415004653434,3.718807107671362,11.0,11.0,11.0,11.0,386.0,32.0,0.0,5757.0,42.8078265596384,198,5.087321565976591,Infinity,0.9393815778738679,0.0,63327.0,1,ID92449,,,
105305,32,7,342.1666666666667,218.16666666666666,232.3521955581855,0.9999999999999999,-0.0708879568036521,1.0,8.60000005364418,8.60000005364418,0.0,0.0,0.0,19536.0,12823.85559566787,12624.0,10032.0,54.03539397880077,32.0,0.0,-1.0,8.60000005364418,,3.544907701811032,-1.4651365896331234,1.0,1335.595261937357,3552208.0,1,ID105305,92348,28,25.6282
92466,36,16,46.13022113022113,31.72891072891073,1221.0000000000007,0.6146266031137861,0.9458167330677292,1.467951512107009,24.24358113266276,16.515246540987576,1.4570911077310031,0.5417994085967544,-0.12067745894102425,1.0,1.0,1.0,1.0,158.0,36.0,0.0,1221.0,19.71436965846001,80,4.521674075553924,Infinity,0.9675118858954048,0.0,1221.0,1,ID92466,92449,32,27.3624
92467,36,7,293.5371720116618,246.09183673469389,1371.9999999999998,0.5441566873785122,1.0,1.144023227636054,22.60863880169234,19.762394902076924,1.2244464020259243,-0.11346406866723364,-0.1798429995631726,2.0,2.0,2.0,2.0,178.0,36.0,0.0,1372.0,20.89787462504646,112,4.805548299688747,Infinity,0.9436038514442913,0.0,2744.0,1,ID92467,105305,32,56.0771
92468,36,0,239.63984168865434,375.1490765171504,758.0000000000001,0.5304805594611414,0.6546204220227989,1.5143654835945004,19.361038608494813,12.784918051974758,0.9318467401159156,0.3360971512792651,0.23483938674153712,3.0,3.0,3.0,3.0,134.0,36.0,0.0,758.0,15.533154661153457,78,4.867099172357391,Infinity,0.9375386518243662,0.0,2274.0,1,ID92468,92440,32,23.8418
92470,36,6,860.9585798816568,426.79487179487177,1014.0000000000003,0.5663244356871202,1.0,1.3457417371051468,21.054572181671904,15.645328967029613,2.1224804637561765,0.5532839698220771,0.06969049796606047,5.0,5.0,5.0,5.0,150.0,36.0,0.0,1014.0,17.96569577250945,92,4.710557197659957,Infinity,0.960682141165325,0.0,5070.0,1,ID92470,92441,32,40.6907
92471,36,238,43.569825436408976,501.0511221945137,802.0000000000002,0.5963449250127846,1.0,1.329379993657752,18.632846852621295,14.01619321903103,1.5653829964326058,0.14202384937296866,0.09977195699292388,6.0,6.0,6.0,6.0,130.0,36.0,0.0,802.0,15.977625878690494,66,4.590459585051915,Infinity,0.943529411764706,0.0,4812.0,1,ID92471,92442,32,15.9565
92472,36,6,811.2212765957447,571.4672340425532,1175.0000000000002,0.4991037544575456,1.0,2.4505344807310028,33.005078901123326,13.468522545039969,2.0527917475685666,1.6753434931375646,-4.328010145694133,7.0,7.0,7.0,7.0,172.0,36.0,0.0,1175.0,19.339444569737626,98,5.017755707527573,Infinity,0.9611451942740288,0.0,8225.0,1,ID92472,92444,32,22.655
92473,36,4,35.77653997378768,687.0733944954128,1526.0000000000005,0.5789240900106298,1.0,1.2538699954699135,24.616117167139763,19.632112783681666,2.5296997651717748,-0.07818973832397398,-0.09414930784331353,8.0,8.0,8.0,8.0,182.0,36.0,0.0,1526.0,22.039530083839463,114,4.659015133947154,Infinity,0.9652118912080966,0.0,12208.0,1,ID92473,92445,32,27.2736
92474,36,5,345.0456852791878,779.9920232052211,1378.9999999999993,0.6139818975765764,1.0,1.4570618827202622,25.69356543844935,17.63381894973516,-0.12520305803873844,-0.11019358209668013,-0.1588294130924174,9.0,9.0,9.0,9.0,168.0,36.0,0.0,1379.0,20.951117704013956,86,4.524047421959914,Infinity,0.9680589680589677,0.0,12411.0,1,ID92474,92446,32,47.1621
92475,36,237,800.9284591194969,885.7838050314465,1272.0,0.6090696319716837,0.7752965806001396,1.4957284920359561,24.967720542805335,16.692682312161992,-0.05060566187001359,-2.54717324154869E-4,-0.23944345416874474,10.0,10.0,10.0,10.0,162.0,36.0,0.0,1272.0,20.12188299403865,82,4.542254448145559,Infinity,0.9665653495440728,0.0,12720.0,1,ID92475,92447,32,30.0239
105459,36,237,687.5,896.8333333333334,232.3521955581855,0.9999999999999999,0.009111463067345796,1.0,8.60000005364418,8.60000005364418,0.0,0.0,0.0,20864.0,12577.115523465704,11984.0,8160.0,54.03539397880077,36.0,0.0,-1.0,8.60000005364418,,3.544907701811032,0.10387104860226623,1.0,2186.5806940365846,3483861.0,1,ID105459,92448,32,23.6116
92476,40,16,49.85578583765112,20.849740932642487,1158.0000000000007,0.6135881755535474,0.718951014349332,1.3615325872348694,22.574577283665363,16.58026953986608,1.3580338612658063,-0.24225117322733367,-0.11499763764682892,1.0,1.0,1.0,1.0,154.0,40.0,0.0,1158.0,19.199032480852512,82,4.525498665258596,Infinity,0.9662077596996255,0.0,1158.0,1,ID92476,92466,36,11.4994
92477,40,7,295.0405932864949,294.85636221701793,1281.0000000000005,0.5570076386503151,1.0,1.3907542092898066,23.947053896914074,17.218753491418674,-0.1699435486950989,-0.3963458247780124,0.24093495852401062,2.0,2.0,2.0,2.0,170.0,40.0,0.0,1281.0,20.192943425895987,98,4.749789427930456,Infinity,0.9333333333333337,0.0,2562.0,1,ID92477,92467,36,48.7877
92478,40,0,236.0872093023256,359.75,688.0000000000005,0.42876725762145984,0.5495495495495496,2.213203332206291,22.576660160521246,10.200897419585528,1.0525934724577786,0.1320084667775402,0.09227223431027519,3.0,3.0,3.0,3.0,142.0,40.0,0.0,688.0,14.798554040663843,104,5.413699246807464,Infinity,0.9386084583901779,0.0,2064.0,1,ID92478,92468,36,15.8036
92480,40,6,856.2543234994913,422.53001017293997,983.0000000000005,0.5346581680191773,1.0,1.9639903961105438,24.8108432404155,12.632874014837604,1.485643225232532,0.16463277559113473,0.3053431309613113,5.0,5.0,5.0,5.0,152.0,40.0,0.0,983.0,17.688940559532284,80,4.848047084032174,Infinity,0.9585568015602149,0.0,4915.0,1,ID92480,92470,36,6.3497
92483,40,6,795.6722939424031,610.1767626613704,1006.9999999999998,0.4821801253109162,1.0,2.3591450820664503,28.33900132180204,12.012402940890352,1.9573527744061612,-0.002035537189289676,-0.933095872016766,8.0,8.0,8.0,8.0,162.0,40.0,0.0,1007.0,17.90357660879739,86,5.105053282472362,Infinity,0.9491046182846371,0.0,8056.0,1,ID92483,92472,36,41.7157
92484,40,5,309.5690322580645,799.1135483870968,1549.9999999999995,0.5753152898232724,1.0,1.681601115506643,29.03874848875213,17.268511670797245,-0.26591505895949386,0.016905648033385148,-0.24257616648642322,9.0,9.0,9.0,9.0,184.0,40.0,0.0,1550.0,22.212166116452384,98,4.673604673607011,Infinity,0.9660330320972264,0.0,13950.0,1,ID92484,92474,36,40.3017
105472,40,237,687.5,892.8333333333334,232.3521955581855,0.9999999999999999,0.032813473591541326,1.0,8.60000005364418,8.60000005364418,0.0,0.0,0.0,23472.0,16585.992779783395,16992.0,9936.0,54.03539397880077,40.0,0.0,-1.0,8.60000005364418,,3.544907701811032,0.3793667392095374,1.0,2778.0657982952507,4594320.0,1,ID105472,105459,36,4.0
107545,40,238,87.25849056603774,510.6547169811321,232.3521955581855,0.9999999999999999,-0.09635180939844201,1.0,8.60000005364418,8.60000005364418,0.0,0.0,0.0,18976.0,14269.631768953068,14160.0,10640.0,54.03539397880077,40.0,0.0,-1.0,8.60000005364418,,3.544907701811032,-1.8075004281809814,1.0,1683.5454462864122,3952688.0,1,ID107545,92471,36,44.7317
92542,44,16,64.93713163064832,32.357563850687626,1017.9999999999995,0.6169254092118842,1.0,1.1544652888510987,19.37019267804598,16.778497253323934,1.1406297813823878,0.23857752168186241,-0.09836571982111277,1.0,1.0,1.0,1.0,144.0,44.0,0.0,1018.0,18.001096192596126,84,4.513241813812004,Infinity,0.9667616334282999,0.0,1018.0,1,ID92542,92476,40,18.9704
92545,44,7,321.3874029335634,324.2433132010354,1158.9999999999995,0.5160297456789354,1.0,1.6112328305394754,24.375034702208982,15.128188949605562,-1.041710017487548,-0.16938740260709387,-0.2176386832666576,4.0,4.0,4.0,4.0,168.0,44.0,0.0,1159.0,19.207320429643833,112,4.934777361746793,Infinity,0.9492219492219488,0.0,4636.0,1,ID92545,92477,40,39.4683
92546,44,6,857.4869281045752,421.5479302832244,918.0000000000002,0.43956440420597936,1.0,2.153193901184961,25.049514875929027,11.633654944937193,0.8730379797570492,-0.20957548635588946,-0.5105912995012785,5.0,5.0,5.0,5.0,162.0,44.0,0.0,918.0,17.09410645563903,112,5.34679673207404,Infinity,0.9282103134479276,0.0,4590.0,1,ID92546,92480,40,1.576
92547,44,238,65.10681818181818,504.0465909090909,880.0000000000002,0.518784300086136,1.0,1.6666328786348479,21.394891637423807,12.837195228590794,0.8053354046077503,0.0025683856664326563,-0.034295523956753005,6.0,6.0,6.0,6.0,146.0,44.0,0.0,880.0,16.736567743768013,102,4.921658995981667,Infinity,0.9523809523809527,0.0,5280.0,1,ID92547,107545,40,23.1163
92548,44,6,803.0804780876495,575.186454183267,1254.9999999999998,0.5457022533225176,1.0,2.021612496351015,29.54310571889709,14.613634300451753,-1.3574194033195206,-0.5946542210436115,-0.6784028028214889,7.0,7.0,7.0,7.0,170.0,44.0,0.0,1255.0,19.986968433473276,80,4.798738213969912,Infinity,0.9646425826287471,0.0,8785.0,1,ID92548,92483,40,35.7659
92549,44,5,287.4986301369863,808.2917808219178,730.0000000000001,0.5966083863476975,0.6654783972622274,1.2462932503277715,17.296998588824465,13.878754927281685,-1.421493273573783,-0.536867407337078,0.27099500839258805,8.0,8.0,8.0,8.0,124.0,44.0,0.0,730.0,15.243563130520608,64,4.589445903225152,Infinity,0.953625081645983,0.0,5840.0,1,ID92549,92484,40,23.9028
92551,44,237,705.5230125523012,893.4546722454672,717.0,0.48713709615568374,0.7249398556535684,1.574916086818386,27.219096762306098,17.282886999582036,2.4456854324010258,-4.406732056990113,9.767267336173466,10.0,10.0,10.0,10.0,136.0,44.0,0.0,717.0,15.10722305368455,62,5.0790130714182435,Infinity,0.956,0.0,7170.0,1,ID92551,105472,40,18.0337
105167,44,230,758.1666666666666,899.5,232.3521955581855,0.9999999999999999,0.012083732196581435,1.0,8.60000005364418,8.60000005364418,0.0,0.0,0.0,27712.0,15770.602888086643,15888.0,0.0,54.03539397880077,44.0,0.0,-1.0,8.60000005364418,,3.544907701811032,0.08250809376945165,1.0,4564.218067354849,4368457.0,1,ID105167,,,
105446,44,0,198.16666666666666,298.1666666666667,232.3521955581855,0.9999999999999999,-0.08198974842905606,1.0,8.60000005364418,8.60000005364418,0.0,0.0,0.0,56800.0,35936.23104693141,35328.0,21072.0,54.03539397880077,44.0,0.0,-1.0,8.60000005364418,,3.544907701811032,-0.7139844835372468,1.0,8990.53987537855,9954336.0,1,ID105446,92478,40,72.322
92590,48,16,75.77339901477832,17.323891625615765,812.0,0.6037806472698016,0.7575757575757575,1.1159369461050255,16.936282234419295,15.176737622615956,-1.2750047710498862,-0.058056594759782316,-0.07896606415248975,1.0,1.0,1.0,1.0,130.0,48.0,0.0,812.0,16.07692842495848,80,4.5621056412333765,Infinity,0.9598108747044919,0.0,812.0,1,ID92590,92542,44,18.532
92591,48,7,366.13699753896634,306.8039376538146,1219.0000000000005,0.5695421541829208,0.7592303066746844,1.4340212246555595,23.551969959919695,16.42372480614901,2.229856510504395,-0.14834936841859472,-0.3020675418725039,2.0,2.0,2.0,2.0,164.0,48.0,0.0,1219.0,19.698216956314624,102,4.697231831034879,Infinity,0.9647803719825886,0.0,2438.0,1,ID92591,92545,44,48.0277
92592,48,6,859.0231092436975,411.26680672268907,952.0,0.5316971033275526,1.0,1.487317368103262,21.41566901344145,14.398856271511375,0.6266074783653806,-0.23697308815109175,0.2573153372386529,3.0,3.0,3.0,3.0,150.0,48.0,0.0,952.0,17.407785949022028,88,4.861527926641233,Infinity,0.9430411094601288,0.0,2856.0,1,ID92592,92546,44,10.3953
92593,48,6,806.6401124648547,561.4086223055295,1066.9999999999995,0.5509663644609316,1.0,1.8786108532867638,25.877267665233635,13.774682297805056,-1.4905646739065121,-0.3358350173016557,-0.5785353566238798,4.0,4.0,4.0,4.0,156.0,48.0,0.0,1067.0,18.429233531487537,76,4.775758844396491,Infinity,0.9569506726457397,0.0,4268.0,1,ID92593,92548,44,14.2302
92594,48,5,266.0289203084833,818.1979434447301,1556.0000000000002,0.5903052975468807,1.0,1.4996987667741195,27.5543439313259,18.373252376939547,2.6694596051830706,-0.02675133824231455,-0.03138865819087459,5.0,5.0,5.0,5.0,182.0,48.0,0.0,1556.0,22.25511588156706,96,4.613883151726884,Infinity,0.9670602858918583,0.0,7780.0,1,ID92594,92549,44,23.6449
92595,48,237,710.4992816091954,887.4647988505748,1392.0000000000007,0.4745113903859586,0.7181649866282658,2.0322324914508223,30.30169074826785,14.910543392914311,-0.386518217747713,-0.09045972233176469,0.5590670306944042,6.0,6.0,6.0,6.0,192.0,48.0,0.0,1392.0,21.04964041421698,110,5.1461401672214135,Infinity,0.9534246575342474,0.0,8352.0,1,ID92595,92551,44,7.7873
92596,48,230,769.0563139931741,890.4726962457338,586.0,0.6553838714858023,0.7311669128508124,1.3092983649009122,17.026376563443918,13.00419905796833,-1.3607983406958417,-0.14981550542079058,2.070526128483545,7.0,7.0,7.0,7.0,106.0,48.0,0.0,586.0,13.657583728599336,46,4.378819639291746,Infinity,0.9622331691297207,0.0,4102.0,1,ID92596,105167,44,14.1448
92671,52,6,849.0878003696857,435.93160813308685,1082.0,0.5587119084786581,1.0,1.4474132948449359,22.61834166351662,15.62673338988486,0.4951764619611503,-0.20203418335308787,0.4138783431589301,1.0,1.0,1.0,1.0,156.0,52.0,0.0,1082.0,18.558321498747173,88,4.742539622421757,Infinity,0.9499561018437224,0.0,1082.0,1,ID92671,92592,48,26.5907
92672,52,6,802.051878354204,541.1332737030411,1117.9999999999995,0.5487969666739668,1.0,1.747796423594212,25.84477205730384,14.787060843250844,1.7985094373951278,-0.1480037649570884,-1.11519668157148,2.0,2.0,2.0,2.0,160.0,52.0,0.0,1118.0,18.864528956575562,86,4.785188836436634,Infinity,0.9551473729175562,0.0,2236.0,1,ID92672,92593,48,20.788
92673,52,5,229.6303780964798,833.8846153846154,1533.9999999999995,0.557197725818793,1.0,1.617024058333453,28.197745648690113,17.438049547482578,-0.35595632379400016,0.013592010967752146,0.08687554837914097,3.0,3.0,3.0,3.0,186.0,52.0,0.0,1534.0,22.097225287486545,110,4.748979167049938,Infinity,0.9659949622166244,0.0,4602.0,1,ID92673,92594,48,39.6349
92674,52,237,731.3842195540309,888.7547169811321,583.0,0.6281030579707988,0.7975334018499486,1.225621972408024,15.558505955197555,12.694375839745426,2.640702840284053,-0.734125746061535,0.13628880779107758,4.0,4.0,4.0,4.0,108.0,52.0,0.0,583.0,13.622579184763433,50,4.472902979437944,Infinity,0.9541734860883799,0.0,2332.0,1,ID92674,92595,48,20.9247
107171,52,230,786.1666666666666,884.8333333333334,232.3521955581855,0.9999999999999999,-0.03647539863100479,1.0,8.60000005364418,8.60000005364418,0.0,0.0,0.0,21376.0,13875.465703971118,13440.0,9776.0,54.03539397880077,52.0,0.0,-1.0,8.60000005364418,,3.544907701811032,-0.4300138818979669,1.0,2443.049840893067,3843504.0,1,ID107171,92596,48,18.0157
92694,56,6,858.918081918082,450.83916083916085,1001.0,0.5742757936894418,1.0,1.3945607107539435,21.96692464882896,15.751859692757979,0.4298684912016954,-0.1735969245476611,1.2207633776951918,1.0,1.0,1.0,1.0,148.0,56.0,0.0,1001.0,17.850159553067712,76,4.677832605183503,Infinity,0.9452313503305004,0.0,1001.0,1,ID92694,92671,52,17.8569
92695,56,6,809.176119402985,511.4457711442786,1004.9999999999998,0.5612978874413762,1.0,1.5698688177433002,22.96764755169928,14.630297316635328,-1.481566115287312,-0.6337705817522061,-0.1813598025182798,2.0,2.0,2.0,2.0,150.0,56.0,0.0,1005.0,17.885788649503535,82,4.731602234073839,Infinity,0.9612625538020084,0.0,2010.0,1,ID92695,92672,52,30.5304
92696,56,5,259.47094594594597,819.0527027027027,1479.999999999999,0.5493333089925438,1.0,1.6880885356932254,28.31680378321729,16.77447786918877,-0.31740106816173747,0.17217839120062542,-0.05498415015783746,3.0,3.0,3.0,3.0,184.0,56.0,0.0,1480.0,21.704806646271003,106,4.782852253172336,Infinity,0.9619759506012344,0.0,4440.0,1,ID92696,92673,52,33.3233
92697,56,230,786.4239130434783,879.4728260869565,736.0,0.5308108799453829,0.9692307692307692,1.4398223443854823,18.36511196178045,12.755123597987152,0.7642571043101541,-0.03592830833518636,0.2597261964068563,4.0,4.0,4.0,4.0,132.0,56.0,0.0,736.0,15.306079714651624,90,4.8655845531116055,Infinity,0.942985265855221,0.0,2944.0,1,ID92697,107171,52,5.3667
92698,56,237,711.6897321428571,887.1283482142857,895.9999999999998,0.6462045494987269,0.40865737344093905,1.0098013220683881,17.267368806748816,17.099768468692297,0.8214133726069175,0.20122075321439803,0.46510401969691156,5.0,5.0,5.0,5.0,132.0,56.0,0.0,896.0,16.888032982579006,60,4.409810491555003,Infinity,0.9639591178052712,0.0,4480.0,1,ID92698,92674,52,19.7615
92703,56,35,19.787710904054393,826.2115336187359,3971.0,0.3893531546270425,0.6825082974366216,1.7374204696717712,51.734580763138645,29.77666124361491,1.5324635627790912,-3.7570810499691576,-1.4856198627421853,10.0,10.0,10.0,10.0,358.0,56.0,0.0,3971.0,35.552898025840776,194,5.681108492570494,Infinity,0.9478458049886621,0.0,39710.0,1,ID92703,,,
92727,60,6,824.1427072402938,414.26862539349423,953.0000000000002,0.6288464185824562,0.5433198380566802,1.3904282850900656,20.81991724089019,14.973744035667092,1.7365560254342438,-0.012946537801441827,0.2082806102062097,1.0,1.0,1.0,1.0,138.0,60.0,0.0,953.0,17.416926294072457,72,4.470258483902985,Infinity,0.966041561074506,0.0,953.0,1,ID92727,92695,56,98.3229
92730,60,6,836.662100456621,448.81849315068496,875.9999999999997,0.4892506959190503,0.8842086395411365,1.585211534793887,21.19674458486242,13.371555858391144,0.3601572316935502,-0.2148341076193543,0.5845817902417582,2.0,2.0,2.0,2.0,150.0,60.0,0.0,876.0,16.698486766680404,94,5.068030337996146,Infinity,0.8989225243714721,0.0,1752.0,1,ID92730,92694,56,22.3475
92731,60,5,289.6575342465753,808.7404870624049,1314.0000000000007,0.5581466666869916,1.0,1.7660596336296641,27.311565987785542,15.464690697705326,2.82099557414415,-0.08396855702372692,0.1910531627143389,3.0,3.0,3.0,3.0,172.0,60.0,0.0,1314.0,20.451386027492152,94,4.744940427986909,Infinity,0.9633431085043992,0.0,3942.0,1,ID92731,92696,56,31.8994
92733,60,230,797.5989159891599,886.8523035230352,737.9999999999998,0.584151014953204,0.732394366197183,1.2522359594260362,17.165667622672284,13.708013648274555,1.1329293048448383,-0.06765834152683416,0.2235151117931253,4.0,4.0,4.0,4.0,126.0,60.0,0.0,738.0,15.32686190985087,78,4.638124095143556,Infinity,0.9547218628719272,0.0,2952.0,1,ID92733,92697,56,13.3917
92738,60,35,16.4,835.0878706199461,1854.9999999999993,0.3060099964508015,0.7226435536294692,2.061665536043746,35.98602607184703,17.454832242528912,1.720563795057449,0.6408192189201347,0.6627865936918906,7.0,7.0,7.0,7.0,276.0,60.0,0.0,1855.0,24.299482275779695,136,6.408215750933496,Infinity,0.786350148367952,0.0,12985.0,1,ID92738,92703,56,9.5008
92761,64,6,820.3344298245614,388.54605263157896,911.9999999999994,0.5526875964648706,0.805940594059406,1.4041226799106667,20.274617188426433,14.439348839316766,1.3613270854811501,0.43136273884760445,-0.16261618528260904,1.0,1.0,1.0,1.0,144.0,64.0,0.0,912.0,17.038151783559652,82,4.768316485434159,Infinity,0.9392378990731202,0.0,912.0,1,ID92761,92727,60,26.003
92762,64,6,840.1998132586368,436.2754435107376,1071.0000000000005,0.5128251382403094,0.9876275904732446,1.7626340105990352,24.57099507326572,13.93993019850741,0.2757527225516112,-0.12639716666059925,0.30738595888851705,2.0,2.0,2.0,2.0,162.0,64.0,0.0,1071.0,18.463745234996065,98,4.95017188395234,Infinity,0.9296875000000002,0.0,2142.0,1,ID92762,92730,60,13.0324
92763,64,5,358.6336166194523,786.1397544853636,1059.0000000000005,0.607550515002117,1.0,1.2281187646508662,20.36084439830545,16.578888772287183,-0.3705862294129355,-0.1408013339409776,0.0910609539773194,3.0,3.0,3.0,3.0,148.0,64.0,0.0,1059.0,18.36001550839853,86,4.547929620586214,Infinity,0.9640418752844793,0.0,3177.0,1,ID92763,92731,60,72.5844
92764,64,230,802.9541809851088,883.2577319587629,873.0,0.576057632132722,0.7535989286909943,1.3358057088424529,19.33578543378271,14.474998351772433,-1.4664107376625148,0.087501141841071,-0.09972552992947843,4.0,4.0,4.0,4.0,138.0,64.0,0.0,873.0,16.669868944849245,80,4.6705923596146475,Infinity,0.9473684210526315,0.0,3492.0,1,ID92764,92733,60,6.4498
107213,64,307,671.5,895.5,232.3521955581855,0.9999999999999999,0.04809082500060915,1.0,8.60000005364418,8.60000005364418,0.0,0.0,0.0,14608.0,11840.653429602888,11840.0,8800.0,54.03539397880077,64.0,0.0,-1.0,8.60000005364418,,3.544907701811032,0.7967193725449181,1.0,1363.8405421387467,3279861.0,1,ID107213,,,
92848,68,6,835.1641791044776,377.9609644087256,871.0,0.48645816911585954,1.0,1.8552005291547844,23.201585821520524,12.506241485437153,3.0275676817791637,-0.057435352384127704,0.15170046389426248,1.0,1.0,1.0,1.0,150.0,68.0,0.0,871.0,16.65076307158569,84,5.082556106787728,Infinity,0.8901379662749104,0.0,871.0,1,ID92848,92761,64,18.2199
92850,68,6,839.9463636363637,440.1736363636364,1099.9999999999998,0.5016333167293906,1.0,1.7705874998994995,24.957113348120107,14.095385486194102,0.9681955045849466,0.08996458070549564,0.028375302367391584,2.0,2.0,2.0,2.0,166.0,68.0,0.0,1100.0,18.712051592547773,106,5.005088319990877,Infinity,0.9290540540540538,0.0,2200.0,1,ID92850,92762,64,3.9064
92851,68,5,389.95637119113576,772.3164819944599,1444.0,0.5600567644177359,1.0,1.6377412174855555,27.442675411024684,16.756417386354705,-0.26038650474661684,0.30303652021969707,0.15761433278223738,3.0,3.0,3.0,3.0,180.0,68.0,0.0,1444.0,21.43920417481474,104,4.7368421052631575,Infinity,0.9613848202396804,0.0,4332.0,1,ID92851,92763,64,34.2374
92852,68,230,810.8602520045819,887.7010309278351,873.0,0.6109624385350612,0.7378898473788984,1.259805670486839,18.896019233778233,14.9991539778322,2.6600379390559628,-0.045187496477854444,0.02885201313282784,4.0,4.0,4.0,4.0,134.0,68.0,0.0,873.0,16.669868944849245,74,4.535212870930165,Infinity,0.9609246009906439,0.0,3492.0,1,ID92852,92764,64,9.0691
92859,68,307,687.8511872638963,857.3298704803022,7411.999999999986,0.5706667176847247,0.730226043652492,1.3248578495473282,56.17100714066796,42.39776151068602,-0.7507976652974351,-0.6646881629820948,0.5509552736180258,8.0,8.0,8.0,8.0,404.0,68.0,0.0,7412.0,48.57275858332788,214,4.69260133459929,Infinity,0.9613488975356661,0.0,59296.0,1,ID92859,107213,64,41.5249
92803,72,6,795.2502424830262,372.5140640155189,1030.999999999999,0.5189844617611078,1.0,1.5009815170297638,22.71605388821129,15.1341329859699,1.0246123525544903,-0.0012646761184641957,-0.1280848846958189,1.0,1.0,1.0,1.0,158.0,72.0,0.0,1031.0,18.115669809738968,92,4.920709812927969,Infinity,0.9313459801264673,0.0,1031.0,1,ID92803,92848,68,40.2839
92804,72,6,837.5164756446991,444.06876790830944,1396.0000000000025,0.5794244080342659,1.0,1.4558376689907815,25.52460751275203,17.532591755539784,0.9331795324108503,0.1743662000348864,-0.18818301217906752,2.0,2.0,2.0,2.0,174.0,72.0,0.0,1396.0,21.07986245478306,102,4.657003229878042,Infinity,0.96542185338866,0.0,2792.0,1,ID92804,92850,68,4.5909
92805,72,5,448.4547970479705,753.7573800738007,1084.0,0.605419810931793,1.0,1.1743941359321015,20.208074007785196,17.207233406139505,-0.4839577486382365,0.10104157422389884,-0.049479998623586395,3.0,3.0,3.0,3.0,150.0,72.0,0.0,1084.0,18.575465448360347,86,4.555925544230902,Infinity,0.9622725255215269,0.0,3252.0,1,ID92805,92851,68,61.3719
92807,72,307,684.5766033254157,867.4976247030879,1684.0,0.5397859431328652,0.7529493407356004,1.372313955630933,27.50408005220761,20.04211932652275,0.09313839706416438,-0.36705884375648906,0.0066005547073479005,4.0,4.0,4.0,4.0,198.0,72.0,0.0,1684.0,23.152404806704283,102,4.824964770402936,Infinity,0.9245127642053251,0.0,6736.0,1,ID92807,92859,68,10.682
92816,72,230,813.6568848758465,875.8073739653875,2658.0,0.4792443338637322,0.6746572260058203,1.0475558380697862,29.672717877582198,28.32566704249082,0.26494436222649675,-0.19922573739230529,0.2809770739421444,7.0,7.0,7.0,7.0,264.0,72.0,0.0,2658.0,29.087242521017966,116,5.120665870921991,Infinity,0.8858523579403434,0.0,18606.0,1,ID92816,92852,68,12.218
92817,72,245,739.4811746987951,892.4269578313254,1328.0,0.408982947158832,0.5779389558630592,2.121664224298845,44.00906101152463,20.742707779817746,-0.3774602987240709,-9.450070499291837,11.607616072961722,8.0,8.0,8.0,8.0,202.0,72.0,0.0,1328.0,20.56004690782767,78,5.5430951294793624,Infinity,0.9588447653429601,0.0,10624.0,1,ID92817,,,
92843,76,6,772.4119266055046,362.92660550458714,1090.0000000000007,0.521922876453723,1.0,1.5204741804487794,23.26992903793517,15.304389470833945,0.7313988788344562,-0.003845413098686113,0.2131513533602115,1.0,1.0,1.0,1.0,162.0,76.0,0.0,1090.0,18.626802622574065,94,4.906838515804598,Infinity,0.9429065743944641,0.0,1090.0,1,ID92843,92803,72,24.7691
92844,76,6,829.4728546409807,494.4273204903678,1142.0,0.5748596074987252,1.0,1.323404900612423,22.257005500900235,16.817986309859144,1.0874911869527695,0.30338333089857555,0.10238990957955192,2.0,2.0,2.0,2.0,158.0,76.0,0.0,1142.0,19.065935330370994,90,4.6754566537602384,Infinity,0.9536534446764092,0.0,2284.0,1,ID92844,92804,72,50.9969
92845,76,5,523.724,734.1928,1250.0000000000005,0.5985354087772051,1.0,1.2494611488515188,22.509504473070326,18.015369660561785,0.6483076071249795,-0.10709696203132514,0.4129311717331889,3.0,3.0,3.0,3.0,162.0,76.0,0.0,1250.0,19.947114020071638,94,4.582051942088827,Infinity,0.9652509652509654,0.0,3750.0,1,ID92845,92805,72,77.7703
92846,76,307,700.6466498103666,848.5126422250316,1582.0,0.47770084371194277,0.7876547860068741,1.2442148488301918,25.397799261690764,20.412711908694643,0.7151561554328121,0.6037360543247056,0.27015116521839183,4.0,4.0,4.0,4.0,204.0,76.0,0.0,1582.0,22.440281636885864,122,5.128931842573544,Infinity,0.9003984063745021,0.0,6328.0,1,ID92846,92807,72,24.8732
92847,76,245,721.4322429906542,888.4334112149533,856.0,0.5990651172806556,0.5469879518072289,1.2976806292710317,19.746505506490916,15.216768333502412,1.1724796906276929,0.27417243103509453,1.612650035702317,5.0,5.0,5.0,5.0,134.0,76.0,0.0,856.0,16.50676414605009,60,4.580025711065244,Infinity,0.9432506887052343,0.0,4280.0,1,ID92847,92817,72,18.4855
92915,80,6,682.474358974359,353.0230769230769,779.9999999999994,0.48610241416386374,1.0,1.8727260270074715,21.76155968833039,11.620258048692977,0.653909172556935,0.3512021345534769,0.6113724499885003,1.0,1.0,1.0,1.0,142.0,80.0,0.0,780.0,15.756957549709796,88,5.084415605679975,Infinity,0.9258160237388715,0.0,780.0,1,ID92915,92843,76,90.4812
92916,80,6,814.7303135888502,546.0487804878048,1434.9999999999993,0.5956117661383737,1.0,1.3515623509979278,24.9106227453737,18.430983022707693,1.337881092247395,0.061010354741406994,0.009110615388992835,2.0,2.0,2.0,2.0,174.0,80.0,0.0,1435.0,21.3722878202999,98,4.593283992931557,Infinity,0.9637340496977835,0.0,2870.0,1,ID92916,92844,76,53.6854
92917,80,5,567.0882768361582,719.3848870056497,1415.9999999999993,0.6304556685775432,1.0,1.0796311863374288,22.247864727754255,20.606911887409012,1.3023173388706117,0.0020812345823070046,0.05494925171299794,3.0,3.0,3.0,3.0,168.0,80.0,0.0,1416.0,21.230327337001835,90,4.464549629002965,Infinity,0.9682051282051277,0.0,4248.0,1,ID92917,92845,76,45.8229
92918,80,307,732.7886866059818,839.4408322496749,1537.9999999999995,0.49298739936956437,0.8669768853371098,1.5068289196988944,27.277219425135723,18.102399727360194,1.4821267526967188,0.38079114500714806,-0.6483766190212928,4.0,4.0,4.0,4.0,198.0,80.0,0.0,1538.0,22.126016472710806,118,5.0487866932682195,Infinity,0.9009958992384297,0.0,6152.0,1,ID92918,92846,76,33.3977
92919,80,245,707.9657738095239,876.0625,672.0,0.5492066241447298,0.6427640156453717,1.322797489560748,16.904765390331303,12.779556601626716,0.40689744428458563,-0.10833037952929482,0.2919230093069461,5.0,5.0,5.0,5.0,124.0,80.0,0.0,672.0,14.625465582862905,72,4.783403848824849,Infinity,0.9451476793248945,0.0,3360.0,1,ID92919,92847,76,18.2862
92906,84,6,629.0768374164811,380.0456570155902,898.0,0.45203496281423394,1.0,1.939604989838008,23.63023600545404,12.183014649507367,1.265399975855361,0.06221323953472864,0.3195729955913654,1.0,1.0,1.0,1.0,158.0,84.0,0.0,898.0,16.906870727400857,94,5.272528289701399,Infinity,0.8701550387596899,0.0,898.0,1,ID92906,92915,80,59.8458
92907,84,6,797.6318252730109,612.8603744149766,1281.9999999999995,0.5846308291337079,1.0,1.2915441700837667,22.913147748412054,17.74089363658849,-1.5120680986740556,0.12104742344636134,0.11963410731740107,2.0,2.0,2.0,2.0,166.0,84.0,0.0,1282.0,20.20082359924019,98,4.636220419866949,Infinity,0.963185574755822,0.0,2564.0,1,ID92907,92916,80,68.9648
92908,84,5,580.5601604278074,722.3776737967914,1496.0000000000002,0.6068985808071192,1.0,1.3514276051208545,25.9043160947729,19.168112295927497,2.808757220701138,-0.08440706092349567,1.0707986613949623,3.0,3.0,3.0,3.0,176.0,84.0,0.0,1496.0,21.821814538001895,96,4.550371671956168,Infinity,0.9730081300813012,0.0,4488.0,1,ID92908,92917,80,13.8003
92909,84,307,761.3540439207285,843.8350294590251,1867.0000000000005,0.5422849005410637,1.0,1.3162368863062799,28.46111709005444,21.623096409282457,-1.4716669276956393,0.2459319319897238,-0.2827429877014127,4.0,4.0,4.0,4.0,208.0,84.0,0.0,1867.0,24.377952282854633,112,4.813834731330911,Infinity,0.9270109235352536,0.0,7468.0,1,ID92909,92918,80,28.9014
92910,84,245,687.6238244514107,874.5705329153604,638.0,0.5567600313861911,0.6046277665995976,1.1555504022903687,15.578093988456734,13.481102994365315,0.5164317097182778,-0.371081935780617,0.17420552387309687,5.0,5.0,5.0,5.0,120.0,84.0,0.0,638.0,14.250673927406327,68,4.750845494789375,Infinity,0.9423929098966026,0.0,3190.0,1,ID92910,92919,80,20.3966
92962,88,6,628.9642857142857,429.8452380952381,1008.0000000000005,0.5482557816514047,1.0,1.6678676461802207,23.420143883968386,14.041967860942446,0.5305167558299546,-0.19567202653029084,0.4158499848985765,1.0,1.0,1.0,1.0,152.0,88.0,0.0,1008.0,17.912463964325543,90,4.78754999145021,Infinity,0.9613733905579406,0.0,1008.0,1,ID92962,92906,84,49.7997
92963,88,6,786.2570162481536,652.1410635155096,1354.0,0.5887496820706685,1.0,1.2919173923387464,23.592272513164254,18.261440439667258,1.4036583667573361,0.08862673746858572,0.15864243556877655,2.0,2.0,2.0,2.0,170.0,88.0,0.0,1354.0,20.760336844397603,100,4.619974614188474,Infinity,0.9661077417053159,0.0,2708.0,1,ID92963,92907,84,40.8945
92964,88,5,653.2093837535014,692.7640056022409,1427.9999999999995,0.6357985132265056,0.23387096774193544,1.178103195397072,23.45283629541545,19.907285191184656,0.08587398914170574,-0.09357647290717584,-0.4603602532718954,3.0,3.0,3.0,3.0,168.0,88.0,0.0,1428.0,21.320096563347292,86,4.445751441809691,Infinity,0.9694501018329937,0.0,4284.0,1,ID92964,92908,84,78.453
92965,88,307,788.7673611111111,868.5289351851852,1728.0,0.5217870151291005,0.8272823405005288,1.3803207563237312,28.46191260254033,20.61978165013195,1.951572392331433,-0.029216554015465118,0.5724778845904438,4.0,4.0,4.0,4.0,204.0,88.0,0.0,1728.0,23.452920571340155,108,4.907477288111819,Infinity,0.907563025210084,0.0,6912.0,1,ID92965,92909,84,36.8955
92966,88,245,685.0403100775194,871.5798449612403,645.0,0.6236772119314917,0.6374714394516374,1.1745813020174112,15.690797283826692,13.358630225831828,1.7501653419748069,-0.31075621654697805,-0.16240203467081646,5.0,5.0,5.0,5.0,114.0,88.0,0.0,645.0,14.32863833686038,58,4.488745616461499,Infinity,0.9541420118343196,0.0,3225.0,1,ID92966,92910,84,3.9521
92970,88,59,724.9082568807339,883.0611620795107,1635.0,0.4748986675868447,0.5896651062297443,1.9677815047341498,46.23862917931463,23.497847229518268,-1.5374080487314778,-0.18133502793272385,20.192329871734543,9.0,9.0,9.0,9.0,208.0,88.0,0.0,1635.0,22.813080982420978,100,5.144041415026779,Infinity,0.9242509892594686,0.0,14715.0,1,ID92970,,,
92997,92,6,667.3336339044184,521.3011722272317,1109.0000000000007,0.5310206146671365,1.0,1.6550380712774342,24.311717068732143,14.68952134132313,0.44431707940211707,-0.0736245332915841,0.0812941553207986,1.0,1.0,1.0,1.0,162.0,92.0,0.0,1109.0,18.7884449536896,96,4.864623589659453,Infinity,0.9410267288926609,0.0,1109.0,1,ID92997,92962,88,99.1786
92998,92,5,691.783426183844,650.2848189415042,1435.999999999999,0.6099685033200297,1.0,1.1094681978763268,22.607545531533017,20.37692073987063,2.8487169029441803,0.04683379644840235,0.2676910728133141,2.0,2.0,2.0,2.0,172.0,92.0,0.0,1436.0,21.379733313582822,100,4.538906400135633,Infinity,0.9663526244952888,0.0,2872.0,1,ID92998,92964,88,57.3798
92999,92,6,773.743553008596,708.9340974212034,1395.9999999999975,0.6070122276001859,1.0,1.2650753521704674,23.711973231842283,18.74352637663841,0.8817677796077027,0.21777346730110858,-0.06663511391866797,3.0,3.0,3.0,3.0,170.0,92.0,0.0,1396.0,21.079862454783022,98,4.549945684363612,Infinity,0.9691079486289466,0.0,4188.0,1,ID92999,92963,88,58.1553
93000,92,245,673.807881773399,846.9913793103449,812.0,0.5206067825948799,0.7331910352187834,1.3934813506803385,18.98203111738557,13.622020207244242,-1.2161961738098432,-0.08207505084757553,-0.2792957476028518,4.0,4.0,4.0,4.0,140.0,92.0,0.0,812.0,16.07692842495848,76,4.913036844405175,Infinity,0.9007210205213533,0.0,3248.0,1,ID93000,92966,88,27.0326
93002,92,307,822.700977198697,880.7498371335505,1534.9999999999995,0.5823384522715048,0.7243961804905448,1.1711266669179428,24.435469157353612,20.86492422007647,-1.2919334022816373,-0.2216224337641976,-2.0357162276366996,6.0,6.0,6.0,6.0,182.0,92.0,0.0,1535.0,22.10442659948723,80,4.645336704100419,Infinity,0.92303066746843,0.0,9210.0,1,ID93002,92965,88,36.0672
105666,92,59,716.8333333333334,890.1666666666666,232.3521955581855,0.9999999999999999,-0.06025462782995067,1.0,8.60000005364418,8.60000005364418,0.0,0.0,0.0,18272.0,13430.873646209386,13408.0,10384.0,54.03539397880077,92.0,0.0,-1.0,8.60000005364418,,3.544907701811032,-1.2438520311654153,1.0,1384.6683071889076,3720352.0,1,ID105666,92970,88,10.756
93042,96,6,642.8856900931414,562.7188823031329,1181.0,0.5258249608686998,1.0,2.301096493878904,29.71116647856409,12.911742970187522,0.1490260623515395,0.22174010238605724,-0.029803872254604655,1.0,1.0,1.0,1.0,168.0,96.0,0.0,1181.0,19.388759000592504,78,4.888598080626334,Infinity,0.9574381840291852,0.0,1181.0,1,ID93042,92997,92,48.095
93043,96,5,658.014683153014,674.3323029366306,1294.0000000000007,0.5761367479797611,1.0,1.320412001769739,23.261492128077705,17.61684390697789,2.396786438068003,0.040493264755009466,0.2079637420637073,2.0,2.0,2.0,2.0,168.0,96.0,0.0,1294.0,20.29514702390267,108,4.670271662698038,Infinity,0.9649515287099186,0.0,2588.0,1,ID93043,92998,92,41.4561
93044,96,6,754.2248603351956,744.018156424581,1431.999999999999,0.5809350051576163,1.0,1.3981828969489665,25.303301220671525,18.097275596695482,0.8263905598592355,0.16778912961850673,-0.1881774198939071,3.0,3.0,3.0,3.0,176.0,96.0,0.0,1432.0,21.349935761383172,106,4.650944518718873,Infinity,0.9656102494942677,0.0,4296.0,1,ID93044,92999,92,40.1481
93045,96,245,695.0346534653465,833.5977722772277,808.0,0.5180422171633782,0.6639780332932897,1.5058344187017798,19.593497417598314,13.011721059271837,2.0268432620298054,0.054950691773045936,-0.08226935664998215,4.0,4.0,4.0,4.0,140.0,96.0,0.0,808.0,16.03728119216293,90,4.925182813112043,Infinity,0.9395348837209302,0.0,3232.0,1,ID93045,93000,92,25.0991
93047,96,307,830.1482213438735,889.7766798418972,1012.0,0.580586516697018,0.7230419977298524,1.601071295017711,22.98751465583371,14.357583405165865,2.954082082433759,-0.3257876738510332,0.20563271833998625,6.0,6.0,6.0,6.0,148.0,96.0,0.0,1012.0,17.94796937867892,76,4.652340139618293,Infinity,0.9606074988134788,0.0,6072.0,1,ID93047,93002,92,11.7024
93048,96,59,685.9984437143352,882.5851634099948,5782.999999999997,0.26265856548034183,0.7151149242664971,4.715923955900281,89.76071975030486,19.033538409371854,-0.0983382711573387,-0.8873214987205509,-1.1431603257922005,7.0,7.0,7.0,7.0,526.0,96.0,0.0,5783.0,42.904382897331836,214,6.91686258852065,Infinity,0.8053195933713965,0.0,40481.0,1,ID93048,105666,92,31.7533
93101,100,6,598.065873015873,589.1809523809524,1259.9999999999995,0.5478763658855553,1.0,2.2000400274371783,30.003578164771998,13.637741945869548,0.02559393524882081,0.6677874235675562,-0.06003666068337125,1.0,1.0,1.0,1.0,170.0,100.0,0.0,1260.0,20.026743534373633,78,4.789207443461595,Infinity,0.9633027522935778,0.0,1260.0,1,ID93101,93042,96,52.0486
93102,100,5,726.815042210284,655.1895625479663,1303.0000000000002,0.6087887013128348,1.0,1.1483063207400965,21.807223982968313,18.990772400271478,2.5271327023140673,0.09933511047136344,-0.08423381964241337,2.0,2.0,2.0,2.0,164.0,100.0,0.0,1303.0,20.36560290532739,96,4.543302357998353,Infinity,0.967334818114328,0.0,2606.0,1,ID93102,93043,96,71.4138
93104,100,6,728.4118158123371,745.1459600347524,1150.9999999999993,0.564995803794039,0.5089584850691915,1.4169279570652153,23.044750377570885,16.263882904323435,-1.530190026347696,-0.7647525914614492,0.14257255067372449,3.0,3.0,3.0,3.0,160.0,100.0,0.0,1151.0,19.14091635731014,88,4.716092567489106,Infinity,0.9469354175236523,0.0,3453.0,1,ID93104,93044,96,25.8377
93107,100,245,692.9178605539637,837.8424068767908,1047.0,0.5139449231732053,0.6905274488697524,1.359156285768658,21.680670599141028,15.951565560306207,2.5227608632559706,-0.06998731301707029,-0.23357387632142843,4.0,4.0,4.0,4.0,160.0,100.0,0.0,1047.0,18.255696394123913,100,4.9447762177233034,Infinity,0.937332139659803,0.0,4188.0,1,ID93107,93045,96,4.7432
93111,100,59,697.7755289788408,892.9530818767249,1087.0000000000002,0.41237908639682475,0.6961553465389451,2.601312950456877,38.539189160178736,14.815283625682168,2.8290216200644434,-5.799822078313491,5.81705648830144,6.0,6.0,6.0,6.0,182.0,100.0,0.0,1087.0,18.601151746109178,68,5.5202229199151525,Infinity,0.9326469326469327,0.0,6522.0,1,ID93111,93048,96,15.6906
93112,100,307,845.7881508078995,894.5619389587074,557.0,0.4702679677639115,0.7469942498693152,1.8998254783204216,18.523477282271106,9.750094150041168,3.1111902508843,-0.3457644043305931,0.35686920875869427,7.0,7.0,7.0,7.0,122.0,100.0,0.0,557.0,13.315352289908494,62,5.169305903005837,Infinity,0.9424703891708968,0.0,3899.0,1,ID93112,93047,96,16.3556
93205,104,6,536.3932853717026,611.9808153477218,834.0,0.4916660298543606,1.0,1.6630196064680773,20.85842830699738,12.542502942161054,2.70152791432446,0.25864323091948366,-0.7536844457182493,1.0,1.0,1.0,1.0,146.0,104.0,0.0,834.0,16.293263794503588,86,5.055566535770439,Infinity,0.8881789137380192,0.0,834.0,1,ID93205,93101,100,65.7521
93206,104,6,696.1291448516579,742.0340314136125,1146.0,0.5102416639758933,1.0,1.5876293934458463,24.23488357397973,15.264824192615565,0.6864676653425615,0.046998032709911035,0.031598878758491517,2.0,2.0,2.0,2.0,168.0,104.0,0.0,1146.0,19.099296572560576,104,4.9626880066460854,Infinity,0.9253128784820347,0.0,2292.0,1,ID93206,93104,100,32.4323
93207,104,245,756.4075144508671,834.5221579961465,1038.0,0.5225081196004174,0.11546268656716417,1.7652496379060825,24.655098559547813,13.966918916235207,-0.02347378566683756,-0.8470692888127679,0.49424015004809085,3.0,3.0,3.0,3.0,158.0,104.0,0.0,1038.0,18.17706417050825,78,4.904089756429187,Infinity,0.9222567747667704,0.0,3114.0,1,ID93207,93107,100,63.5764
93211,104,59,692.1820987654321,884.8001543209876,1296.0,0.5140138971155627,0.4115938521118238,1.1418146903207145,22.089255392454074,19.34574461136913,2.8339720483335595,0.40679195708292326,0.16984820263476405,6.0,6.0,6.0,6.0,178.0,104.0,0.0,1296.0,20.310825007719227,124,4.944444444444445,Infinity,0.9491028927132916,0.0,7776.0,1,ID93211,93111,100,9.8872
93177,108,6,553.3185595567867,660.3296398891966,1082.9999999999993,0.4709127811540129,1.0,2.1994010666660806,27.819254520843057,12.648559165706112,0.29624345178462574,-0.5731561069581789,0.20936295091891552,1.0,1.0,1.0,1.0,170.0,108.0,0.0,1083.0,18.566895452310952,96,5.165765566433495,Infinity,0.9252456215292606,0.0,1083.0,1,ID93177,93205,104,51.2257
93178,108,6,658.7923139820115,781.5233033524121,1222.9999999999993,0.519492673788577,1.0,1.6238473585923012,25.432322447029918,15.661769138865965,0.5473678413456091,-0.015901920937912813,0.09852734680111556,2.0,2.0,2.0,2.0,172.0,108.0,0.0,1223.0,19.730509136937542,104,4.918302295025124,Infinity,0.9286256643887619,0.0,2446.0,1,ID93178,93206,104,54.3456
93179,108,59,765.957962413452,819.419881305638,2022.0000000000032,0.5548345135434162,0.8574126052564429,1.5182471779174826,31.317185069011856,20.6271979454415,2.5952543313812924,0.003349654311811378,0.18961193886209834,3.0,3.0,3.0,3.0,214.0,108.0,0.0,2022.0,25.369717969729695,128,4.759082108176319,Infinity,0.967001434720231,0.0,6066.0,1,ID93179,93211,104,98.5772
93180,108,245,793.4412060301507,856.4090452261306,994.9999999999989,0.4884194828627876,0.5682668943324357,1.5189042155481318,21.936218196096117,14.44213398813955,0.69759583878016,0.16663989295314394,0.09326174334188551,4.0,4.0,4.0,4.0,160.0,108.0,0.0,995.0,17.79658216492345,112,5.072340999585934,Infinity,0.9191685912240174,0.0,3980.0,1,ID93180,93207,104,43.0178
93230,112,6,539.5408079142621,657.7873042044517,1213.0000000000002,0.49209089473197565,1.0,2.0822622193299103,28.550137857221074,13.711115532033594,0.26769280771061044,-0.020894154466557253,0.48693861271120303,1.0,1.0,1.0,1.0,176.0,112.0,0.0,1213.0,19.649679181628848,100,5.053383609297885,Infinity,0.9465470152165432,0.0,1213.0,1,ID93230,93177,108,14.0104
93231,112,59,775.9250416435314,792.9844530816213,1800.9999999999998,0.6139331997737866,1.0,1.2785965265531631,27.35067555673806,21.391169918527726,0.10001338494083743,0.023345868223059188,-0.10082494364607836,2.0,2.0,2.0,2.0,192.0,112.0,0.0,1801.0,23.943184938871582,102,4.524226844412222,Infinity,0.968019349637194,0.0,3602.0,1,ID93231,93179,108,28.252
93232,112,6,657.8880070546737,842.1031746031746,1134.0000000000002,0.5171383465192083,1.0,1.8050661039966156,25.633484680781155,14.200856480560901,-0.6252243753902315,-0.018127052812840928,-0.40827344385984843,3.0,3.0,3.0,3.0,166.0,112.0,0.0,1134.0,18.999037105401385,102,4.929485128606938,Infinity,0.9368029739776954,0.0,3402.0,1,ID93232,93178,108,60.5866
93233,112,245,821.952380952381,872.992784992785,692.9999999999991,0.47083125193289876,0.6663660955816051,1.2105627423338,16.628254877911466,13.735971128480674,0.8014242097155941,-0.2041589560166338,0.13836164381330068,4.0,4.0,4.0,4.0,136.0,112.0,0.0,693.0,14.852230510107452,94,5.16621279950359,Infinity,0.8896020539152748,0.0,2772.0,1,ID93233,93180,108,32.9834
93237,116,6,527.2314662273476,652.9670510708402,1213.9999999999989,0.481491412884485,1.0,2.067091494676203,28.208653678741086,13.646543344304067,0.458230126492251,-0.2869405975836199,-0.007698613278658689,1.0,1.0,1.0,1.0,178.0,116.0,0.0,1214.0,19.657777133417746,112,5.108703043579596,Infinity,0.9502935420743632,0.0,1214.0,1,ID93237,93230,112,13.2195
93238,116,59,753.468507751938,754.1124031007752,2064.0,0.5881403389577626,1.0,1.4969617179531167,31.50877870778259,21.048486631218857,0.34786280605488584,-0.007256396063473389,0.11292450649822447,2.0,2.0,2.0,2.0,210.0,116.0,0.0,2064.0,25.631847476983474,116,4.622367258209525,Infinity,0.9699248120300752,0.0,4128.0,1,ID93238,93231,112,44.8925
93239,116,6,722.6246575342466,841.9296803652968,1095.0,0.5375068680751286,1.0,1.7248706662853848,24.767192879574807,14.358869545223632,1.9660500799557823,0.2007983566977934,-0.3498820965295438,3.0,3.0,3.0,3.0,160.0,116.0,0.0,1095.0,18.669475765839028,90,4.835183081723995,Infinity,0.9415305245055892,0.0,3285.0,1,ID93239,93232,112,64.7369
93240,116,245,839.6298969072164,868.0391752577319,969.9999999999998,0.4423493792977353,0.7263626251390435,1.6488026269262799,23.1039094480223,14.012537990124942,-0.5739336755706037,-0.7000778594658167,0.08948906104422018,4.0,4.0,4.0,4.0,166.0,116.0,0.0,970.0,17.571584720743797,110,5.3299387822638655,Infinity,0.8948339483394832,0.0,3880.0,1,ID93240,93233,112,18.3585
93311,120,59,738.3216348289649,733.1346068414039,2250.9999999999995,0.6176718545925952,1.0,1.3160468692987117,30.927013840359262,23.499933446017383,3.097003059831304,0.1877292391678314,-0.08474563574660555,1.0,1.0,1.0,1.0,214.0,120.0,0.0,2251.0,26.767808162038833,114,4.510513903429875,Infinity,0.9713052858683927,0.0,2251.0,1,ID93311,93238,116,25.8746
93312,120,6,778.8660855784469,832.3137876386688,1262.0000000000007,0.5896326485470436,1.0,1.1408873002484334,21.421865051295814,18.776495317838233,1.6844293751087407,0.08521389402416601,-0.16215648903198912,2.0,2.0,2.0,2.0,164.0,120.0,0.0,1262.0,20.04263147303627,100,4.616514145176518,Infinity,0.9618902439024395,0.0,2524.0,1,ID93312,93239,116,57.0575
93313,120,245,866.4144329896907,848.9298969072165,970.0000000000005,0.5417501998190402,0.6817568869196687,1.4229208242538434,21.372815679855933,15.020382944401346,2.3406399331966568,-0.14562486168997094,-0.7324833620751896,3.0,3.0,3.0,3.0,150.0,120.0,0.0,970.0,17.571584720743804,92,4.816209743009516,Infinity,0.9376510391493481,0.0,2910.0,1,ID93313,93240,116,32.9025
93326,124,59,719.2323515661524,733.6577840112202,2138.9999999999995,0.6212894495218719,1.0,1.366728118475198,30.75384056414991,22.50179838142256,2.8112691835112105,-0.08315011078638027,0.14855254205466192,1.0,1.0,1.0,1.0,208.0,124.0,0.0,2139.0,26.09338702712103,110,4.49736300066987,Infinity,0.9751538636881696,0.0,2139.0,1,ID93326,93311,120,19.0965
93328,124,6,801.8150873965042,813.4038638454462,1087.0,0.5335798772581414,1.0,1.4872261641849411,22.69914291873071,15.262737749890745,0.6881272387652637,-0.022450191432650972,0.11438639956194778,2.0,2.0,2.0,2.0,160.0,124.0,0.0,1087.0,18.601151746109178,96,4.852943226299036,Infinity,0.9346517626827171,0.0,2174.0,1,ID93328,93312,120,29.7362
93330,124,245,915.9189485213582,834.3581599123768,913.0000000000005,0.5382387113393662,0.6850199938480468,1.1644754556887178,18.423810254087485,15.821553098507257,0.5167423859401605,0.2692699243396193,0.1538699422432565,3.0,3.0,3.0,3.0,146.0,124.0,0.0,913.0,17.047490316342785,90,4.831894763946914,Infinity,0.9180492709904479,0.0,2739.0,1,ID93330,93313,120,51.6046
93350,128,59,698.5208169677926,759.8688138256088,2546.0000000000023,0.5744394495862984,1.0,1.3540755066282928,33.20818304065108,24.524616890339377,2.451179112365402,0.24235049048514307,0.0625224726405024,1.0,1.0,1.0,1.0,236.0,128.0,0.0,2546.0,28.467823419150466,144,4.677166208207565,Infinity,0.9693508471349712,0.0,2546.0,1,ID93350,93326,124,33.4064
93351,128,245,883.5396966993756,890.1900089206066,1121.0000000000002,0.5788503229247467,0.7308286155429747,1.3060582609758493,25.614342888298257,19.611945082112918,0.4933768178112128,1.350979299507907,5.473717369124641,2.0,2.0,2.0,2.0,156.0,128.0,0.0,1121.0,18.88982219111735,70,4.659311990498091,Infinity,0.9730902777777781,0.0,2242.0,1,ID93351,93330,124,64.5415
93407,132,59,686.4076511723571,771.2003290826821,2430.999999999997,0.5675692435253253,1.0,1.5000334510758453,33.92642188844538,22.617110214517464,2.139933599702484,0.11458949335288028,0.05914771953431515,1.0,1.0,1.0,1.0,232.0,132.0,0.0,2431.0,27.817464537818577,146,4.705388703026056,Infinity,0.9714285714285703,0.0,2431.0,1,ID93407,93350,128,16.5871
93408,132,245,865.6804564907276,893.9643366619116,701.0000000000001,0.505568514730589,0.7258924907673369,1.7669318777971708,20.74338748610712,11.739777716822816,0.008691145027031943,0.29075473073794733,1.1454914384776862,2.0,2.0,2.0,2.0,132.0,132.0,0.0,701.0,14.93771167933152,64,4.9855711923632855,Infinity,0.9352901934623084,0.0,1402.0,1,ID93408,93351,128,18.2537
93426,136,59,671.9962976675306,778.5138837467605,2700.9999999999986,0.5430682724701457,1.0,1.6844127876995376,37.91607566337566,22.50996664253481,2.0449850886916616,0.16871881609004175,0.13351274849652142,1.0,1.0,1.0,1.0,250.0,136.0,0.0,2701.0,29.321579128389697,156,4.810361518025282,Infinity,0.9721072521144497,0.0,2701.0,1,ID93426,93407,132,16.1609
93427,136,245,884.2033631108776,855.3914871255912,1902.999999999999,0.5978450819781373,0.2733355637336902,1.3301978424751295,28.470567025974113,21.40325755828793,0.3870266140427514,-0.14885685619392158,0.1978710926742606,2.0,2.0,2.0,2.0,200.0,136.0,0.0,1903.0,24.611861234123545,116,4.584696607711454,Infinity,0.970423253442121,0.0,3806.0,1,ID93427,93408,132,42.7898
93436,140,59,653.9258849557522,856.4306784660766,2711.999999999999,0.5916666164260775,0.9311654403038215,1.5326940798180366,36.595816568984276,23.87679123372681,1.503778940420358,-0.3328634020671782,0.15088296354045608,1.0,1.0,1.0,1.0,240.0,140.0,0.0,2712.0,29.381225490616284,130,4.608572235855412,Infinity,0.9739630095169688,0.0,2712.0,1,ID93436,93426,136,79.9848
93437,140,245,845.8418504572351,843.0371167294244,1859.0,0.6081029511686199,1.0,1.1785388193492567,26.480055993836928,22.46854796726864,3.1403067922974133,-0.14529441231181456,-0.342705145224464,2.0,2.0,2.0,2.0,196.0,140.0,0.0,1859.0,24.325667070312107,112,4.545863349018591,Infinity,0.9712643678160918,0.0,3718.0,1,ID93437,93427,136,40.3018
93451,144,245,797.1620411817368,847.9364368845121,2233.999999999999,0.5496372455258512,1.0,1.1829284294115334,29.39205647099335,24.846859488882938,-1.2601576971096882,0.018353132665752003,-0.05547948254917057,1.0,1.0,1.0,1.0,226.0,144.0,0.0,2234.0,26.666538690549775,130,4.781529667627223,Infinity,0.9355108877721939,0.0,2234.0,1,ID93451,93437,140,48.9257
93452,144,59,664.2704103671706,878.8207343412527,2315.0000000000005,0.612135930734818,0.7127003699136868,1.4977170354011338,36.56203118379271,24.41184170279555,-1.1550406672199571,-1.1966280578456638,5.467666967314697,2.0,2.0,2.0,2.0,218.0,144.0,0.0,2315.0,27.14566975625165,104,4.530863681677461,Infinity,0.9757639620653321,0.0,4630.0,1,ID93452,93436,140,24.6642
93445,148,245,787.2491366551554,876.5673408978787,2026.9999999999998,0.5667504724836694,0.7212001132182281,1.3717039858186006,30.289999067733728,22.082023075596275,1.9967484782669729,-0.38314668785534994,0.7643699417897133,1.0,1.0,1.0,1.0,212.0,148.0,0.0,2027.0,25.401065711787442,126,4.708786358385734,Infinity,0.9496369173108455,0.0,2027.0,1,ID93445,93451,144,30.2984
93446,148,59,672.9516666666667,879.9591666666666,2400.0,0.590478688120879,0.7144898202166924,1.4821499642868372,36.006853835477884,24.293664408515653,2.3898208513724026,-1.2794834667771604,3.675249415735678,2.0,2.0,2.0,2.0,226.0,148.0,0.0,2400.0,27.63953195770684,120,4.613205682241652,Infinity,0.9758080910754219,0.0,4800.0,1,ID93446,93452,144,8.7556
93448,148,100,20.40064844835572,253.6544696618805,2159.0000000000005,0.5311847865220741,0.7143991529910004,1.1599968283448732,30.99065310981455,26.71615331399929,0.5900333455547659,-4.6221211431108316,-0.7233434007647119,4.0,4.0,4.0,4.0,226.0,148.0,0.0,2159.0,26.215091918030808,112,4.863871783493285,Infinity,0.929001721170396,0.0,8636.0,1,ID93448,,,
93472,152,105,1212.885521885522,191.25420875420875,594.0000000000002,0.574363199825281,0.7167630057803468,1.3690811522833246,20.9374653956274,15.29307839839029,2.5898846460823854,6.857814914949792,-1.5697709048298203,1.0,1.0,1.0,1.0,114.0,152.0,0.0,594.0,13.750493532712625,52,4.677476657214643,Infinity,0.9611650485436897,0.0,594.0,1,ID93472,,,
93473,152,245,780.8636836628511,876.5171696149844,1921.9999999999993,0.5919165846681287,0.4334369173399628,1.1584634588710938,26.619468020361364,22.978254356250183,0.7527735434567624,-0.010117665565514047,-0.2540995935811483,2.0,2.0,2.0,2.0,202.0,152.0,0.0,1922.0,24.734421384888822,124,4.607599025796214,Infinity,0.9675308331235841,0.0,3844.0,1,ID93473,93445,148,6.3857
93474,152,59,679.5770811921891,885.3992805755396,1946.0000000000023,0.5545160366336277,0.7211084905660378,1.6719933885899676,35.877211506225805,21.457747232171727,2.6444828212739213,-2.1679990715216615,4.548087049031896,3.0,3.0,3.0,3.0,210.0,152.0,0.0,1946.0,24.888371552065383,100,4.760448561175417,Infinity,0.9737302977232932,0.0,5838.0,1,ID93474,93446,148,8.5727
93475,152,104,834.0316072629455,887.1977135171486,1486.9999999999989,0.6032474529814075,0.6003587443946188,1.5803104831286707,28.31003543063362,17.91422364963745,0.14081848328704594,0.29064074215266394,0.8953503700847959,4.0,4.0,4.0,4.0,176.0,152.0,0.0,1487.0,21.756075031018266,80,4.56412135749826,Infinity,0.9706266318537853,0.0,5948.0,1,ID93475,,,
93477,152,100,27.652389819987587,244.95872129112354,3222.000000000002,0.4748644928629348,0.7004134048729,1.1213688325527318,35.94515933856653,32.054715892842715,0.6179804898424957,-1.007958229375205,1.8844995531760205,6.0,6.0,6.0,6.0,292.0,152.0,0.0,3222.0,32.024903642074776,136,5.144226513128448,Infinity,0.8731707317073176,0.0,19332.0,1,ID93477,93448,148,11.3227
93512,156,105,1187.9454545454546,186.4809917355372,605.0,0.5279620987282847,1.0,1.1705598035706968,15.144318399612189,12.937671662238603,1.2185332112253138,0.042767077061452684,0.09935531719709954,1.0,1.0,1.0,1.0,120.0,156.0,0.0,605.0,13.877228871110882,78,4.87869376909045,Infinity,0.9236641221374046,0.0,605.0,1,ID93512,93472,152,25.3927
93513,156,104,846.3459915611814,872.9150843881856,1896.0000000000014,0.56145345189992,0.9029775844764136,1.4047524613057303,29.05752911954028,20.68515978433029,0.6623505169729313,-0.2446833946149364,0.14079919073885852,2.0,2.0,2.0,2.0,206.0,156.0,0.0,1896.0,24.56655336437058,136,4.730946685398639,Infinity,0.9695729992329337,0.0,3792.0,1,ID93513,93475,152,18.8584
93514,156,245,719.3062295081967,887.96,1525.0000000000005,0.5660360109551554,0.7128416323474354,1.298068727240737,27.16360714621215,20.926170222090597,0.018257982981351343,0.05660504095097357,3.0291882733622417,3.0,3.0,3.0,3.0,184.0,156.0,0.0,1525.0,22.032307560268872,86,4.711757181530571,Infinity,0.9582155199497334,0.0,4575.0,1,ID93514,93473,152,62.612
93515,156,100,35.295989304812835,251.7149732620321,3739.9999999999977,0.5019247522075193,0.7015468607825296,1.5521666558593987,46.58498809873055,30.012877755666977,-0.06890284121756912,-3.7706352632096563,0.45432487439445074,4.0,4.0,4.0,4.0,306.0,156.0,0.0,3740.0,34.50331830893047,120,5.0036350422831255,Infinity,0.8802071075547182,0.0,14960.0,1,ID93515,93477,152,10.2015
93519,156,59,595.3018446059251,873.1648965902739,1788.999999999999,0.3596997924654168,0.7138751397094043,2.8902333538818037,43.05282907965265,14.895969912543368,1.072711040428772,1.5878274691483396,3.1643430491456197,8.0,8.0,8.0,8.0,250.0,156.0,0.0,1789.0,23.863285322494917,134,5.91064448925562,Infinity,0.8004474272930645,0.0,14312.0,1,ID93519,93474,152,85.1586
93556,160,105,1164.9289026275117,194.42967542503865,647.0000000000002,0.5462538153379728,1.0,1.1344965230165056,15.374561075068318,13.55188029504841,0.35232442484538695,0.19049499641817816,0.3524711447184586,1.0,1.0,1.0,1.0,122.0,160.0,0.0,647.0,14.350836085779555,76,4.796314917221583,Infinity,0.9249463902787706,0.0,647.0,1,ID93556,93512,156,24.3504
93559,160,104,871.7779632721202,848.0634390651085,1797.0000000000005,0.587821949031743,1.0,1.2352242186678717,26.51645801957025,21.46691881427563,1.1830409445476067,0.03434466794619286,-0.1119429741285843,2.0,2.0,2.0,2.0,196.0,160.0,0.0,1797.0,23.91658139183508,120,4.623618926286501,Infinity,0.9663888141973651,0.0,3594.0,1,ID93559,93513,156,35.5583
93560,160,245,698.0315940641456,886.6548587841072,2089.000000000001,0.5523766562872722,0.6748474455480824,1.715823924077621,34.63218653861681,20.183997933957066,-0.044372591445329006,0.31339864785248306,1.2465791586293165,3.0,3.0,3.0,3.0,218.0,160.0,0.0,2089.0,25.78661187977085,100,4.769658371051725,Infinity,0.9611226132965267,0.0,6267.0,1,ID93560,93514,156,21.3146
93561,160,100,48.69075871988493,243.09349154980222,2780.999999999996,0.25527448267737624,0.8152741514360312,4.030390786327363,60.02386935380975,14.892816239416243,2.651974314496446,-1.181714899684928,0.6078333067245163,4.0,4.0,4.0,4.0,370.0,160.0,0.0,2781.0,29.75264347040647,228,7.016188195859089,Infinity,0.8696060037523438,0.0,11124.0,1,ID93561,93515,156,15.9295
93591,164,105,1147.117852975496,240.10268378063012,856.9999999999997,0.5340894473569632,1.0,1.2736354668280152,18.866580582097278,14.813171487038149,1.9567008921090019,0.21479602981999396,0.34125834971117014,1.0,1.0,1.0,1.0,142.0,164.0,0.0,857.0,16.5164031332342,90,4.850627598364602,Infinity,0.9391780821917803,0.0,857.0,1,ID93591,93556,160,49.023
93592,164,104,854.3873456790124,868.9212962962963,1944.0000000000005,0.5870103920202383,0.8659414493681011,1.3332854687679028,28.678700448125092,21.509797503926336,1.30798033648583,0.031768099974695596,-0.0046396228850571365,2.0,2.0,2.0,2.0,204.0,164.0,0.0,1944.0,24.875578761936158,122,4.626813958590447,Infinity,0.9693343305908754,0.0,3888.0,1,ID93592,93559,160,27.1567
93593,164,114,19.647325475974615,49.62284678150499,3308.9999999999995,0.44408262167237494,0.4987544349664075,1.34974090809231,60.02527647504301,44.47170276544499,0.31274308495929737,-29.73353911044987,-4.575616584575188,3.0,3.0,3.0,3.0,306.0,164.0,0.0,3309.0,32.45438973978965,148,5.3195273104750855,Infinity,0.9395229982964222,0.0,9927.0,1,ID93593,,,
93594,164,100,56.69260935143288,243.19849170437405,3315.0000000000014,0.31097911692347247,0.8932038834951456,2.9991515716209176,54.90233300414312,18.305954765224044,2.6083721909602167,2.1800584769711544,-1.2817590300048836,4.0,4.0,4.0,4.0,366.0,164.0,0.0,3315.0,32.483800157913585,208,6.356811289770654,Infinity,0.8062750820868302,0.0,13260.0,1,ID93594,93561,160,8.0025
93611,168,105,1146.1850961538462,254.40064102564102,1248.0000000000002,0.4949763453705419,1.0,1.7900619800931348,26.546343278784864,14.829845879081622,-1.2267895451694577,-0.017115948016672888,0.2236345619854903,1.0,1.0,1.0,1.0,178.0,168.0,0.0,1248.0,19.93114994066752,114,5.038632801943451,Infinity,0.9555895865237372,0.0,1248.0,1,ID93611,93591,164,14.3284
93612,168,104,842.9316081330869,883.2538508934073,1623.0000000000007,0.6437072183785174,0.7256778309409888,1.0930053856178523,24.508105427885877,22.42267581694666,0.7578512403523793,-0.19452694742746487,1.207797687814029,2.0,2.0,2.0,2.0,178.0,168.0,0.0,1623.0,22.729209077226873,80,4.418356377042632,Infinity,0.9654967281380136,0.0,3246.0,1,ID93612,93592,164,18.3482
93613,168,117,12.231304347826088,104.01507246376812,1724.9999999999998,0.28456455195559716,0.7206982543640899,3.1797821976368814,47.63579902942187,14.98083707268484,1.4836726654014283,-0.4110613600669721,-5.074359058999504,3.0,3.0,3.0,3.0,276.0,168.0,0.0,1725.0,23.432553289538017,96,6.64529909033446,Infinity,0.7671781187458304,0.0,5175.0,1,ID93613,,,
93614,168,100,59.45791552719538,250.76207839562443,3290.999999999991,0.26640679798407535,0.863005943956977,4.0525923297366,64.02984448752008,15.799725034687048,2.634501568708149,0.15379684588520875,-0.2420999077529552,4.0,4.0,4.0,4.0,394.0,168.0,0.0,3291.0,32.36599813741038,256,6.86803153649324,Infinity,0.8448209472468209,0.0,13164.0,1,ID93614,93594,164,8.0532
93617,168,266,697.212543554007,888.3175087108013,2296.0000000000014,0.41397478952262223,0.7495554991109983,2.483623142108871,43.19073481233439,17.39021274204293,0.0032363985796943773,-2.0202990323492847,0.398586070081384,7.0,7.0,7.0,7.0,264.0,168.0,0.0,2296.0,27.03404332832926,120,5.509573549455901,Infinity,0.9198717948717954,0.0,16072.0,1,ID93617,,,
93661,172,117,10.455097087378642,88.25728155339806,824.0000000000001,0.5598339849822643,0.6978021978021978,1.5738066140866387,21.73096503997906,13.8079004405447,1.8948440770484483,-1.90003908213379,0.5867817594620951,1.0,1.0,1.0,1.0,136.0,172.0,0.0,824.0,16.195287778099022,70,4.737784497182999,Infinity,0.9620548744892001,0.0,824.0,1,ID93661,93613,168,15.8576
93662,172,105,1136.0398773006134,283.6480061349693,1304.000000000001,0.4947031542423733,1.0,2.255096593219156,30.87043514669152,13.68918530563868,1.921322918889848,3.5577094610950453E-4,0.6983669844385378,2.0,2.0,2.0,2.0,182.0,172.0,0.0,1304.0,20.37341629633242,102,5.0400238581575705,Infinity,0.9612974566900121,0.0,2608.0,1,ID93662,93611,168,30.957
93663,172,266,684.9112068965517,877.0758620689655,1159.9999999999998,0.5043941146247971,0.42525597269624565,1.3131348204831257,21.915903715807175,16.689759020893167,1.368360847129299,0.16314463532284593,-0.34533812373106804,3.0,3.0,3.0,3.0,170.0,172.0,0.0,1160.0,19.215604803731708,112,4.991371865874981,Infinity,0.9317269076305221,0.0,3480.0,1,ID93663,93617,168,16.6643
93664,172,104,855.5532959326788,884.390603085554,1426.0,0.6057208117927319,0.7222222222222222,1.403289327410592,28.08044684048974,20.010447091694875,1.185674345162505,1.0241738620306444,4.728758812947046,4.0,4.0,4.0,4.0,172.0,172.0,0.0,1426.0,21.305161292468206,84,4.554793415458434,Infinity,0.9700680272108844,0.0,5704.0,1,ID93664,93612,168,12.6728
93666,172,100,64.28940110323089,237.3205279747833,5076.000000000007,0.30408886767265714,0.82546152001918,3.6071194036862066,75.90770454033688,21.043856896659666,2.601735545063259,1.0347346732926597,-0.6510595949420059,6.0,6.0,6.0,6.0,458.0,172.0,0.0,5076.0,40.196280701937134,270,6.428426330807756,Infinity,0.8405365126676612,0.0,30456.0,1,ID93666,93614,168,14.2835
93643,176,117,21.984896661367248,95.48807631160572,1257.9999999999995,0.6023660353933789,0.9403598971722364,1.5034696632003635,24.77253407564821,16.47690983196569,1.3627342375109106,0.058479559698282224,-0.14945605930343478,1.0,1.0,1.0,1.0,162.0,176.0,0.0,1258.0,20.01084298122417,84,4.567459382920268,Infinity,0.9639846743295014,0.0,1258.0,1,ID93643,93661,172,13.6096
93644,176,100,69.84539190353144,238.62489233419467,2322.000000000001,0.5328934284195707,1.0,1.7562518077509794,36.18472860195153,20.603382978599726,2.6660819621901766,-0.4614091549385965,-0.0089805371482177,2.0,2.0,2.0,2.0,234.0,176.0,0.0,2322.0,27.186679747971475,142,4.856067889644583,Infinity,0.9677016045009377,0.0,4644.0,1,ID93644,93666,172,5.707
93645,176,105,1119.5083532219571,348.1161495624503,1257.0000000000014,0.49854588632273383,1.0,2.0636332665861294,28.979171338319006,14.042791327094312,1.9068034917034695,0.20375395942652472,0.4379342268753623,3.0,3.0,3.0,3.0,178.0,176.0,0.0,1257.0,20.002887964817113,104,5.020562333206009,Infinity,0.9569851541682536,0.0,3771.0,1,ID93645,93662,172,66.554
93646,176,266,719.8740088105727,844.3312775330396,1135.0000000000005,0.46044778690914473,0.4157268333246713,1.6597145343945583,24.632198832940965,14.841226200339603,-1.5181684297624198,0.22853849667686554,0.2814152829512312,4.0,4.0,4.0,4.0,176.0,176.0,0.0,1135.0,19.007412259921196,116,5.224139159320617,Infinity,0.9072741806554759,0.0,4540.0,1,ID93646,93663,172,47.902
93647,176,104,866.6180773249739,863.9299895506792,1914.0,0.5894528319744009,0.9920208152645273,1.2461451169106423,27.443441913797233,22.022669383669484,1.0298996765106123,0.02206636241016437,-0.05780500858991487,5.0,5.0,5.0,5.0,202.0,176.0,0.0,1914.0,24.68289128436487,126,4.617218240913194,Infinity,0.9715736040609138,0.0,9570.0,1,ID93647,93664,172,23.2608
93649,176,252,718.0889192886457,890.6812585499316,731.0000000000001,0.6171739397404298,0.5610921848782223,1.3137752322133638,20.949128635918164,15.94574788917616,-1.4750268986225106,-0.30761717772161734,5.487114821337701,7.0,7.0,7.0,7.0,122.0,176.0,0.0,731.0,15.254000354017009,54,4.512333000877386,Infinity,0.9662921348314607,0.0,5117.0,1,ID93649,,,
93757,180,117,22.280382775119616,68.73588516746412,1044.9999999999995,0.5537129908924494,0.8105688709211666,1.3639958451460437,21.464509105725643,15.736491560520426,0.34579784499739874,0.07440461070398943,-0.14313139771319888,1.0,1.0,1.0,1.0,154.0,180.0,0.0,1045.0,18.238251864201818,88,4.763899331651045,Infinity,0.9305431878895811,0.0,1045.0,1,ID93757,93643,176,26.7538
93758,180,100,133.21258341277408,204.4280266920877,2098.000000000002,0.5866021170551255,1.0,1.3596888238528522,30.09944758779839,22.137011836655212,2.617045071974273,-0.14632540462680368,-0.15527636834752476,2.0,2.0,2.0,2.0,212.0,180.0,0.0,2098.0,25.842100170334326,128,4.628423809355466,Infinity,0.972872710410388,0.0,4196.0,1,ID93758,93644,176,72.0057
93759,180,105,1131.226343679031,311.6366389099167,1320.999999999999,0.47982933233808694,1.0,2.2847010536312573,31.11725116522323,13.619834908276557,1.8854313608877287,0.0673979692785266,0.3739895920569336,3.0,3.0,3.0,3.0,186.0,180.0,0.0,1321.0,20.50578844250538,106,5.117543411418384,Infinity,0.9555153707052432,0.0,3963.0,1,ID93759,93645,176,38.3153
93760,180,266,734.2023411371238,808.8244147157191,598.0,0.5584638545917646,0.40940783659039576,1.1680999685198603,14.990024883708047,12.832827059059358,1.4218434531942,0.03506652177772073,-0.2579456416583605,4.0,4.0,4.0,4.0,116.0,180.0,0.0,598.0,13.796713809378915,74,4.7435927566352785,Infinity,0.9492063492063492,0.0,2392.0,1,ID93760,93646,176,38.2889
93765,180,252,690.5352622061483,894.0361663652803,552.9999999999999,0.5957821458968297,0.7509234828496042,1.3530035071803659,16.626078879292503,12.288274783515485,3.0816377016558887,-0.48256229797445227,1.5617485183923197,7.0,7.0,7.0,7.0,108.0,180.0,0.0,553.0,13.267455184007074,42,4.592627160075673,Infinity,0.945299145299145,0.0,3871.0,1,ID93765,93649,176,27.7572
93792,184,117,57.11372180451128,39.276315789473685,1063.999999999999,0.5637804998177665,1.0,1.4315555153369075,21.91126765170678,15.305915430426113,0.6282171247293812,-0.07159001248797421,0.16514577614929563,1.0,1.0,1.0,1.0,154.0,184.0,0.0,1064.0,18.403307281560917,96,4.721172914034239,Infinity,0.9568345323741001,0.0,1064.0,1,ID93792,93757,180,45.6205
93793,184,100,153.9433962264151,198.30141509433963,2120.0,0.5927533308659988,1.0,1.3500015322108758,30.409265628630976,22.52535638150737,2.2139262280364833,-0.15298749072443624,0.10148680738624005,2.0,2.0,2.0,2.0,212.0,184.0,0.0,2120.0,25.977239243415305,118,4.604345773288536,Infinity,0.9693644261545494,0.0,4240.0,1,ID93793,93758,180,21.6172
93794,184,105,1140.0382165605095,294.6449044585987,1256.0,0.509535172121485,1.0,2.1546551532097817,29.69725590562577,13.782834743362935,1.8949347248211497,0.24004678671963087,0.4574480282699734,3.0,3.0,3.0,3.0,176.0,184.0,0.0,1256.0,19.994929783493642,96,4.966127302251283,Infinity,0.9591447117220313,0.0,3768.0,1,ID93794,93759,180,19.1407
93796,184,266,758.8182487122884,813.1405445180279,1359.0000000000007,0.5640671708585719,0.8554589723751878,1.3122050223130506,23.74844984924283,18.098124489251653,-0.3084306696816138,-0.1057519266637449,0.0494059070146814,5.0,5.0,5.0,5.0,174.0,184.0,0.0,1359.0,20.798633015748216,102,4.719973060872723,Infinity,0.948360083740405,0.0,6795.0,1,ID93796,93760,180,24.9914
93799,184,252,692.4974902398216,884.648633575014,1793.000000000001,0.5207910158918733,0.6868348327159405,1.7175749959953173,33.84286057903219,19.70386193204949,2.483893884032228,-1.843576762311176,3.1228627406014176,8.0,8.0,8.0,8.0,208.0,184.0,0.0,1793.0,23.889948219440264,102,4.9121677577534255,Infinity,0.9225623874453313,0.0,14344.0,1,ID93799,93765,180,9.5904
93761,188,100,156.2809884416102,201.49382223993624,2509.000000000001,0.6065140018357028,1.0,1.2903999412368206,32.42183719120652,25.125417442386805,-1.388086365782051,0.735210937084938,0.06515640977043494,1.0,1.0,1.0,1.0,228.0,188.0,0.0,2509.0,28.260210622625074,126,4.55181409532395,Infinity,0.9738016689307203,0.0,2509.0,1,ID93761,93793,184,3.9567
93766,188,266,725.4663432383262,755.1322013341419,1649.0000000000005,0.5505884032064587,1.0,1.4419431506638343,27.634587471237197,19.164824534528236,0.394390617669312,0.2589194635562625,-0.4929498089006107,3.0,3.0,3.0,3.0,194.0,188.0,0.0,1649.0,22.910543474939022,118,4.777397765705165,Infinity,0.9537304800462699,0.0,4947.0,1,ID93766,93796,184,66.9128
107303,188,105,1114.18679245283,378.24716981132076,232.3521955581855,0.9999999999999999,-0.12047456743358445,1.0,8.60000005364418,8.60000005364418,0.0,0.0,0.0,40720.0,23363.523465703973,22112.0,17888.0,54.03539397880077,188.0,0.0,-1.0,8.60000005364418,,3.544907701811032,-1.5618632411783577,1.0,4098.003310688162,6471696.0,1,ID107303,93794,184,87.5079
107332,188,308,34.91132075471698,5.658490566037735,232.3521955581855,0.9999999999999999,0.01516159237417454,1.0,8.60000005364418,8.60000005364418,0.0,0.0,0.0,40144.0,23617.617328519857,23040.0,13978.0,54.03539397880077,188.0,0.0,-1.0,8.60000005364418,,3.544907701811032,0.11363663476159504,1.0,6208.080662527853,6542080.0,1,ID107332,,,
93800,192,127,948.086,71.554,500.00000000000006,0.5809158013294736,1.0,1.3190756425856853,14.515562667316539,11.004344405043192,1.0470383974607875,-0.05678425485814208,0.15493425830155536,1.0,1.0,1.0,1.0,104.0,192.0,0.0,500.0,12.6156626101008,62,4.651021393199563,Infinity,0.9469696969696972,0.0,500.0,1,ID93800,,,
93803,192,100,98.63794926004228,201.22357293868922,1891.999999999999,0.500285607321933,1.0,1.909287601596171,33.86337774487095,17.73613242790717,-0.7464103456723954,-0.2692452588242192,0.05867254671262244,3.0,3.0,3.0,3.0,218.0,192.0,0.0,1892.0,24.540625596339872,148,5.011825339601563,Infinity,0.9655524368461338,0.0,5676.0,1,ID93803,93761,188,57.6437
93805,192,105,1039.1314387211369,523.1873889875666,1126.0,0.6124365179955171,1.0,1.096899956702786,19.983996790750908,18.21861389330489,-1.4139768267208654,-0.038976253900647,0.3941718259395128,4.0,4.0,4.0,4.0,152.0,192.0,0.0,1126.0,18.931902488734416,86,4.529751658624339,Infinity,0.9636285836542576,0.0,4504.0,1,ID93805,107303,188,163.2206
93813,192,266,708.4959349593496,725.1138211382114,614.9999999999999,0.45729691880656154,0.5350329827063648,1.131881843649298,16.166917781299155,14.283220348490994,-1.4772733360563506,1.3832598046166513,-1.7234111335480025,7.0,7.0,7.0,7.0,130.0,192.0,0.0,615.0,13.991446672986722,70,5.242105950545827,Infinity,0.8447802197802197,0.0,4305.0,1,ID93813,93766,188,34.4833
93814,192,274,544.6542256542257,796.2809952809953,2330.9999999999995,0.6052109483899013,1.0,1.245295590514675,30.427554572293502,24.434001697314237,0.5005380206719974,-0.14482693130961755,0.20753030879681886,8.0,8.0,8.0,8.0,220.0,192.0,0.0,2331.0,27.239316156879124,128,4.556711617342134,Infinity,0.9734808937147628,0.0,18648.0,1,ID93814,,,
93821,192,271,623.2291220556746,866.9687366167024,2334.9999999999995,0.6174243621018572,0.9324137931034483,1.1123988233517343,28.84273459784794,25.928411638321222,-0.6158553739186449,0.09111666540992709,-0.21749750369468376,9.0,9.0,9.0,9.0,218.0,192.0,0.0,2335.0,27.262677495784434,124,4.511417825062452,Infinity,0.973119399874974,0.0,21015.0,1,ID93821,,,
93836,196,127,958.8509865005192,97.21703011422638,1926.0000000000005,0.6050707450813944,1.0,1.210336213310807,27.525880634878096,22.742342443495588,0.40476313334115155,-0.6415284789313779,0.041031434084647246,1.0,1.0,1.0,1.0,200.0,196.0,0.0,1926.0,24.76014621907514,108,4.557239513497754,Infinity,0.9656555527701184,0.0,1926.0,1,ID93836,93800,192,27.8294
93842,196,100,48.332101047443004,226.6894639556377,1622.9999999999986,0.4213888327914239,1.0,2.5881838815133946,36.56304228883712,14.126910591629807,-0.6694328347384102,-0.22016279788243726,0.11957907120491905,2.0,2.0,2.0,2.0,220.0,196.0,0.0,1623.0,22.72920907722686,160,5.460889904209997,Infinity,0.9549867608120027,0.0,3246.0,1,ID93842,93803,192,56.3843
93847,196,105,1007.4665565648224,538.2683732452518,1210.9999999999995,0.5522526786902654,1.0,1.5425178873753633,24.258643865791523,15.726653197564064,1.0247162710448143,-0.02914964686854273,0.12194895336562465,3.0,3.0,3.0,3.0,166.0,196.0,0.0,1211.0,19.63347325789735,106,4.770193721646049,Infinity,0.9603489294210936,0.0,3633.0,1,ID93847,93805,192,35.0728
93854,196,266,724.6023166023166,708.6036036036036,776.9999999999998,0.45806295587150847,0.6141727739627215,1.039409455339473,16.686862177367423,16.054175851149502,-0.35963091356360327,0.4216101578791995,0.25505586311165673,6.0,6.0,6.0,6.0,146.0,196.0,0.0,777.0,15.726626515715482,98,5.23772082433948,Infinity,0.8799546998867493,0.0,4662.0,1,ID93854,93813,192,23.0652
93855,196,274,538.5478700970054,776.7157317587515,2370.9999999999977,0.6045545151904385,1.0,1.2849616126219279,31.162132167382353,24.25141098479736,0.10709627565278297,0.013841721623748832,0.261098379688019,7.0,7.0,7.0,7.0,222.0,196.0,0.0,2371.0,27.472035602440656,126,4.559184814702064,Infinity,0.9729175215428798,0.0,16597.0,1,ID93855,93814,192,20.496
93856,196,271,609.0837894736842,858.6867368421052,2375.0,0.6280012248359362,1.0,1.0432691986499436,28.17657285824566,27.007960068894903,2.669981788608688,0.045508634018788095,0.07724006516543504,8.0,8.0,8.0,8.0,218.0,196.0,0.0,2375.0,27.495199211616978,122,4.473265615091272,Infinity,0.975359342915811,0.0,19000.0,1,ID93856,93821,192,16.3915
93870,200,127,1000.3183486238532,97.68990825688073,1090.0,0.44219214778058813,1.0,2.341820887500869,29.04738841639246,12.403761778464231,1.7563359881819212,0.5267513840750533,-0.23221453286034568,1.0,1.0,1.0,1.0,176.0,200.0,0.0,1090.0,18.626802622574058,92,5.330886288775368,Infinity,0.8647362157873858,0.0,1090.0,1,ID93870,93836,196,41.4701
93871,200,100,34.35626822157435,231.065306122449,1714.9999999999977,0.4372884831512449,0.8828911253430923,2.348751697646534,35.75847004505701,15.224457349360197,2.4646012755653905,-0.21705208523269326,0.11315724242808692,2.0,2.0,2.0,2.0,222.0,200.0,0.0,1715.0,23.364534123435895,164,5.360692701420881,Infinity,0.957031249999999,0.0,3430.0,1,ID93871,93842,196,14.6449
93872,200,105,1032.8733153638814,563.8369272237197,742.0000000000001,0.5192830806334655,0.6339613408367998,1.0768754881963043,16.022052494999247,14.87827763805371,0.5397259543570341,0.12274953600634562,0.02946624236639261,3.0,3.0,3.0,3.0,134.0,200.0,0.0,742.0,15.368341990871127,94,4.91929475803616,Infinity,0.9446212603437304,0.0,2226.0,1,ID93872,93847,196,36.0452
93874,200,266,714.9985517740768,690.685734974656,1381.000000000001,0.6004898899110737,0.6909513897391945,1.176775975612724,22.630848352663367,19.231229071344636,2.00321317201284,0.2194362075140352,-0.23529058420777807,5.0,5.0,5.0,5.0,170.0,200.0,0.0,1381.0,20.96630517806643,86,4.574589007864659,Infinity,0.9576976421636624,0.0,6905.0,1,ID93874,93854,196,20.3293
93879,200,274,524.9358310083699,756.1020326823435,2508.9999999999995,0.6065140018357025,1.0,1.4157678899654675,33.92246540250766,23.960470952152388,0.16687669482143488,0.07025067409565339,0.5921940622450058,7.0,7.0,7.0,7.0,228.0,200.0,0.0,2509.0,28.260210622625067,122,4.551814095323952,Infinity,0.9753158406219627,0.0,17563.0,1,ID93879,93855,196,24.7025
93881,200,271,584.6329913180742,840.6400947119179,2533.9999999999995,0.6125573856722479,1.0,1.1524702383538041,30.601354121471495,26.552836770156134,1.7209609717617165,0.3163220582381966,-0.009622467932031085,8.0,8.0,8.0,8.0,228.0,200.0,0.0,2534.0,28.40065583027486,132,4.529304739215366,Infinity,0.9729314647725089,0.0,20272.0,1,ID93881,93856,196,30.3895
93926,204,127,1010.6872727272727,56.03151515151515,825.0000000000003,0.40497092800180945,1.0,2.217501348217657,23.91108509056205,10.782895401520666,0.05405778308565776,-0.3540503396049182,-0.396615761610452,1.0,1.0,1.0,1.0,160.0,204.0,0.0,825.0,16.205112036071437,94,5.5704849905823295,Infinity,0.845720143516146,0.0,825.0,1,ID93926,93870,200,42.9294
93927,204,100,42.62931492299522,221.7546468401487,1882.9999999999984,0.4632797373881726,0.9824530619406914,2.0325975519467128,34.72480597339219,17.08395542449347,-0.5910123482214467,-0.06200305391653032,-0.04898111456230601,2.0,2.0,2.0,2.0,226.0,204.0,0.0,1883.0,24.48218772258879,162,5.208147544924965,Infinity,0.9580259475960308,0.0,3766.0,1,ID93927,93871,200,12.4552
93928,204,105,1092.0807754442649,636.5936995153473,1238.0,0.5927894688529437,1.0,1.254311187173283,22.345736769183052,17.815145872645388,-0.19991641197831267,-0.22004722357560588,0.24094072755060936,3.0,3.0,3.0,3.0,162.0,204.0,0.0,1238.0,19.851136972363392,96,4.604205424705957,Infinity,0.964925954793453,0.0,3714.0,1,ID93928,93872,200,93.8034
93929,204,266,735.4126297577855,679.8079584775087,1156.0,0.6125284377719347,0.6915010364589684,1.2898111119225752,22.037079925286584,17.0855094374543,-1.4322067045008282,0.039068599877157176,-0.4906087217346543,4.0,4.0,4.0,4.0,154.0,204.0,0.0,1156.0,19.182445840623714,70,4.529411764705882,Infinity,0.9522240527182867,0.0,4624.0,1,ID93929,93874,200,23.1314
93931,204,274,498.4023545706371,746.5799861495844,2887.9999999999995,0.5997038524401693,1.0,1.5163709264143401,37.99991726138472,25.059776997466283,0.106963521370388,0.019055956891066397,0.9743978114492768,6.0,6.0,6.0,6.0,246.0,204.0,0.0,2888.0,30.31961331050888,124,4.5775860045234396,Infinity,0.972881926899107,0.0,17328.0,1,ID93931,93879,200,28.1903
93932,204,271,562.5780184516647,846.1668672282391,2492.9999999999977,0.6133597372855625,1.0,1.069313389621119,29.139378815060045,27.250550772009653,-0.3672300882929405,-0.13276571012557584,0.012254712173711152,7.0,7.0,7.0,7.0,226.0,204.0,0.0,2493.0,28.169958222478595,132,4.526341319883362,Infinity,0.9726882559500576,0.0,17451.0,1,ID93932,93881,200,22.7369
94009,208,100,37.74891774891775,212.45238095238096,1848.0000000000016,0.4712006512323628,0.8950606733891643,2.224380893388511,36.08868859732683,16.22414969693033,-0.5419132415700669,0.1109111079565941,-0.07072110424166395,1.0,1.0,1.0,1.0,222.0,208.0,0.0,1848.0,24.25359086130641,146,5.164187367711511,Infinity,0.9637548891786187,0.0,1848.0,1,ID94009,93927,204,10.5048
94010,208,105,1168.2602427921092,630.6684370257966,1317.9999999999998,0.5227394416653638,1.0,1.6840997524035108,26.450964018175682,15.70629292025335,-0.9643723525591096,-0.1661786691200335,-0.1154057191115204,2.0,2.0,2.0,2.0,178.0,208.0,0.0,1318.0,20.48249081508975,120,4.903004560242033,Infinity,0.9578488372093024,0.0,2636.0,1,ID94010,93928,204,76.4096
94011,208,266,782.1419525065963,653.2569920844327,1894.9999999999984,0.5953318078552653,1.0,1.2124210692218316,27.329431908144677,22.541205033401088,-1.3471661371854415,0.3505518150787243,0.34793249617413863,3.0,3.0,3.0,3.0,200.0,208.0,0.0,1895.0,24.560073988452945,110,4.594363875393968,Infinity,0.9585230146686894,0.0,5685.0,1,ID94011,93929,204,53.7455
94012,208,274,483.62959349593496,740.0803252032521,3075.000000000001,0.5989458372985688,1.0,1.5310932347009856,39.06250828775743,25.51282142879178,3.116487885128849,-0.021456880200459955,0.19679810586171115,4.0,4.0,4.0,4.0,254.0,208.0,0.0,3075.0,31.28582586436159,132,4.580481744110555,Infinity,0.9751070239416523,0.0,12300.0,1,ID94012,93931,204,16.1394
94013,208,271,548.9464170432537,858.3266623628148,1549.0000000000005,0.6143576594382769,0.6310413814888912,1.0496470839874503,22.826590678881335,21.746919538104727,0.5695276366238526,0.2461440010490708,-0.012830500899819552,5.0,5.0,5.0,5.0,178.0,208.0,0.0,1549.0,22.20499974552335,102,4.522663680360862,Infinity,0.968730456535335,0.0,7745.0,1,ID94013,93932,204,18.2669
94015,208,136,1187.1703832752614,20.670383275261322,2870.000000000001,0.525398922895094,0.4613034623217923,1.7449237790170653,42.12053893484344,24.138899040375506,0.2716384425710432,0.361420888923204,-1.6313408627500423,7.0,7.0,7.0,7.0,262.0,208.0,0.0,2870.0,30.224979294409444,100,4.89057972379995,Infinity,0.9531717037529062,0.0,20090.0,1,ID94015,,,
94016,208,127,970.9475186947654,70.74493541808293,7355.000000000006,0.5045509207606111,1.0,1.1965345479958407,54.38183004439929,45.44944409293255,0.17336801481427402,0.48074498773329916,-2.506339992417626,8.0,8.0,8.0,8.0,428.0,208.0,0.0,7355.0,48.385630231317464,234,4.990596187422332,Infinity,0.9332572008628356,0.0,58840.0,1,ID94016,93926,204,42.3761
94017,208,134,23.828832487309644,96.13116751269035,4925.000000000003,0.5752656089727,0.7067113318701628,1.3054576149469557,53.88749898935448,41.27862779485497,1.3326710005227287,-10.962615232325756,-1.7611240293418167,9.0,9.0,9.0,9.0,328.0,208.0,0.0,4925.0,39.59389080975966,132,4.673806479206871,Infinity,0.9826416600159622,0.0,44325.0,1,ID94017,,,
106182,208,271,594.1666666666666,859.5,232.3521955581855,0.9999999999999999,-0.11550475753970751,1.0,8.60000005364418,8.60000005364418,0.0,0.0,0.0,65504.0,38521.70397111913,36032.0,24720.0,54.03539397880077,208.0,0.0,-1.0,8.60000005364418,,3.544907701811032,-1.0252251356147868,1.0,9813.425083454356,1.0670512E7,1,ID106182,93932,204,34.2872
93992,212,127,983.9683885890516,77.25905936777178,1296.9999999999998,0.5639647988520361,1.0,1.6860070210386875,26.491364436994985,15.712487615072101,-1.379093043299808,-0.06539030421509288,0.01712812002126502,1.0,1.0,1.0,1.0,170.0,212.0,0.0,1297.0,20.318659463172672,94,4.7204014308600595,Infinity,0.9533259830944506,0.0,1297.0,1,ID93992,94016,208,14.5594
93993,212,134,23.644894204231832,99.31922723091077,1087.0,0.5471737244755817,0.9474469991042102,1.3120989860648564,21.350221724877784,16.27180719719149,-0.9724137349241395,-0.2912991555438746,-0.20436523339413706,2.0,2.0,2.0,2.0,158.0,212.0,0.0,1087.0,18.601151746109178,104,4.792281435970298,Infinity,0.9501748251748252,0.0,2174.0,1,ID93993,94017,208,3.1934
93994,212,100,35.557993730407524,214.31347962382446,1595.0000000000005,0.41411903160956376,0.9174514125425766,2.5935648927058192,36.41385362520323,14.040078090050532,-0.5956878677201196,-0.07893622651731635,-0.13118121271691793,3.0,3.0,3.0,3.0,220.0,212.0,0.0,1595.0,22.532293901490505,154,5.508613944197478,Infinity,0.9548039509129007,0.0,4785.0,1,ID93994,94009,208,2.8747
93995,212,266,790.1006423982869,608.2639186295503,1867.9999999999995,0.6237108169737201,1.0,1.1088831809786839,26.08802517431604,23.52639630740105,-1.0815014145145254,0.49350474260287813,0.17197759913930097,4.0,4.0,4.0,4.0,194.0,212.0,0.0,1868.0,24.384480051691092,104,4.488624689812652,Infinity,0.9686284677210265,0.0,7472.0,1,ID93995,94011,208,45.6915
93996,212,105,1165.527512839325,695.101247248716,1363.0000000000005,0.5789603551707531,1.0,1.435800609365689,25.131554844207603,17.50351314818725,2.0418908311850985,-0.0764594243743337,-0.5245083518262903,5.0,5.0,5.0,5.0,172.0,212.0,0.0,1363.0,20.82921925729591,96,4.658869214995823,Infinity,0.9632508833922264,0.0,6815.0,1,ID93996,94010,208,64.4907
93997,212,271,561.1356736242884,721.095825426945,2107.9999999999986,0.5893981233327946,0.6363636363636365,1.0406137838966172,26.470643098984425,25.437528801381156,1.425002926798395,0.1371238088086133,0.03288045827638943,6.0,6.0,6.0,6.0,212.0,212.0,0.0,2108.0,25.903614421069317,130,4.617432523811742,Infinity,0.9689726499655248,0.0,12648.0,1,ID93997,94013,208,137.7711
93998,212,274,467.00626442466205,732.8305308275635,3032.9999999999964,0.5907651136671729,0.8171262285494202,1.5536631331158255,38.98596590794609,25.092933646279477,0.055436599865747005,-0.09758782162627537,0.3010993280554926,7.0,7.0,7.0,7.0,254.0,212.0,0.0,3033.0,31.071431972077438,136,4.612087217284076,Infinity,0.9738320757746016,0.0,21231.0,1,ID93998,94012,208,18.1355
93999,212,271,538.8271366489619,763.7160791887977,2071.000000000001,0.5682800581347248,0.7493400908035055,1.2331871597510344,28.921964586872107,23.45302118837428,1.4590090102600932,-0.4089705155329913,0.1690513652110043,8.0,8.0,8.0,8.0,214.0,212.0,0.0,2071.0,25.67527554451229,130,4.702444991092822,Infinity,0.9666277712952165,0.0,16568.0,1,ID93999,106182,208,110.6211
106596,212,136,1187.5,14.166666666666666,232.3521955581855,0.9999999999999999,-0.019597427096668032,1.0,8.60000005364418,8.60000005364418,0.0,0.0,0.0,19392.0,15005.862815884477,14992.0,10736.0,54.03539397880077,212.0,0.0,-1.0,8.60000005364418,,3.544907701811032,-0.3467191759314689,1.0,1730.2454701311701,4156624.0,1,ID106596,94015,208,6.5121
94019,216,127,1019.1563636363636,69.19878787878788,824.9999999999998,0.5141467842117792,1.0,1.63152246488877,21.012077661156283,12.878816022057528,1.1401845624447136,-0.4303037492993846,0.12329658968893785,1.0,1.0,1.0,1.0,142.0,216.0,0.0,825.0,16.205112036071434,82,4.943805429141819,Infinity,0.9151414309484192,0.0,825.0,1,ID94019,93992,212,36.0993
94022,216,134,39.27993254637437,130.74367622259697,1185.9999999999993,0.5821763886183582,1.0,1.2649031433744722,21.75059879207238,17.195465839421317,2.0789052801432693,-0.028284599726010707,0.05394503867379057,2.0,2.0,2.0,2.0,160.0,216.0,0.0,1186.0,19.429758748218557,100,4.645983233112329,Infinity,0.9642276422764222,0.0,2372.0,1,ID94022,93993,212,35.0992
94025,216,100,35.75611681136543,222.17127071823205,1267.0000000000005,0.3825834190790339,0.9279736241440527,3.0448069022976787,35.02391670925613,11.502836742397786,2.5959874720644898,0.46225707768038315,-0.26838443175969307,3.0,3.0,3.0,3.0,204.0,216.0,0.0,1267.0,20.082296327732617,138,5.731151117653934,Infinity,0.9462285287528007,0.0,3801.0,1,ID94025,93994,212,7.8603
94029,216,266,798.3970777825526,598.1882251826386,2327.0,0.5827874764750837,1.0,1.3493552123733787,32.03336787169117,23.739759240524762,1.8924776489634063,0.17546084836080486,0.16849649169771033,4.0,4.0,4.0,4.0,224.0,216.0,0.0,2327.0,27.215934765311314,124,4.643546797289357,Infinity,0.9611730689797604,0.0,9308.0,1,ID94029,93995,212,13.0518
94035,216,271,559.8181268882175,734.5776435045317,1655.0000000000005,0.6278632824165088,0.5862619808306709,1.108925884566674,24.337715114099847,21.9471070635258,1.5389024219611527,-0.34641789193835326,0.0832020162838836,5.0,5.0,5.0,5.0,182.0,216.0,0.0,1655.0,22.952186423828422,94,4.473756979382543,Infinity,0.9686859818554291,0.0,8275.0,1,ID94035,93997,212,13.546
94037,216,105,1200.3683753258038,729.7393570807993,1151.0000000000002,0.5943414109601993,0.7581466395112016,1.343239194163107,22.444968355262052,16.709584155073873,-0.09643182122444381,0.14183037699850537,0.2163944692972864,6.0,6.0,6.0,6.0,156.0,216.0,0.0,1151.0,19.140916357310147,86,4.598190253301877,Infinity,0.9555832295558326,0.0,6906.0,1,ID94037,93996,212,49.1293
94040,216,271,517.5747581354442,741.4925241864556,2274.000000000001,0.6012946464323873,0.6067427071767437,1.12649298299566,29.015568978653693,25.757434282007846,1.3095529924777012,0.037606011273912984,-0.30064114080471893,7.0,7.0,7.0,7.0,218.0,216.0,0.0,2274.0,26.90421307494312,114,4.571526729691235,Infinity,0.9570707070707076,0.0,15918.0,1,ID94040,93999,212,30.7498
94042,216,274,456.5205668855859,738.5589353612168,2893.000000000002,0.6007421208827601,0.6933808106921614,1.708757843863249,40.13082802266433,23.485380428121086,-0.12794229354911343,0.16349622939857533,-0.17329526241107493,8.0,8.0,8.0,8.0,246.0,216.0,0.0,2893.0,30.345848162964682,106,4.5736285506804135,Infinity,0.9722735674676529,0.0,23144.0,1,ID94042,93998,212,11.9484
106606,216,136,1187.5,14.166666666666666,232.3521955581855,0.9999999999999999,-0.029452691664037522,1.0,8.60000005364418,8.60000005364418,0.0,0.0,0.0,17824.0,13002.570397111913,12720.0,9392.0,54.03539397880077,216.0,0.0,-1.0,8.60000005364418,,3.544907701811032,-0.4194778312252953,1.0,1881.3018252067611,3601712.0,1,ID106606,106596,212,0.0
94084,220,134,16.52974504249292,94.81090651558074,1411.999999999999,0.613969387801908,0.7070320370743503,1.3087688317400366,24.5029744763193,18.722156183794553,1.4075864531784514,-0.4351956545868491,0.04400148723647184,1.0,1.0,1.0,1.0,170.0,220.0,0.0,1412.0,21.200319792199178,88,4.524093511004972,Infinity,0.9694473051836588,0.0,1412.0,1,ID94084,94022,216,42.5292
94085,220,127,1028.8087649402391,150.02959590210585,1756.9999999999998,0.6116097830866777,1.0,1.0724639096663073,24.462564283724305,22.809685308045218,1.4195547128544181,0.17181669380887063,0.004153059997349868,2.0,2.0,2.0,2.0,190.0,220.0,0.0,1757.0,23.648899974944293,112,4.5328121387314635,Infinity,0.9704501518917429,0.0,3514.0,1,ID94085,94019,216,81.4051
94086,220,266,814.7474931631723,577.0296262534184,2194.0,0.602031119047603,1.0,1.3728246266582051,30.894515563754204,22.504342480334945,1.5958167766644376,-0.24068988116793374,-0.14314811320081247,3.0,3.0,3.0,3.0,214.0,220.0,0.0,2194.0,26.42672681750876,120,4.56872966951121,Infinity,0.9720868409393,0.0,6582.0,1,ID94086,94029,216,26.7399
94087,220,271,484.9956220357534,715.7767238234221,2741.000000000003,0.5785478005569493,0.5982507288629737,1.1580082913090892,32.01029016121608,27.642539696351857,0.6728851882033451,0.6549652794021867,0.21663435484582685,4.0,4.0,4.0,4.0,244.0,220.0,0.0,2741.0,29.537897657581713,152,4.660530007297853,Infinity,0.9737122557726476,0.0,10964.0,1,ID94087,94035,216,77.1484
94088,220,105,1157.5897810218978,732.8678832116789,1370.000000000001,0.5433634560558035,1.0,1.626891970779895,26.661376194749195,16.387920448072737,0.4602699956014753,0.1721956398255908,-0.2647901530744412,5.0,5.0,5.0,5.0,178.0,220.0,0.0,1370.0,20.882637383046077,106,4.809054719928861,Infinity,0.9497400346620453,0.0,6850.0,1,ID94088,94037,216,42.8928
94090,220,271,464.565478424015,761.8637898686679,2665.0000000000014,0.4805064521244722,0.7953516224409597,1.0535483059443294,30.136628595049935,28.604885438107654,-0.794372238413495,-0.58934442081932,-0.5804090075114421,6.0,6.0,6.0,6.0,264.0,220.0,0.0,2665.0,29.125518822500013,178,5.113936371891993,Infinity,0.926151172893137,0.0,15990.0,1,ID94090,94040,216,56.7888
94091,220,136,1152.2580295432986,53.00257487464426,7378.999999999987,0.3769155207927784,0.7575324520662141,1.227778533212878,55.57812978817315,45.267227178777155,0.4135297365999233,-2.4683481837276533,0.2801302548446325,7.0,7.0,7.0,7.0,496.0,220.0,0.0,7379.0,48.46450918094794,288,5.774081656225568,Infinity,0.8382369646711334,0.0,51653.0,1,ID94091,106606,216,52.4426
106220,220,274,424.8333333333333,759.5,232.3521955581855,0.9999999999999999,-0.11731099724155548,1.0,8.60000005364418,8.60000005364418,0.0,0.0,0.0,20640.0,16196.274368231047,16176.0,12416.0,54.03539397880077,220.0,0.0,-1.0,8.60000005364418,,3.544907701811032,-2.7809175651426394,1.0,1548.0608102640592,4486368.0,1,ID106220,94042,216,37.9817
94059,224,136,1175.231301939058,54.41759002770083,1444.0,0.46285683009730244,1.0,2.271280081607845,32.466666026985145,14.294435234954339,-0.5474543029655756,0.04295986760305182,-0.36736522381917236,1.0,1.0,1.0,1.0,198.0,224.0,0.0,1444.0,21.43920417481474,122,5.2105263157894735,Infinity,0.9468852459016394,0.0,1444.0,1,ID94059,94091,220,23.0168
94060,224,127,1011.1324828263002,102.63297350343474,1018.9999999999997,0.4536965581077095,1.0,1.862459222762666,25.11777600246761,13.486349497203665,2.9394711065113257,-0.5440759503003716,-0.31153164964367097,2.0,2.0,2.0,2.0,168.0,224.0,0.0,1019.0,18.009935425239107,102,5.262864513283765,Infinity,0.8868581375108787,0.0,2038.0,1,ID94060,94085,220,50.5855
94061,224,145,9.341441441441441,276.3927927927928,1109.9999999999995,0.41199998174440794,0.7116422513492676,2.5320813823043338,29.490241193709135,11.646640348846683,1.605138014353204,-0.037673335873036354,0.4982076986850048,3.0,3.0,3.0,3.0,184.0,224.0,0.0,1110.0,18.796913939900016,92,5.522762071726511,Infinity,0.9536082474226802,0.0,3330.0,1,ID94061,,,
94062,224,266,822.0443651198368,530.5135135135135,1960.999999999999,0.5807015923922689,1.0,1.1811462345305748,27.18487821924875,23.015675302942388,-1.2909645063811204,0.13676073879319714,-0.13272902731900746,4.0,4.0,4.0,4.0,206.0,224.0,0.0,1961.0,24.984108685450703,122,4.6518791474245935,Infinity,0.9579872984855882,0.0,7844.0,1,ID94062,94086,220,47.085
94063,224,271,430.99443731279416,721.400513478819,2337.0,0.5852919349042847,0.360540257320836,1.1140534091446872,28.89387050138285,25.935803673511554,2.9203190321901547,0.08431335706419134,0.27162798368153196,5.0,5.0,5.0,5.0,224.0,224.0,0.0,2337.0,27.27435066159264,136,4.633601301191079,Infinity,0.9689054726368159,0.0,11685.0,1,ID94063,94087,220,54.2932
94064,224,271,466.91050295857985,760.1320266272189,2703.9999999999986,0.5998775888218909,0.5857429097365892,1.2306624339402958,32.70100630079477,26.571873325241373,1.9796518049603038,-0.21641917548589526,0.01059431945693679,6.0,6.0,6.0,6.0,238.0,224.0,0.0,2704.0,29.33785834448332,140,4.576923076923078,Infinity,0.9693493457608883,0.0,16224.0,1,ID94064,94090,220,2.9152
94065,224,105,1122.7232897770946,762.740199846272,1301.000000000001,0.552624667701504,1.0,1.5935154351257939,25.819975393771625,16.203153621623606,1.1780711640163641,-0.005313606829332453,-0.2385438379845061,7.0,7.0,7.0,7.0,172.0,224.0,0.0,1301.0,20.349967123440567,102,4.768587967812276,Infinity,0.9590858827865838,0.0,9107.0,1,ID94065,94088,220,45.9133
94066,224,274,416.44871794871796,762.8444055944055,1715.999999999999,0.6101146439067544,0.5566390747250256,1.3716492252953252,27.899725320795763,20.34027709583605,3.1020836645449155,0.7544542755885854,-0.08195572574658602,8.0,8.0,8.0,8.0,188.0,224.0,0.0,1716.0,23.371344948277677,80,4.538362766101517,Infinity,0.9533333333333327,0.0,13728.0,1,ID94066,106220,220,9.027
94068,224,134,26.402540033130865,139.59690778575373,1810.9999999999986,0.29875153831396295,0.72202852614897,1.9197854938649914,33.69817148032118,17.553092044923535,0.6469447460041646,-0.30333784785897555,-1.5543067613302572,10.0,10.0,10.0,10.0,276.0,224.0,0.0,1811.0,24.00956484151357,148,6.48559547359811,Infinity,0.7248349009405638,0.0,18110.0,1,ID94068,94084,220,45.8613
94114,228,127,938.8099352051836,76.31749460043197,925.9999999999995,0.43264646002738655,1.0,1.7061437970678175,22.487237782068462,13.180153877249431,1.8716592053808854,-0.5995121485989257,-0.17807790629383474,1.0,1.0,1.0,1.0,164.0,228.0,0.0,926.0,17.168429008100595,102,5.389374395186356,Infinity,0.8534562211981562,0.0,926.0,1,ID94114,94060,224,76.9614
94115,228,136,1177.1695568400771,71.61175337186899,1038.0000000000005,0.45134576808667226,1.0,2.24173168535994,27.083256209295065,12.08139956541966,-0.5597353222263798,0.1678927743887584,-0.14488956020095228,2.0,2.0,2.0,2.0,170.0,228.0,0.0,1038.0,18.177064170508253,112,5.2765522695757054,Infinity,0.9309417040358748,0.0,2076.0,1,ID94115,94059,224,17.3031
94116,228,145,20.44395924308588,260.24163027656476,2060.9999999999986,0.5655360694426202,0.7261306532663316,1.3275134381019027,29.764669140069252,22.421369370563355,-1.3960502190340598,-0.4345695183162011,0.2695073952737815,3.0,3.0,3.0,3.0,214.0,228.0,0.0,2061.0,25.61321290710699,108,4.713839349912975,Infinity,0.9521829521829516,0.0,6183.0,1,ID94116,94061,224,19.5991
94117,228,266,836.958440445587,501.4044558697515,2334.000000000003,0.5742405241975556,1.0,1.3645265380817717,31.855865111869363,23.345727783830277,1.885103612733382,0.2630087304842775,-0.09697582283709065,4.0,4.0,4.0,4.0,226.0,228.0,0.0,2334.0,27.256839038174775,136,4.677976257746257,Infinity,0.9714880332986485,0.0,9336.0,1,ID94117,94062,224,32.7073
94120,228,105,1117.4902634593357,815.7319587628866,873.0000000000001,0.5931250836037824,1.0,1.0717175543392934,17.612170374571864,16.433593257161537,2.27582122268513,-0.02465624760258328,-0.7044225007374838,7.0,7.0,7.0,7.0,136.0,228.0,0.0,873.0,16.669868944849245,72,4.602902615272406,Infinity,0.9422558014031303,0.0,6111.0,1,ID94120,94065,224,53.2495
106266,228,274,455.5,764.8333333333334,232.3521955581855,0.9999999999999999,-0.13418251468648437,1.0,8.60000005364418,8.60000005364418,0.0,0.0,0.0,27152.0,18579.46570397112,17952.0,14720.0,54.03539397880077,228.0,0.0,-1.0,8.60000005364418,,3.544907701811032,-2.345117497006979,1.0,2455.6597042462236,5146512.0,1,ID106266,94066,224,39.1019
106268,228,271,414.1666666666667,758.1666666666666,232.3521955581855,0.9999999999999999,0.03795092678187448,1.0,8.60000005364418,8.60000005364418,0.0,0.0,0.0,65504.0,54887.220216606496,55200.0,38960.0,54.03539397880077,228.0,0.0,-1.0,8.60000005364418,,3.544907701811032,0.5997412620631268,1.0,6692.415059734691,1.520376E7,1,ID106268,94064,224,52.7804
106270,228,271,372.8333333333333,764.8333333333334,232.3521955581855,0.9999999999999999,0.01472789306634332,1.0,8.60000005364418,8.60000005364418,0.0,0.0,0.0,65504.0,51266.657039711194,50512.0,29040.0,54.03539397880077,228.0,0.0,-1.0,8.60000005364418,,3.544907701811032,0.13497312606608095,1.0,11025.764498193916,1.4200864E7,1,ID106270,94063,224,72.5887
94148,232,136,1200.6328273244783,100.60626185958255,1053.9999999999998,0.517381040138069,0.9175257731958764,1.2941582508209581,20.878369073648834,16.132779017098176,2.040594512703832,0.06476741431981382,-0.034797526727737615,1.0,1.0,1.0,1.0,160.0,232.0,0.0,1054.0,18.316621414379764,98,4.92832882906958,Infinity,0.9161234245980007,0.0,1054.0,1,ID94148,94115,228,37.2989
94149,232,127,929.3841554559043,107.59267563527654,1338.0000000000014,0.4860042745407732,1.0,2.0148220446395437,29.592414099549952,14.687358706582001,1.1418758388815315,-0.08022671002374489,-0.7920158538509537,2.0,2.0,2.0,2.0,186.0,232.0,0.0,1338.0,20.637311542783678,112,5.084928931868413,Infinity,0.9330543933054403,0.0,2676.0,1,ID94149,94114,228,32.6647
94150,232,145,36.34233485666805,238.34524304113003,2407.000000000002,0.5430776728806835,0.9887083448085926,1.3465671141472777,32.420423004140034,24.0763513853303,1.5401275247425834,0.20213744221314656,-0.6898462061904386,3.0,3.0,3.0,3.0,236.0,232.0,0.0,2407.0,27.679810260267043,136,4.810319885335295,Infinity,0.9441066875858019,0.0,7221.0,1,ID94150,94116,228,27.0594
94151,232,266,851.7294580419581,479.87194055944053,2288.0000000000005,0.5435133452864611,1.0,1.5941307699187786,34.32233135998435,21.530436528574803,1.9662900817958753,0.5766772861615328,-0.14518908069525813,4.0,4.0,4.0,4.0,230.0,232.0,0.0,2288.0,26.986904594423443,128,4.808391557540771,Infinity,0.9549248747913188,0.0,9152.0,1,ID94151,94117,228,26.1119
94152,232,271,405.2735170017374,768.5251923554232,4029.000000000002,0.5407098466962826,0.7022984620584756,1.3717249436664434,41.838041200531286,30.500313779163054,0.1418296770920776,-0.12238187081278816,0.19588053931421975,5.0,5.0,5.0,5.0,306.0,232.0,0.0,4029.0,35.8115977224487,172,4.8208408321696234,Infinity,0.9619195416020059,0.0,20145.0,1,ID94152,106268,228,13.6524
94153,232,271,355.7852090032154,790.5543408360129,1555.0000000000002,0.3825809833449862,0.430052607385464,1.400267906394267,26.894602936183862,19.20675523117451,-1.4364769239404773,-1.1808976262984041,0.11006148074603184,9.0,6.001929260450161,6.0,6.0,226.0,232.0,0.0,1555.0,22.247963345344548,126,5.731169361553002,47.44979943389999,0.8631695809048016,0.07607746940114606,9333.0,1,ID94153,106270,228,30.8579
94154,232,105,1079.4883720930231,836.7493540051679,1548.000000000001,0.5168652808754387,1.0,1.6206844718968914,28.25112745700416,17.43160247838884,-0.8834319817111592,0.02762534970227858,0.3103226844212139,7.0,7.0,7.0,7.0,194.0,232.0,0.0,1548.0,22.197831060995764,124,4.930787107420882,Infinity,0.949984657870513,0.0,10836.0,1,ID94154,94120,228,43.4267
94155,232,149,52.473193473193476,33.36208236208236,2574.0000000000005,0.34544232946046943,0.7405612532401668,2.0453885194879713,40.2657627231985,19.68611945337327,-0.8619659427457276,0.8122830799808899,0.7897976350204963,8.0,8.0,8.0,8.0,306.0,232.0,0.0,2574.0,28.62393486292682,160,6.031386439088641,Infinity,0.7817767653758544,0.0,20592.0,1,ID94155,,,
106281,232,274,471.5,768.8333333333334,232.3521955581855,0.9999999999999999,-0.17197582224814154,1.0,8.60000005364418,8.60000005364418,0.0,0.0,0.0,20096.0,15174.469314079422,14992.0,12000.0,54.03539397880077,232.0,0.0,-1.0,8.60000005364418,,3.544907701811032,-4.407298562750242,1.0,1430.1955159099314,4203328.0,1,ID106281,106266,228,16.4924
94165,236,127,955.806976744186,132.19767441860466,1290.000000000001,0.41349398256615,1.0,2.1960929103335936,29.992986856510672,13.65743075594859,2.6047435714416185,1.120215856670125,-0.07238299714199842,1.0,1.0,1.0,1.0,198.0,236.0,0.0,1290.0,20.263754666327024,128,5.512775859258073,Infinity,0.8692722371967663,0.0,1290.0,1,ID94165,94149,232,36.105
94166,236,145,91.355871886121,210.86405693950178,2810.000000000002,0.6029557650834864,0.6683158519691272,1.164710320013486,32.54624714762516,27.943641082572626,0.6659973905881992,0.2565841219248537,-0.4420593635235372,2.0,2.0,2.0,2.0,242.0,236.0,0.0,2810.0,29.90736999765196,132,4.565225201322495,Infinity,0.9713100587625311,0.0,5620.0,1,ID94166,94150,232,61.4956
94168,236,266,856.5593795443529,425.4507998061076,2063.0,0.6109063667033409,1.0,1.0671653145942095,26.491187412288475,24.82388346960262,1.9482903602709942,-0.07483646010987081,0.027606924193023918,3.0,3.0,3.0,3.0,206.0,236.0,0.0,2063.0,25.625637459332797,122,4.535420997634915,Infinity,0.9728837538316433,0.0,6189.0,1,ID94168,94151,232,54.6351
94173,236,105,1104.530941704036,780.8780269058296,1115.0,0.5209511910696936,1.0,1.2529850735617316,21.027837773067382,16.78219335310493,-0.9225538123118362,0.028266899053037826,-0.18238762949608497,5.0,5.0,5.0,5.0,164.0,236.0,0.0,1115.0,18.83920176374059,116,4.911412535530935,Infinity,0.9453158117846543,0.0,5575.0,1,ID94173,94154,232,61.2269
94174,236,271,380.79196840026333,820.5641869651087,1518.9999999999998,0.6024591895976386,0.5222559363082148,1.1700525964798034,24.159515788884217,20.64823056807023,-0.12813130436135156,0.16129450665558426,-0.348121194420105,6.0,6.0,6.0,6.0,178.0,236.0,0.0,1519.0,21.98892260009976,90,4.56710625153799,Infinity,0.9632213062777424,0.0,9114.0,1,ID94174,94153,232,39.0631
94176,236,149,47.837929965912615,42.73442826154323,3227.0000000000036,0.331034105898262,0.7411870503597121,3.762282339778703,68.00337954425744,18.075033557491434,-1.0608244709164798,4.955492833024182,-8.732345210095444,7.0,7.0,7.0,7.0,350.0,236.0,0.0,3227.0,32.04974263102738,210,6.16124617645283,Infinity,0.8469816272965888,0.0,22589.0,1,ID94176,94155,232,10.4559
94179,236,161,27.588268313219196,261.4353073252877,3563.0000000000027,0.3454782291586556,0.6718215409880937,1.525271344722582,46.38668759188132,30.412088807921698,2.323289571492488,-2.165510326495512,-0.5526589981114283,8.0,8.0,8.0,8.0,360.0,236.0,0.0,3563.0,33.67696726952781,210,6.031073061052392,Infinity,0.8613562190257471,0.0,28504.0,1,ID94179,,,
106491,236,274,395.5,783.5,232.3521955581855,0.9999999999999999,-0.17888141886882133,1.0,8.60000005364418,8.60000005364418,0.0,0.0,0.0,35376.0,23887.768953068593,22800.0,17488.0,54.03539397880077,236.0,0.0,-1.0,8.60000005364418,,3.544907701811032,-2.605647448732367,1.0,3994.3791164753056,6616912.0,1,ID106491,106281,232,77.4023
106493,236,271,366.1666666666667,786.1666666666666,232.3521955581855,0.9999999999999999,-0.13116256219327288,1.0,8.60000005364418,8.60000005364418,0.0,0.0,0.0,61664.0,46436.38989169675,47200.0,28432.0,54.03539397880077,236.0,0.0,-1.0,8.60000005364418,,3.544907701811032,-1.9183663874147416,1.0,7308.500043847022,1.286288E7,1,ID106493,94152,232,42.9018
94232,240,149,31.750925925925927,65.30648148148148,1079.9999999999998,0.6195982589256712,1.0,1.0951343283402168,19.48807639691021,17.795147035931468,1.7021181615024021,-0.018933534925234082,0.3439623509561732,1.0,1.0,1.0,1.0,148.0,240.0,0.0,1080.0,18.5411616971131,84,4.503496583931366,Infinity,0.9660107334525935,0.0,1080.0,1,ID94232,94176,236,27.718
94233,240,127,999.003717472119,94.83271375464685,1345.0000000000014,0.5848362794572008,1.0,1.167932351389136,22.414511853177782,19.191618270114716,-0.284899758318036,0.05002357536991486,-0.4826094196835735,2.0,2.0,2.0,2.0,170.0,240.0,0.0,1345.0,20.691225118808187,104,4.6354060067682985,Infinity,0.964157706093191,0.0,2690.0,1,ID94233,94165,236,57.1148
94234,240,145,143.87911025145067,213.6619922630561,2068.0,0.5468238033518804,0.6272786885245902,1.5498847934556197,31.99598561491979,20.644105774843826,0.6495511711871823,0.20091087056891035,0.08077664675999871,3.0,3.0,3.0,3.0,218.0,240.0,0.0,2068.0,25.65667251667837,134,4.793814518755613,Infinity,0.9582947173308621,0.0,6204.0,1,ID94234,94166,236,52.5977
94235,240,266,857.4448455675893,414.4757320497393,2492.9999999999995,0.5721375181093836,1.0,1.1061103668909287,29.48003082777464,26.651979504213077,-1.160520886737547,-0.06814604116985182,-0.16197014392835635,4.0,4.0,4.0,4.0,234.0,240.0,0.0,2493.0,28.169958222478606,148,4.686565791383655,Infinity,0.9629200463499422,0.0,9972.0,1,ID94235,94168,236,11.0107
94236,240,105,1129.424447174447,743.9514742014742,1627.999999999999,0.5013736731736281,1.0,1.9763013082758913,31.980860918842616,16.18217869153892,2.011626870523712,0.08295916066156951,0.20662380326053056,5.0,5.0,5.0,5.0,202.0,240.0,0.0,1628.0,22.76419325843134,126,5.00638413067576,Infinity,0.9565217391304343,0.0,8140.0,1,ID94236,94173,236,44.5338
94238,240,161,55.78447586022939,238.095492131235,7498.000000000001,0.3622554666146293,0.8211131993638859,2.154489004942525,72.37637562824501,33.59329078134506,2.213143481466279,4.016316564947342,-4.473523233675041,7.0,7.0,7.0,7.0,510.0,240.0,0.0,7498.0,48.85373605576203,312,5.889758099174459,Infinity,0.8792213883677299,0.0,52486.0,1,ID94238,94179,236,36.6029
106310,240,274,280.8333333333333,790.1666666666666,232.3521955581855,0.9999999999999999,-0.08448437145552799,1.0,8.60000005364418,8.60000005364418,0.0,0.0,0.0,53840.0,35485.342960288806,33552.0,26656.0,54.03539397880077,240.0,0.0,-1.0,8.60000005364418,,3.544907701811032,-1.1174915427474459,1.0,5860.644421094221,9829440.0,1,ID106310,106491,236,114.8603
106313,240,271,319.5,810.1666666666666,232.3521955581855,0.9999999999999999,0.09158448927532924,1.0,8.60000005364418,8.60000005364418,0.0,0.0,0.0,65504.0,63879.85559566787,65504.0,51376.0,54.03539397880077,240.0,0.0,-1.0,8.60000005364418,,3.544907701811032,3.5312356995318743,1.0,3035.510831484117,1.769472E7,1,ID106313,106493,236,52.4764
106315,240,271,319.5,840.8333333333334,232.3521955581855,0.9999999999999999,0.014655358122976815,1.0,8.60000005364418,8.60000005364418,0.0,0.0,0.0,65504.0,47449.58844765343,46672.0,32624.0,54.03539397880077,240.0,0.0,-1.0,8.60000005364418,,3.544907701811032,0.16967195186473025,1.0,8078.491494704381,1.3143536E7,1,ID106315,94174,236,64.5565
94286,244,127,951.1211631663974,83.01130856219709,618.9999999999998,0.578075461525589,0.8431761786600497,1.3272826856153612,16.421829559738015,12.372518482846363,-0.20363217006413312,0.5562272201518014,-0.09362585858000547,2.0,2.0,2.0,2.0,116.0,244.0,0.0,619.0,14.036873567421143,60,4.662433652137217,Infinity,0.9428789032749427,0.0,1238.0,1,ID94286,94233,240,49.3202
94287,244,149,9.845786963434023,94.37042925278219,628.9999999999997,0.4677069299663855,0.40715883668903813,1.9133548346491527,19.688614458631548,10.290100979749427,1.2788307913167325,-0.03729376306495631,0.6172340049642572,3.0,3.0,3.0,3.0,130.0,244.0,0.0,629.0,14.149802769282836,78,5.183439448387851,Infinity,0.9437359339834953,0.0,1887.0,1,ID94287,94232,240,36.3943
94289,244,145,150.06087981146896,200.19402985074626,2546.0000000000027,0.5843008909372213,0.6350208712405009,1.2448015739745415,31.89293243779598,25.620896618860037,1.0298430681849007,-0.04156887578988217,-0.273443184369747,4.0,4.0,4.0,4.0,234.0,244.0,0.0,2546.0,28.46782341915047,132,4.637529206443093,Infinity,0.9594874693800651,0.0,10184.0,1,ID94289,94234,240,14.8189
94291,244,266,847.9767891682785,412.57575757575756,1551.0000000000007,0.5514497743003363,0.7304473948454758,1.7542101649266637,29.84063068516875,17.010864081052834,1.2804089041282356,0.4150780792104754,0.08434408698698481,5.0,5.0,5.0,5.0,188.0,244.0,0.0,1551.0,22.219330176021497,92,4.77366513151884,Infinity,0.9422843256379106,0.0,7755.0,1,ID94291,94235,240,9.6568
94293,244,155,18.075780089153046,507.76077265973254,1345.9999999999993,0.5460464503785976,0.7827814569536424,1.516643471625572,25.568828318546927,16.858825951455614,1.4673863706737504,0.11193552367322003,0.014796750856503251,7.0,7.0,7.0,7.0,176.0,244.0,0.0,1346.0,20.698915594865884,96,4.797225547846314,Infinity,0.950900741787354,0.0,9422.0,1,ID94293,,,
94294,244,105,1132.288331726133,670.6219864995178,1037.0,0.564029013464788,1.0,1.1577613898206502,19.83822172704642,17.134982995174486,0.7287553624386012,-0.5335657893266776,-0.12113943840507699,8.0,8.0,8.0,8.0,152.0,244.0,0.0,1037.0,18.16830624941662,82,4.72013271473848,Infinity,0.9312977099236641,0.0,8296.0,1,ID94294,94236,240,73.3854
94296,244,158,51.931985796230535,49.40590002731494,3661.0000000000045,0.3324479912357569,0.6972384911375192,1.8941525855322237,47.41092383486851,25.030150261916134,2.047572750488306,-0.15470688996393125,3.406067547863775,10.0,10.0,10.0,10.0,372.0,244.0,0.0,3661.0,34.13696666839131,200,6.148130474465961,Infinity,0.7204565581029233,0.0,36610.0,1,ID94296,,,
94300,244,161,64.15948082947934,230.13053856482173,6702.999999999993,0.2784541561257833,0.9010618320577883,2.395704145759569,76.24670810268584,31.826429084594444,2.1863936599055016,0.8895897716613433,-1.2020121558544088,11.0,11.0,11.0,11.0,550.0,244.0,0.0,6703.0,46.191245567639186,380,6.717815619344544,Infinity,0.8425087983911506,0.0,73733.0,1,ID94300,94238,240,11.5577
94304,244,271,280.65968586387436,826.0324607329843,954.9999999999999,0.5194288407510824,0.32042862080884893,1.4256379831146182,21.151940667386175,14.83682457812686,3.0877877051500784,-0.4169770818425011,-0.39878343511370384,12.0,12.0,12.0,12.0,152.0,244.0,0.0,955.0,17.435192608787553,88,4.918604492848359,Infinity,0.9339853300733493,0.0,11460.0,1,ID94304,106315,240,41.5648
106337,244,271,288.8333333333333,790.1666666666666,232.3521955581855,0.9999999999999999,0.07232337024028647,1.0,8.60000005364418,8.60000005364418,0.0,0.0,0.0,65504.0,63962.45487364621,65504.0,50160.0,54.03539397880077,244.0,0.0,-1.0,8.60000005364418,,3.544907701811032,2.6987449325997095,1.0,3197.025970055572,1.77176E7,1,ID106337,106313,240,36.6121
106339,244,274,256.8333333333333,790.1666666666666,232.3521955581855,0.9999999999999999,-0.09022821837580253,1.0,8.60000005364418,8.60000005364418,0.0,0.0,0.0,43824.0,31506.59927797834,30720.0,20496.0,54.03539397880077,244.0,0.0,-1.0,8.60000005364418,,3.544907701811032,-1.1449552356374109,1.0,5458.243891463181,8727328.0,1,ID106339,106310,240,24.0
94307,248,127,917.1310741687979,46.95332480818414,1564.000000000001,0.5222075576803528,1.0,1.813377623353052,30.573757826765945,16.860116410961936,-0.2906253814194134,-0.4509843099132287,-0.5114666521324234,1.0,1.0,1.0,1.0,194.0,248.0,0.0,1564.0,22.312253628700283,106,4.905500853014483,Infinity,0.9312295325989883,0.0,1564.0,1,ID94307,94286,244,49.553
94309,248,145,149.70054305663305,197.82467028704423,2578.0000000000045,0.6231937412245692,0.7319449109842122,1.1863659856263291,31.879498200001102,26.871554466533922,1.5025411948678409,0.9114626371779918,-0.3643807111537879,3.0,3.0,3.0,3.0,228.0,248.0,0.0,2578.0,28.646167048696302,118,4.490486452523241,Infinity,0.9684447783621353,0.0,7734.0,1,ID94309,94289,244,2.3966
94310,248,266,870.3429586850289,407.43758329631277,2251.0,0.5952129503602915,1.0,1.2518472086529886,30.057971727460195,24.010894875743777,0.15774897761647683,-0.17914666443327096,-0.3362046169617547,4.0,4.0,4.0,4.0,218.0,248.0,0.0,2251.0,26.767808162038836,128,4.594822574522023,Infinity,0.9702586206896552,0.0,9004.0,1,ID94310,94291,244,22.9488
94311,248,105,1126.7057877813504,711.3609324758843,1244.0000000000002,0.5956624388150744,1.0,1.2582663121084936,22.399427012807482,17.801817307873772,0.6971726050799838,-0.3725691105359877,0.013782124539532124,5.0,5.0,5.0,5.0,162.0,248.0,0.0,1244.0,19.899183360445615,84,4.593088614702315,Infinity,0.9521622655951016,0.0,6220.0,1,ID94311,94294,244,41.1197
94314,248,310,34.26054674316571,224.16199797502532,2963.0,0.21935477030319908,0.48108344528101477,4.2335954027740215,63.49117956549992,14.996988026748602,-1.002890741797826,0.47247203151760336,-0.8048366845643886,8.0,8.0,8.0,8.0,412.0,248.0,0.0,2963.0,30.710783004713047,294,7.56887599987285,Infinity,0.7531774275546517,0.0,23704.0,1,ID94314,,,
94316,248,161,63.9349123461395,240.1072361059306,5362.0000000000055,0.27388819928051,0.6252315360522682,2.6571859387972037,70.07476836816353,26.371797074872163,-0.8058157288489268,2.330016708718514,-3.2522134344743105,9.0,9.0,9.0,9.0,496.0,248.0,0.0,5362.0,41.31316508956301,386,6.773580112611197,Infinity,0.8806043685334217,0.0,48258.0,1,ID94316,94300,244,9.9792
94317,248,155,63.750297872340425,489.615829787234,5875.000000000005,0.4030233391527655,0.8155129789864031,2.3519766980705885,67.35752389642713,28.638686748760282,0.4235831125217133,3.472889155381149,0.9582569094084156,10.0,10.0,10.0,10.0,428.0,248.0,0.0,5875.0,43.244312705022516,260,5.583928305337463,Infinity,0.8829275623685011,0.0,58750.0,1,ID94317,94293,244,49.1467
106362,248,274,263.5,764.8333333333334,232.3521955581855,0.9999999999999999,0.10308324442329363,1.0,8.60000005364418,8.60000005364418,0.0,0.0,0.0,65504.0,62853.660649819496,65504.0,43536.0,54.03539397880077,248.0,0.0,-1.0,8.60000005364418,,3.544907701811032,2.259246266826047,1.0,5199.682070862335,1.7410464E7,1,ID106362,106339,244,26.1958
106364,248,271,231.5,784.8333333333334,232.3521955581855,0.9999999999999999,0.13432481841935126,1.0,8.60000005364418,8.60000005364418,0.0,0.0,0.0,65504.0,54724.06859205776,61552.0,21600.0,54.03539397880077,248.0,0.0,-1.0,8.60000005364418,,3.544907701811032,0.9676976778089847,1.0,13393.297113262286,1.5158567E7,1,ID106364,94304,244,64.1408
106366,248,271,276.8333333333333,792.8333333333334,232.3521955581855,0.9999999999999999,-0.030542984076366454,1.0,8.60000005364418,8.60000005364418,0.0,0.0,0.0,65504.0,47155.638989169674,45696.0,33184.0,54.03539397880077,248.0,0.0,-1.0,8.60000005364418,,3.544907701811032,-0.3556099072542723,1.0,8355.50466040613,1.3062112E7,1,ID106366,106337,244,12.2927
107407,248,158,13.356603773584904,87.25849056603774,232.3521955581855,0.9999999999999999,-0.043803452635538746,1.0,8.60000005364418,8.60000005364418,0.0,0.0,0.0,20608.0,13861.83393501805,13696.0,10736.0,54.03539397880077,248.0,0.0,-1.0,8.60000005364418,,3.544907701811032,-0.7694824518428727,1.0,1650.4909198993882,3839728.0,1,ID107407,94296,244,54.0452
94382,252,127,901.7024147727273,32.125,1407.9999999999995,0.47012035883243997,1.0,2.2732988568058494,32.27026654073564,14.195347190768274,2.783826242324883,0.20148465505408755,-0.13750478661532903,1.0,1.0,1.0,1.0,194.0,252.0,0.0,1408.0,21.170269713604906,108,5.170117371623554,Infinity,0.9128038897893028,0.0,1408.0,1,ID94382,94307,248,21.3991
94383,252,145,149.94648692810458,209.77696078431373,2448.0,0.5815212715302694,1.0,1.3511852704824363,32.297830409246345,23.90333221861907,0.9605882352381281,0.0028120624999969338,0.11186753615729161,2.0,2.0,2.0,2.0,230.0,252.0,0.0,2448.0,27.914558950087667,132,4.648599479863049,Infinity,0.961319458079717,0.0,4896.0,1,ID94383,94309,248,11.9548
94384,252,310,26.93193950177936,247.29670818505338,2247.999999999998,0.5731921341830898,0.2179880801878273,1.5047772219308893,32.841730557930696,21.82497852791065,2.470574238217804,0.13202407885532752,0.0864763129088537,3.0,3.0,3.0,3.0,222.0,252.0,0.0,2248.0,26.74996493719498,126,4.682252400766537,Infinity,0.9685480396380862,0.0,6744.0,1,ID94384,94314,248,24.2677
94385,252,266,860.5567544238239,395.2132067328442,2316.999999999998,0.6126647738715213,1.0,1.0872985789675484,28.490099625883552,26.202645875741432,-0.8993455019609637,0.0938624987238454,-0.5500183807883133,4.0,4.0,4.0,4.0,218.0,252.0,0.0,2317.0,27.157393215988947,128,4.528907772377741,Infinity,0.9743481917577791,0.0,9268.0,1,ID94385,94310,248,15.659
94386,252,155,130.38937409024746,514.8457059679768,1374.0,0.532907198275602,1.0,1.3688021763308251,25.027492405333636,18.2842289690258,2.5829295795206635,-0.058457021120447775,-0.4392509024923732,5.0,5.0,5.0,5.0,180.0,252.0,0.0,1374.0,20.91310076522677,100,4.856005150965233,Infinity,0.9459552495697074,0.0,6870.0,1,ID94386,94317,248,71.2553
94387,252,105,1119.1881130986728,714.0311598384304,1733.000000000002,0.5786353564322583,1.0,1.3656986888566613,27.879130835941066,20.413822656065502,2.3063024031088593,-0.06047073133002891,0.2932259738570846,6.0,6.0,6.0,6.0,194.0,252.0,0.0,1733.0,23.486826791980857,108,4.660177391253012,Infinity,0.9614424410540926,0.0,10398.0,1,ID94387,94311,248,7.9778
94389,252,158,16.44795918367347,122.42091836734694,1960.0,0.36435039059384583,0.6891697787991957,2.9583781013060055,54.80504083698883,18.52536726552789,1.01530699512216,-9.255422743481551,-9.903068788060539,8.0,8.0,8.0,8.0,260.0,252.0,0.0,1960.0,24.977737626138797,144,5.872801368884133,Infinity,0.8925318761384335,0.0,15680.0,1,ID94389,107407,248,35.2981
94390,252,161,18.017006802721088,295.43197278911566,1176.0,0.3769526538742574,0.6568566061365059,2.369821259516767,32.43301476691834,13.685848515652102,2.386015306205797,-3.6051041411874007,2.3189651475261983,9.0,9.0,9.0,9.0,198.0,252.0,0.0,1176.0,19.347672370394786,116,5.773797250846062,Infinity,0.8925996204933588,0.0,10584.0,1,ID94390,94316,248,71.8977
106392,252,271,255.5,754.1666666666666,232.3521955581855,0.9999999999999999,0.10018238470252366,1.0,8.60000005364418,8.60000005364418,0.0,0.0,0.0,65504.0,62499.75451263538,65504.0,40048.0,54.03539397880077,252.0,0.0,-1.0,8.60000005364418,,3.544907701811032,1.8448094728741982,1.0,6169.975867083058,1.7312432E7,1,ID106392,106364,248,38.9416
106394,252,274,282.1666666666667,788.8333333333334,232.3521955581855,0.9999999999999999,-0.12085925083224479,1.0,8.60000005364418,8.60000005364418,0.0,0.0,0.0,60160.0,35757.86281588447,33776.0,21424.0,54.03539397880077,252.0,0.0,-1.0,8.60000005364418,,3.544907701811032,-1.089088697947266,1.0,9027.339707715868,9904928.0,1,ID106394,106362,248,30.4047
106396,252,271,259.5,800.8333333333334,232.3521955581855,0.9999999999999999,0.07256620405068472,1.0,8.60000005364418,8.60000005364418,0.0,0.0,0.0,64736.0,51241.47292418773,51504.0,36960.0,54.03539397880077,252.0,0.0,-1.0,8.60000005364418,,3.544907701811032,1.1094582070390508,1.0,6249.581710943879,1.4193888E7,1,ID106396,106366,248,19.0904
94364,256,127,933.5274193548387,13.406451612903226,1239.9999999999998,0.526713749384984,0.7799043062200958,2.224935664432723,29.90880132091731,13.442546586416897,0.10042820778132794,0.14574622423685668,-0.32727241297964954,1.0,1.0,1.0,1.0,172.0,256.0,0.0,1240.0,19.867165345562018,82,4.884471774524758,Infinity,0.9560524286815727,0.0,1240.0,1,ID94364,94382,252,36.9217
94366,256,310,88.27970749542962,188.87812309567337,1641.0000000000002,0.5155353544540852,0.9311562224183583,1.400316818645796,27.273395192227994,19.47658903261854,0.6823626521712002,0.10048055744447969,0.35004207998315423,2.0,2.0,2.0,2.0,200.0,256.0,0.0,1641.0,22.85490151428355,126,4.937142986113124,Infinity,0.9480069324090122,0.0,3282.0,1,ID94366,94384,252,84.7129
94369,256,145,196.87399193548387,216.6391129032258,2976.0000000000055,0.579662703024567,1.0,1.2053674088837512,33.67895172000037,27.94081826983299,0.8382749477576869,-0.09821124692813234,0.1509439429570534,3.0,3.0,3.0,3.0,254.0,256.0,0.0,2976.0,30.778080207884358,160,4.656045901927963,Infinity,0.971913781841935,0.0,8928.0,1,ID94369,94383,252,47.4266
94370,256,266,866.6078728236184,397.0344436033308,2641.9999999999955,0.5763949854711263,1.0,1.1588584088761684,31.151219588270813,26.88095400583103,-1.105331134490539,0.3172388304325113,0.23467968721321844,4.0,4.0,4.0,4.0,240.0,256.0,0.0,2642.0,28.99956412254456,154,4.66922535384578,Infinity,0.9713235294117629,0.0,10568.0,1,ID94370,94385,252,6.3193
94372,256,155,130.065625,573.7270833333333,959.9999999999998,0.47123889803846886,1.0,1.9952930356174314,24.607175814849573,12.332612491295059,-0.9882750102882292,-0.039987824395271175,0.11295671269591971,5.0,5.0,5.0,5.0,160.0,256.0,0.0,960.0,17.480774889473263,102,5.163977794943223,Infinity,0.9177820267686422,0.0,4800.0,1,ID94372,94386,252,58.8823
94373,256,105,1138.3560767590618,732.72921108742,1876.0000000000011,0.5147722786386981,1.0,1.8024546078066954,32.69298392988376,18.13803453817125,-0.9471406244430667,0.35263553483589477,-0.24638369553829423,6.0,6.0,6.0,6.0,214.0,256.0,0.0,1876.0,24.43663942690958,138,4.940800932973827,Infinity,0.9660144181256444,0.0,11256.0,1,ID94373,94387,252,26.7774
94378,256,169,29.981220657276996,30.063518365092516,3620.9999999999977,0.5485969810305089,0.2317373926354282,1.6077407076242056,48.049706163948734,29.88647730077872,1.791514150504292,0.8650518192259249,-7.764906591731056,8.0,8.0,8.0,8.0,288.0,256.0,0.0,3621.0,33.949964622536875,146,4.78606095376874,Infinity,0.9689590580679682,0.0,28968.0,1,ID94378,,,
94381,256,158,22.044679600235156,113.63521457965902,3402.000000000001,0.3698165469727502,0.43601528973102277,2.856391196017422,57.54616319028266,20.146457274660943,1.2141030680197185,-0.6012734780564137,-1.334792579839593,9.0,9.0,9.0,9.0,340.0,256.0,0.0,3402.0,32.90729756144154,172,5.829237665234583,Infinity,0.909625668449198,0.0,30618.0,1,ID94381,94389,252,10.4169
106421,256,271,247.5,807.5,232.3521955581855,0.9999999999999999,0.05867720304725003,1.0,8.60000005364418,8.60000005364418,0.0,0.0,0.0,65504.0,60281.12635379061,65504.0,39120.0,54.03539397880077,256.0,0.0,-1.0,8.60000005364418,,3.544907701811032,0.9038980526216497,1.0,7392.609164764692,1.6697872E7,1,ID106421,106392,252,53.93
106423,256,274,294.1666666666667,792.8333333333334,232.3521955581855,0.9999999999999999,-0.11049836730458996,1.0,8.60000005364418,8.60000005364418,0.0,0.0,0.0,63296.0,35094.12274368231,33568.0,20400.0,54.03539397880077,256.0,0.0,-1.0,8.60000005364418,,3.544907701811032,-0.8569479742976657,1.0,10174.639752164627,9721072.0,1,ID106423,106394,252,12.6491
106425,256,271,282.1666666666667,824.8333333333334,232.3521955581855,0.9999999999999999,-0.1757057222294514,1.0,8.60000005364418,8.60000005364418,0.0,0.0,0.0,65504.0,34300.30324909747,31504.0,19840.0,54.03539397880077,256.0,0.0,-1.0,8.60000005364418,,3.544907701811032,-1.4996675569830293,1.0,9750.717620288537,9501184.0,1,ID106425,106396,252,33.0118
94420,260,127,957.0375234521576,14.916510318949344,1065.9999999999993,0.5953667144403053,0.7380434782608696,1.4488491903584393,22.54321149324204,15.559391303980329,0.5313949252956234,0.05200497463953618,-0.5908637311650002,1.0,1.0,1.0,1.0,150.0,260.0,0.0,1066.0,18.420595502641074,76,4.594229188737668,Infinity,0.9642695612844865,0.0,1066.0,1,ID94420,94364,256,23.5585
94421,260,158,32.45355587808418,134.677793904209,1377.9999999999995,0.571953319678522,0.5721620079863092,1.218615709468108,23.149908270008705,18.996889741486264,0.7030817649496599,-0.04255024746077631,0.3069388045402201,2.0,2.0,2.0,2.0,174.0,260.0,0.0,1378.0,20.943519836963016,110,4.687320388431179,Infinity,0.9636363636363632,0.0,2756.0,1,ID94421,94381,256,23.4763
94422,260,310,100.49936575052854,190.70190274841437,2364.999999999998,0.5717041109372003,1.0,1.4810962556108738,33.706961405828,22.758116684270234,2.1063454633194043,0.6651977152582135,0.18604951378428072,3.0,3.0,3.0,3.0,228.0,260.0,0.0,2365.0,27.43725352189363,128,4.688341890570192,Infinity,0.9710531718332984,0.0,7095.0,1,ID94422,94366,256,12.355
94423,260,145,175.48347425057648,223.31014604150653,2601.9999999999986,0.587074409985682,0.997505037904232,1.2176020337867877,31.702496687990426,26.036829611227308,1.109422690751701,-0.060673113468218715,0.4669551345382387,4.0,4.0,4.0,4.0,236.0,260.0,0.0,2602.0,28.779199499816233,136,4.6265616845291575,Infinity,0.9606793428096727,0.0,10408.0,1,ID94423,94369,256,22.4066
94424,260,266,866.7704154727794,405.7299426934097,2791.9999999999995,0.5613649080846528,1.0,1.398401322396471,35.35210890476475,25.280374337876815,2.017659616332676,0.36498235245676414,0.5340902004620574,5.0,5.0,5.0,5.0,250.0,260.0,0.0,2792.0,29.81142737651358,150,4.731319775652904,Infinity,0.960936155567028,0.0,13960.0,1,ID94424,94370,256,8.697
94425,260,155,85.71951219512195,579.6857410881801,1066.0000000000002,0.5648402375993794,1.0,1.80985056547912,24.899982721688556,13.758032401474432,2.9242068670653483,0.03181143809711145,-0.04472614808324042,6.0,6.0,6.0,6.0,154.0,260.0,0.0,1066.0,18.420595502641085,82,4.716741967104004,Infinity,0.961659900766802,0.0,6396.0,1,ID94425,94372,256,44.7446
94426,260,105,1108.8025477707006,765.8970276008492,1884.0000000000018,0.48037988469792836,1.0,2.055814802297282,34.91955975566999,16.985751691567216,-0.996463108781504,0.0011915276358680333,-0.12198833311144862,7.0,7.0,7.0,7.0,222.0,260.0,0.0,1884.0,24.488687706168786,150,5.114610021183411,Infinity,0.9563451776649754,0.0,13188.0,1,ID94426,94373,256,44.4243
94427,260,169,16.454817474566127,54.80939557151407,3342.0,0.5063272882087716,0.3949702598351247,2.327638033442111,55.171938968548574,23.702971929428525,1.43410464703733,-3.5296130159956025,-1.9921018892287263,8.0,8.0,8.0,8.0,288.0,260.0,0.0,3342.0,32.615818855675364,80,4.981834145595277,Infinity,0.9791971872253152,0.0,26736.0,1,ID94427,94378,256,28.2015
94436,264,127,982.5392022008253,15.830811554332875,726.9999999999992,0.5087854442325189,0.7468962755306369,2.0165807220774217,21.934161885656945,10.876907453057976,0.9315558836454716,-0.31813440500678647,-0.4743979641312878,1.0,1.0,1.0,1.0,134.0,264.0,0.0,727.0,15.212208493693991,78,4.969784908400306,Infinity,0.9453836150845243,0.0,727.0,1,ID94436,94420,260,25.5181
94437,264,169,7.876944837340877,45.08769448373409,707.0000000000002,0.453286940017956,0.71671388101983,2.3623528354377665,23.647582557332136,10.0101823074833,1.6876736534647336,-0.6026354203094696,0.15474621692031254,2.0,2.0,2.0,2.0,140.0,264.0,0.0,707.0,15.00150290910681,62,5.265241901112209,Infinity,0.9272131147540988,0.0,1414.0,1,ID94437,94427,260,12.965
94438,264,310,128.0804224207961,151.26320064987814,1231.0000000000005,0.46700888257082923,0.5721583652618135,1.6756080403889433,26.534360075857208,15.835660510257538,2.922296927855356,0.13189989530674848,0.5908211517910286,3.0,3.0,3.0,3.0,182.0,264.0,0.0,1231.0,19.794935460673937,102,5.187311896504447,Infinity,0.9024926686217012,0.0,3693.0,1,ID94438,94422,260,48.1261
94439,264,158,27.492957746478872,158.593896713615,1278.0000000000016,0.5304472732577303,0.8994302700024771,1.4065268598104572,23.87099047682952,16.97158522806053,0.5216122675139763,0.10189119548326224,0.3538784021889777,4.0,4.0,4.0,4.0,174.0,264.0,0.0,1278.0,20.16928443308996,118,4.867251878120793,Infinity,0.954800149420995,0.0,5112.0,1,ID94439,94421,260,24.4251
94442,264,145,189.48468345813478,221.41763104152486,2938.0000000000005,0.6201289449238655,0.9984883984581663,1.109277192734578,32.58297360542292,29.373157420734245,0.7986636837562009,0.3475813943560206,-0.31750812030579145,6.0,6.0,6.0,6.0,244.0,264.0,0.0,2938.0,30.580949063231788,130,4.501569199209948,Infinity,0.9714002314432143,0.0,17628.0,1,ID94442,94423,260,14.1285
94443,264,266,866.8941669577366,410.1096751659099,2862.9999999999986,0.5756403051025647,1.0,1.1220310925743067,31.88939385775959,28.421132060248777,-1.2168821991272256,0.19591125503866358,-0.02475307422319125,7.0,7.0,7.0,7.0,250.0,264.0,0.0,2863.0,30.188097060666017,160,4.672285093144167,Infinity,0.9703440094899165,0.0,20041.0,1,ID94443,94424,260,4.3815
94444,264,155,147.87196896217264,550.9650824442289,1030.9999999999998,0.5607655861930533,1.0,1.2944588828888968,20.66124122199483,15.961295870506364,0.4405572200625538,-0.18805530338209417,0.11554619857678382,8.0,8.0,8.0,8.0,152.0,264.0,0.0,1031.0,18.115669809738975,98,4.733847414968678,Infinity,0.9586238958623894,0.0,8248.0,1,ID94444,94425,260,68.4675
94445,264,105,1101.4900398406373,787.2060330108139,1756.999999999999,0.5006601625720875,1.0,1.8535567239161281,32.07182737124292,17.302857235187663,-0.8697286141217123,0.5141210228100069,-0.46247116304974295,9.0,9.0,9.0,9.0,210.0,264.0,0.0,1757.0,23.64889997494429,134,5.009950258597934,Infinity,0.9538545059717694,0.0,15813.0,1,ID94445,94426,260,22.5288
94446,264,174,33.923314065510596,254.42157996146435,2595.000000000001,0.3772702548042721,0.7072368421052632,2.507966689789916,50.10809162298643,19.979568240271888,-0.25601122464707654,-6.416887622671076,0.9208823166180347,10.0,10.0,10.0,10.0,294.0,264.0,0.0,2595.0,28.74046197692266,140,5.771366434409724,Infinity,0.8740316604917481,0.0,25950.0,1,ID94446,,,
94496,268,127,999.2998352553542,46.30313014827018,606.9999999999998,0.5668688289919749,0.8586374075019138,1.3541140220981684,16.433728255141293,12.136148054709315,1.2154542586116022,-0.1127250292304587,-0.19109420049340575,2.0,2.0,2.0,2.0,116.0,268.0,0.0,607.0,13.900147514093542,62,4.708294759115555,Infinity,0.9447470817120619,0.0,1214.0,1,ID94496,94436,264,34.7776
94497,268,169,38.65390625,95.6671875,1279.9999999999995,0.5076680465338889,1.0,1.4961784660438409,24.678219848928727,16.494168582831087,1.3463340121166685,-0.10463963182495904,0.05824282475075283,3.0,3.0,3.0,3.0,178.0,268.0,0.0,1280.0,20.185060176161276,108,4.975251249937033,Infinity,0.9312477264459802,0.0,3840.0,1,ID94497,94437,264,59.2073
94498,268,310,159.64165733482642,122.63568495707354,2678.999999999998,0.5654613490303043,1.0,1.5304665155499784,36.329834304235334,23.73775181300199,2.0317305768322944,-0.03040942944100329,0.6971781263947362,4.0,4.0,4.0,4.0,244.0,268.0,0.0,2679.0,29.201920914322994,140,4.714150784448285,Infinity,0.9673226214118067,0.0,10716.0,1,ID94498,94438,264,42.6104
94499,268,158,45.69961612284069,199.1285988483685,1042.0000000000005,0.5380571244313882,0.8933979406420351,1.393015004626953,22.50440586577196,16.155178365647686,0.6930500740483596,0.013018990138150948,1.4239626451268002,5.0,5.0,5.0,5.0,156.0,268.0,0.0,1042.0,18.212053739309855,90,4.832710044308559,Infinity,0.943413309189679,0.0,5210.0,1,ID94499,94439,264,44.4358
94500,268,145,206.37986270022884,229.31611637790127,3059.0,0.6053245104139063,1.0,1.1727358800442536,33.88976830870125,28.898039946916615,0.8238374347372724,0.06926941568071322,-0.004498442223106227,6.0,6.0,6.0,6.0,252.0,268.0,0.0,3059.0,31.204325691099555,146,4.55628416590292,Infinity,0.9735837046467214,0.0,18354.0,1,ID94500,94442,264,18.6503
94501,268,266,856.4870446864438,436.7307547878333,2662.999999999998,0.6008374918492971,1.0,1.166125381206522,31.42191078757667,26.94556802722727,2.176401601630975,-0.18172743105703434,-0.059227624979485485,7.0,7.0,7.0,7.0,236.0,268.0,0.0,2663.0,29.114587871158918,144,4.57326555012542,Infinity,0.9743871203805337,0.0,18641.0,1,ID94501,94443,264,28.583
94502,268,155,184.57729313662605,622.3040410519563,1558.9999999999984,0.5786558302157943,1.0,1.2566688503284178,24.876068179054453,19.79524532063745,0.5466764597840774,0.1347832741980068,-0.10079130208458192,8.0,8.0,8.0,8.0,184.0,268.0,0.0,1559.0,22.276559711062415,116,4.66009494819953,Infinity,0.9617520049352242,0.0,12472.0,1,ID94502,94444,264,80.228
94503,268,105,1091.0747572815535,823.4203883495146,2060.000000000001,0.5159184364154159,1.0,1.8521654732427877,34.761733965921536,18.76815784988173,-0.9885426288772347,0.18428802359620794,-0.13962119518893432,9.0,9.0,9.0,9.0,224.0,268.0,0.0,2060.0,25.606998370340268,144,4.935309671479394,Infinity,0.9669091762497071,0.0,18540.0,1,ID94503,94445,264,37.6823
94504,268,174,51.96938537041365,248.48399158681934,4279.000000000005,0.31987804794076713,0.7208236145741174,2.6272062356196906,63.89575465070216,24.32079894771976,2.8307057445788493,-1.8035274149328133,-2.594303574845066,10.0,10.0,10.0,10.0,410.0,268.0,0.0,4279.0,36.905934522518756,200,6.267765123612783,Infinity,0.7596981802041731,0.0,42790.0,1,ID94504,94446,264,18.9978
94583,272,127,1014.694894146949,29.372353673723538,802.9999999999987,0.545566371287327,1.0,1.09413400247899,16.86200373813603,15.411278417389115,-0.8576065407463671,0.1997831428377678,0.1372447188920923,1.0,1.0,1.0,1.0,136.0,272.0,0.0,803.0,15.987583888930294,92,4.799335778035985,Infinity,0.9491725768321498,0.0,803.0,1,ID94583,94496,268,22.8836
94584,272,310,175.4468085106383,114.69732326698696,2913.9999999999995,0.5953824787045171,1.0,1.2530774345835518,33.99263871957274,27.127324921360398,2.3658242004749637,-0.050841369669827004,0.10269357420620806,2.0,2.0,2.0,2.0,248.0,272.0,0.0,2914.0,30.4557877642258,150,4.594168366388351,Infinity,0.9744189934793511,0.0,5828.0,1,ID94584,94498,268,17.6867
94585,272,169,55.42746113989637,136.89550949913644,1158.0000000000007,0.528083073429668,1.0,1.7810251339242078,25.87315754614775,14.52711534123066,-1.4699748674108948,-0.20519430520874346,0.2273786490543059,3.0,3.0,3.0,3.0,166.0,272.0,0.0,1158.0,19.199032480852512,94,4.878134924889136,Infinity,0.9453061224489804,0.0,3474.0,1,ID94585,94497,268,44.5098
94586,272,145,238.13909412142627,234.10343719884355,3112.9999999999977,0.5969102740859997,1.0,1.1868377583527208,34.25739254789419,28.864427599137024,0.9385002751630296,-0.12190510924627826,0.00756644910201372,4.0,4.0,4.0,4.0,256.0,272.0,0.0,3113.0,31.478543099866293,152,4.588285198905508,Infinity,0.9734208880550335,0.0,12452.0,1,ID94586,94500,268,32.118
94587,272,158,21.723860589812332,224.4798927613941,1119.0000000000007,0.5632818745981382,0.5963669218697989,1.063136174870714,19.784941975306708,18.609979081666296,0.006660580235006819,0.046368279851234206,0.7087540836427667,5.0,5.0,5.0,5.0,158.0,272.0,0.0,1119.0,18.87296380115381,94,4.723262076892012,Infinity,0.9423157894736844,0.0,5595.0,1,ID94587,94499,268,34.8931
94588,272,174,72.47738209817132,237.71992300288738,2077.9999999999995,0.5023260644936587,0.8903320361853743,2.0245567122891703,36.67288267649763,18.11403081666778,2.697265391122635,-0.07552145245444769,-0.11625488693961107,6.0,6.0,6.0,6.0,228.0,272.0,0.0,2078.0,25.718630280205765,136,5.001635921019168,Infinity,0.962037037037037,0.0,12468.0,1,ID94588,94504,268,23.1612
94589,272,266,858.2059654631083,425.4646781789639,3184.9999999999995,0.5830646583347991,1.0,1.1759050956532473,34.715915376309034,29.522718716533326,-1.0918010086136016,-1.0112788892462266,-0.16750401194628514,7.0,7.0,7.0,7.0,262.0,272.0,0.0,3185.0,31.840492890270607,150,4.642442923196088,Infinity,0.9692635423006694,0.0,22295.0,1,ID94589,94501,268,11.3965
94590,272,155,206.44835164835166,650.1175824175824,910.0000000000002,0.583438635666676,1.0,1.2060144259767343,18.787999951546986,15.578586413948445,-1.4153018138518205,0.24680781423784287,-0.0848480438091042,8.0,8.0,8.0,8.0,140.0,272.0,0.0,910.0,17.01945934591489,82,4.6409548089225705,Infinity,0.9563846558066214,0.0,7280.0,1,ID94590,94502,268,35.3827
94591,272,105,1086.792461832061,820.9012404580153,2096.0000000000014,0.5066773008559718,1.0,1.9846450818285364,36.2694677659126,18.275039752949695,2.0488829758872478,-0.023146692012180746,0.05084505759916659,9.0,9.0,9.0,9.0,228.0,272.0,0.0,2096.0,25.829779740470606,144,4.980113122967914,Infinity,0.9667896678966796,0.0,18864.0,1,ID94591,94503,268,4.9683
94602,276,127,1034.5541516245487,59.15342960288809,554.0,0.5356855432713898,0.23937360178970923,1.3180092132228522,15.288824985219854,11.599937869808185,2.625421379398066,0.02306305151904415,0.1372472792277502,1.0,1.0,1.0,1.0,114.0,276.0,0.0,554.0,13.279445656570912,76,4.843395890747796,Infinity,0.940577249575552,0.0,554.0,1,ID94602,94583,272,35.7953
94603,276,310,187.40119363395226,86.29641909814323,3015.999999999999,0.5968155356025959,1.0,1.3648375633928167,36.637869329551414,26.84412439416909,1.977059676854122,0.2643196383566705,0.9923170518419696,2.0,2.0,2.0,2.0,252.0,276.0,0.0,3016.0,30.98423174342576,138,4.588649356594148,Infinity,0.9733742133290294,0.0,6032.0,1,ID94603,94584,272,30.8143
94605,276,169,59.592422502870264,177.8691159586682,871.0000000000001,0.4615158038921758,0.87378988884905,1.605121531543832,21.316110789416705,13.280060338430898,1.8646229869341342,0.003976801246774823,-0.3288546928830005,4.0,4.0,4.0,4.0,154.0,276.0,0.0,871.0,16.65076307158569,88,5.218090936302068,Infinity,0.8865139949109418,0.0,3484.0,1,ID94605,94585,272,41.1847
94606,276,145,232.07629605477666,222.49201173785457,3067.0,0.6166569387878332,1.0,1.1859189894504563,34.18923611623385,28.829318377030816,0.6163082746617046,0.060573279661038315,-0.2956769281700477,5.0,5.0,5.0,5.0,250.0,276.0,0.0,3067.0,31.24510235101953,140,4.514224159113266,Infinity,0.9772184164409752,0.0,15335.0,1,ID94606,94586,272,13.099
94607,276,174,92.51639833035182,231.83064997018485,1677.0000000000007,0.4870978994147638,0.8673100120627262,2.2681174004883995,35.10081037727593,15.475746700641501,0.09489113671111316,0.06334159249204231,0.20747387391616307,6.0,6.0,6.0,6.0,208.0,276.0,0.0,1677.0,23.10423509078405,104,5.079217421257244,Infinity,0.9239669421487607,0.0,10062.0,1,ID94607,94588,272,20.8865
94608,276,158,9.891549295774649,273.543661971831,709.9999999999998,0.5994439086398151,0.6351373581181116,1.0345121667494899,17.88181280876071,17.285260998859613,1.9636944602129391,-4.210542543861655,0.23125531560557708,7.0,7.0,7.0,7.0,122.0,276.0,0.0,710.0,15.03329701663914,56,4.57857841274889,Infinity,0.9692832764505116,0.0,4970.0,1,ID94608,94587,272,50.4704
94609,276,266,842.407250163292,422.40300457217506,3062.000000000004,0.5605475616392961,1.0,1.4348069499742193,37.329328050960335,26.016969078405335,-1.408352731406853,-0.06907506552396574,-0.04857033802987487,8.0,8.0,8.0,8.0,262.0,276.0,0.0,3062.0,31.219623179897102,158,4.7347679386692505,Infinity,0.9697545526524161,0.0,24496.0,1,ID94609,94589,272,16.0926
94610,276,155,201.80511463844798,652.7257495590829,1134.0,0.5429913228426803,1.0,1.7289055543201532,25.01059945654566,14.466145587912361,2.535179636143209,-0.14197416853068032,0.14142246245262696,9.0,9.0,9.0,9.0,162.0,276.0,0.0,1134.0,18.999037105401385,100,4.810702354423639,Infinity,0.9651063829787234,0.0,10206.0,1,ID94610,94590,272,5.3256
94611,276,105,1067.3188679245284,851.1278301886792,2119.999999999997,0.5215895078401089,1.0,1.8855749594856739,35.61913693176577,18.890331966161433,2.0975043511478755,0.05263787401349983,-0.03233231011990714,10.0,10.0,10.0,10.0,226.0,276.0,0.0,2120.0,25.977239243415287,142,4.908406343222688,Infinity,0.9689213893967077,0.0,21200.0,1,ID94611,94591,272,35.9565
94673,280,127,1030.6937119675456,74.59026369168357,986.0000000000003,0.50914042676521,1.0,1.3066610803381102,20.38463270831678,15.600550911826403,-0.8316224480742888,0.1288541135872111,-0.10886956790463699,1.0,1.0,1.0,1.0,156.0,280.0,0.0,986.0,17.71591227617753,112,4.968052091328159,Infinity,0.939942802669209,0.0,986.0,1,ID94673,94602,276,15.9122
94674,280,310,185.6169172932331,93.78082706766918,2660.0000000000023,0.5523588114580512,1.0,1.2444137802806945,32.316749036888105,25.969456099721604,-0.7749877635185376,0.007679749039012603,-0.03152752880833038,2.0,2.0,2.0,2.0,246.0,280.0,0.0,2660.0,29.0981837448471,158,4.769735416126308,Infinity,0.9625474941197761,0.0,5320.0,1,ID94674,94603,276,7.6942
94675,280,169,56.56780923994039,196.0655737704918,671.0000000000002,0.483932201689337,0.7004082781923131,1.891375733406961,20.49555728067741,10.836322428520578,2.8339745274831003,-0.07499498218370552,-0.22682726403542863,3.0,3.0,3.0,3.0,132.0,280.0,0.0,671.0,14.61457948862449,76,5.095803480782407,Infinity,0.9037037037037039,0.0,2013.0,1,ID94675,94605,276,18.4461
94677,280,145,236.6071540633825,228.53498588013807,3186.999999999996,0.6110995963739415,1.0,1.248113103055917,35.79988333403092,28.683204467910347,0.5708482002505008,0.2565178464069163,-0.21304648743696009,5.0,5.0,5.0,5.0,256.0,280.0,0.0,3187.0,31.850488336409217,142,4.534703890964227,Infinity,0.9750650145326591,0.0,15935.0,1,ID94677,94606,276,7.5529
94678,280,174,14.32618025751073,247.45922746781116,699.0,0.47490771298859547,0.713235294117647,1.9926677964041442,22.3480892659354,11.215160553235968,2.4835104870841493,-1.5148715802647486,0.10720723068327682,6.0,6.0,6.0,6.0,136.0,280.0,0.0,699.0,14.916387312029334,74,5.14399242641119,Infinity,0.9344919786096256,0.0,4194.0,1,ID94678,94607,276,79.7368
94679,280,266,850.3040991420401,428.24721957419763,3147.000000000001,0.6034296924345143,1.0,1.3285569891577904,36.694414094935745,27.619751651148487,1.5776847423096476,-0.23609316967192312,0.6892852281842471,7.0,7.0,7.0,7.0,256.0,280.0,0.0,3147.0,31.649979649604667,142,4.563432109190304,Infinity,0.9744542498838831,0.0,22029.0,1,ID94679,94609,276,9.8242
94680,280,293,210.7425068119891,645.6263623978201,2936.000000000001,0.5998774733961781,0.7329201711671831,1.0182032886900005,30.85456076562399,30.302947464764955,0.1273137018728403,-0.014204754865550817,-0.0024656402247595815,8.0,8.0,8.0,8.0,248.0,280.0,0.0,2936.0,30.570538527078806,148,4.576923517258485,Infinity,0.9734748010610081,0.0,23488.0,1,ID94680,,,
94682,280,155,135.07238413760152,686.1282847587196,4186.000000000001,0.3191222026238656,0.6912220217092683,2.4678469727804018,58.107993347610396,23.54602776773593,2.597047808202052,-2.059753225650515,0.20110375409667683,10.0,10.0,10.0,10.0,406.0,280.0,0.0,4186.0,36.502673649547205,280,6.275183377512141,Infinity,0.7910800340168196,0.0,41860.0,1,ID94610,94610,276,74.6256
94684,280,177,580.6297717632801,807.4655625126237,4951.000000000013,0.5196974582486253,1.0,1.552927914020056,51.39951623879417,33.09845600349634,1.1941331558329065,2.47520330579985,-0.48109421094981086,12.0,12.0,12.0,12.0,346.0,280.0,0.0,4951.0,39.69826503130775,196,4.9173331820313315,Infinity,0.9545936566085056,0.0,59412.0,1,ID94684,,,
94776,284,127,1088.2486486486487,45.78378378378378,555.0000000000002,0.518306754679648,0.40328697850821743,1.0547212702200195,13.711455007691143,13.000074422345605,-0.7822435982970328,-0.10609748052912972,0.0459860088536387,1.0,1.0,1.0,1.0,116.0,284.0,0.0,555.0,13.29142531228325,82,4.923925775744902,Infinity,0.939086294416244,0.0,555.0,1,ID94776,94673,280,64.3614
94778,284,310,182.71244277985852,111.76362879733666,2403.000000000003,0.5610320412140519,1.0,1.0819530778163922,28.958990651525607,26.7654773994182,0.4585927951307492,-0.01340638876834013,-0.8270439379855793,3.0,3.0,3.0,3.0,232.0,284.0,0.0,2403.0,27.65680127020567,144,4.732723141200272,Infinity,0.9566082802547782,0.0,7209.0,1,ID94778,94674,280,18.2158
94779,284,169,15.058321479374111,206.3968705547653,703.0,0.5745420487704538,0.35235652452709204,1.3770573344621906,18.018134433501878,13.084520144935619,0.10598323979078093,-0.701672405888308,-0.17792868394548006,4.0,4.0,4.0,4.0,124.0,284.0,0.0,703.0,14.959005648344574,54,4.676748575709229,Infinity,0.9448924731182796,0.0,2812.0,1,ID94779,94675,280,42.7758
94781,284,145,270.4650119617225,254.57476076555025,3344.000000000001,0.5938993630846442,1.0,1.2255578351672705,36.14344816295126,29.491425966052606,0.6458036253059376,-0.12601320127193166,0.07498743369746982,6.0,6.0,6.0,6.0,266.0,284.0,0.0,3344.0,32.625576767294035,158,4.599901184709395,Infinity,0.9739333042085339,0.0,20064.0,1,ID94781,94677,280,42.7133
94782,284,174,34.16226596255401,251.6802688430149,2083.0000000000005,0.5715728445652495,0.6765230055765288,1.7409380739269722,34.559740971997165,19.851217851788366,-0.37677125502647923,0.335714652001056,0.540535437657276,7.0,7.0,7.0,7.0,214.0,284.0,0.0,2083.0,25.749553256723427,108,4.688880217667252,Infinity,0.9699650756693834,0.0,14581.0,1,ID94782,94678,280,20.2802
94783,284,266,854.5070776973891,423.67757156338473,3179.0,0.5731819929845013,1.0,1.3950043453790855,38.016273255858074,27.251723897338355,1.3590052842927207,-0.7438882520967602,0.25000534136570574,8.0,8.0,8.0,8.0,264.0,284.0,0.0,3179.0,31.81048770733122,152,4.682293821678212,Infinity,0.9732129190264808,0.0,25432.0,1,ID94783,94679,280,6.2086
94787,284,185,24.334376396960213,336.3419758605275,2236.999999999999,0.4570592329656845,0.7009251045494869,2.0647262608779338,42.01695896507465,20.34989323340557,2.506167397762051,-5.699051209104679,2.7119591834017425,12.0,12.0,12.0,12.0,248.0,284.0,0.0,2237.0,26.684437700523866,144,5.243468807180324,Infinity,0.9519148936170208,0.0,26844.0,1,ID94787,,,
94789,284,177,580.5741131756756,808.9845861486486,4736.0000000000055,0.5465044190046383,1.0,1.6027632479326492,50.19857055805287,31.32001599288125,1.2205080938549484,1.500673829337553,-0.21202282795476277,14.0,14.0,14.0,14.0,330.0,284.0,0.0,4736.0,38.826738479640994,184,4.795215098182543,Infinity,0.9699948796723005,0.0,66304.0,1,ID94789,94684,280,1.52
106682,284,293,87.5,714.1666666666666,232.3521955581855,0.9999999999999999,-0.06974909976667093,1.0,8.60000005364418,8.60000005364418,0.0,0.0,0.0,65504.0,45258.166064981946,44560.0,29408.0,54.03539397880077,284.0,0.0,-1.0,8.60000005364418,,3.544907701811032,-0.7469981769180237,1.0,9085.438921296663,1.2536512E7,1,ID106682,94680,280,141.0195
106684,284,155,63.5,726.1666666666666,232.3521955581855,0.9999999999999999,0.062240105541895435,1.0,8.60000005364418,8.60000005364418,0.0,0.0,0.0,65504.0,52999.938628158845,52896.0,38752.0,54.03539397880077,284.0,0.0,-1.0,8.60000005364418,,3.544907701811032,0.8442511853846416,1.0,7356.670576480745,1.4680983E7,1,ID106684,94682,280,82.0102
106851,284,293,51.5,688.8333333333334,232.3521955581855,0.9999999999999999,-0.0407494073375852,1.0,8.60000005364418,8.60000005364418,0.0,0.0,0.0,57968.0,34097.21299638989,32720.0,21408.0,54.03539397880077,284.0,0.0,-1.0,8.60000005364418,,3.544907701811032,-0.361195880300032,1.0,8020.38674309512,9444928.0,1,ID106851,94680,280,165.0001
94751,288,127,1097.8816466552316,44.00686106346484,583.0,0.5444555639247471,0.5498449268941072,1.07924056765766,14.220167342859728,13.176086749335788,1.510503312931104,-0.07193284147294352,0.26337694346390433,1.0,1.0,1.0,1.0,116.0,288.0,0.0,583.0,13.622579184763433,68,4.804229126062976,Infinity,0.933546837469976,0.0,583.0,1,ID94751,94776,284,9.7955
94753,288,310,178.53461036134087,129.79451458424032,2297.000000000001,0.5856860908445546,1.0,1.3203592437124099,31.051495424140487,23.51745979134742,0.6062749345821608,-0.029899708387260332,-0.2615353065762124,3.0,3.0,3.0,3.0,222.0,288.0,0.0,2297.0,27.03992989199801,132,4.632041874659869,Infinity,0.9673615497999585,0.0,6891.0,1,ID94753,94778,284,18.5086
94754,288,174,149.7988136431043,240.4340088976767,2023.0000000000016,0.46427364586252884,0.8855145631067962,2.253661913362177,38.167436505645355,16.935741904917936,-0.34845267768348664,-0.8225219260768396,-0.16741007069876965,4.0,4.0,4.0,4.0,234.0,288.0,0.0,2023.0,25.375990616127858,136,5.202569804950537,Infinity,0.9484294421003289,0.0,8092.0,1,ID94754,94782,284,116.1821
94755,288,145,286.61044417767107,263.4387755102041,3331.9999999999945,0.6099753348733276,1.0,1.2365418304562947,36.23732533140194,29.305377657972194,0.6385579307825158,-0.16376579340132436,0.0031173890554390686,5.0,5.0,5.0,5.0,262.0,288.0,0.0,3332.0,32.56698544176892,154,4.538880982822806,Infinity,0.9784172661870486,0.0,16660.0,1,ID94755,94781,284,18.4186
94756,288,266,842.0414925373134,424.1546268656716,3350.0000000000014,0.5861180323861557,1.0,1.2732873396529505,37.53410273086947,29.478108799149638,1.2405657748979841,-1.4101102347653804,-0.025237166854530726,6.0,6.0,6.0,6.0,268.0,288.0,0.0,3350.0,32.65483300700984,140,4.63033476111609,Infinity,0.9641675061159883,0.0,20100.0,1,ID94756,94783,284,12.4747
94759,288,177,571.3797953964195,813.2583120204604,782.0,0.47390537328457144,1.0,1.8034701753161138,21.297089779340844,11.80895036182557,0.7105780392233937,0.09634352583989715,-0.08880701890493584,9.0,9.0,9.0,9.0,144.0,288.0,0.0,782.0,15.777145844408118,90,5.1494294869354915,Infinity,0.9071925754060325,0.0,7038.0,1,ID94759,94789,284,10.139
94760,288,191,1049.6684245220831,883.2452208305867,1517.0,0.6016659582749294,0.722558667676003,1.6184340877111274,30.97758572969928,19.14046791581693,-1.0478152449928189,-1.2857026765904787,4.586918238359057,10.0,10.0,10.0,10.0,178.0,288.0,0.0,1517.0,21.974441911930562,82,4.5701158770715615,Infinity,0.9721243191284845,0.0,15170.0,1,ID94760,,,
94761,288,185,52.43943486391024,284.8599626012882,4813.0,0.4772277945249234,0.8063426534058924,1.5675279763556471,50.029783672328364,31.916357747338477,-0.2824853093001093,0.5121292704258771,1.7425759187238974,11.0,11.0,11.0,11.0,356.0,288.0,0.0,4813.0,39.14109710013996,212,5.13147322439981,Infinity,0.9439105707001373,0.0,52943.0,1,ID94761,94787,284,58.654
106716,288,293,80.83333333333333,711.5,232.3521955581855,0.9999999999999999,-0.04394343039980034,1.0,8.60000005364418,8.60000005364418,0.0,0.0,0.0,65504.0,48945.15523465704,47456.0,27872.0,54.03539397880077,288.0,0.0,-1.0,8.60000005364418,,3.544907701811032,-0.3948168440425487,1.0,11396.051410995251,1.3557808E7,1,ID106716,106851,284,37.0705
106718,288,293,76.83333333333333,736.8333333333334,232.3521955581855,0.9999999999999999,-0.08878431312496529,1.0,8.60000005364418,8.60000005364418,0.0,0.0,0.0,60608.0,40029.68953068592,42656.0,20560.0,54.03539397880077,288.0,0.0,-1.0,8.60000005364418,,3.544907701811032,-0.7090405795737681,1.0,11001.608281852134,1.1088224E7,1,ID106718,106682,284,25.0511
106720,288,155,75.5,766.1666666666666,232.3521955581855,0.9999999999999999,0.11640518190038798,1.0,8.60000005364418,8.60000005364418,0.0,0.0,0.0,65504.0,48753.38628158845,53760.0,17360.0,54.03539397880077,288.0,0.0,-1.0,8.60000005364418,,3.544907701811032,0.7104079836770868,1.0,14311.24505816103,1.3504688E7,1,ID106720,106684,284,41.7612
106900,288,300,1216.8333333333333,24.833333333333332,232.3521955581855,0.9999999999999999,0.12724873724621583,1.0,8.60000005364418,8.60000005364418,0.0,0.0,0.0,38928.0,22245.85559566787,21776.0,16094.0,54.03539397880077,288.0,0.0,-1.0,8.60000005364418,,3.544907701811032,1.4299050413647447,1.0,3512.4134855629673,6162102.0,1,ID106900,,,
94763,292,127,1120.2527839643653,79.00222717149221,898.0000000000001,0.5925541278982639,0.6073985680190931,1.1067058870289432,18.21571184626432,16.459397261512834,0.44988501927875024,-0.13973683543754958,0.548538106300616,1.0,1.0,1.0,1.0,138.0,292.0,0.0,898.0,16.906870727400857,68,4.605119645435399,Infinity,0.9383490073145244,0.0,898.0,1,ID94763,94751,288,41.5348
94765,292,310,168.1004842615012,143.76553672316385,2478.0000000000014,0.5785424045478235,1.0,1.1663422441829734,30.25899743857153,25.943497793624083,0.27152226766052096,0.17614170874101132,-0.4589925990561631,3.0,3.0,3.0,3.0,232.0,292.0,0.0,2478.0,28.085083193101525,148,4.660551741403784,Infinity,0.9711934156378604,0.0,7434.0,1,ID94765,94753,288,17.4373
94766,292,174,230.3840579710145,234.88260869565218,2070.0,0.5184228948446167,0.9448032883147387,1.9292543706228427,36.36975241155306,18.851714406022783,0.07533535399994647,-0.3235936266339833,0.8699337766114339,4.0,4.0,4.0,4.0,224.0,292.0,0.0,2070.0,25.669076033243712,116,4.92337420135521,Infinity,0.9486709440879927,0.0,8280.0,1,ID94766,94754,288,80.7762
94767,292,145,320.53014482990903,269.3149208487706,2969.000000000001,0.6066199654336693,0.9937325125909345,1.0837131023244913,31.95162706507888,29.483473990066933,2.941373070631178,0.007913949264027349,0.04342689191225279,5.0,5.0,5.0,5.0,248.0,292.0,0.0,2969.0,30.741861558462507,150,4.551416525435727,Infinity,0.9748809719257923,0.0,14845.0,1,ID94767,94755,288,34.4249
94768,292,266,874.4549141965679,385.2414976599064,3205.000000000002,0.5867259748706539,1.0,1.1898867857526454,34.657013420093385,29.12631170886699,0.6639376896971758,-0.3867120464392243,-0.04155591471952968,6.0,6.0,6.0,6.0,262.0,292.0,0.0,3205.0,31.940306592439743,162,4.627935253586467,Infinity,0.9759439707673574,0.0,19230.0,1,ID94768,94756,288,50.6445
94769,292,191,1109.2631133671744,780.8730964467005,2364.0,0.56156711025227,1.0,1.7175083008522167,35.96308321525744,20.939103000208377,1.9190918336476366,0.1151250386045743,0.1613205824536782,7.0,7.0,7.0,7.0,230.0,292.0,0.0,2364.0,27.431452220735256,132,4.730467901290931,Infinity,0.9740420271940665,0.0,16548.0,1,ID94769,94760,288,118.455
94771,292,177,587.6444007858546,788.1669941060903,509.0,0.5913722857534042,1.0,1.3167631562986677,14.938227618470256,11.344657956910494,2.154623129093695,-0.0786500011458954,0.4561366647637704,9.0,9.0,9.0,9.0,104.0,292.0,0.0,509.0,12.728697186576065,52,4.609718954650537,Infinity,0.9348025711662076,0.0,4581.0,1,ID94771,94759,288,29.9017
94773,292,185,72.18859050219997,257.6487634653315,6590.999999999978,0.21001092518773842,0.9931455067788921,1.4743362894462586,68.73871828142931,46.62350019699147,0.1062139418161765,-9.30202626416205,8.11010520626482,11.0,11.0,11.0,11.0,628.0,292.0,0.0,6591.0,45.80371665964846,370,7.735421583814991,Infinity,0.6130307398967565,0.0,72501.0,1,ID94773,94761,288,33.6226
106746,292,293,71.5,758.1666666666666,232.3521955581855,0.9999999999999999,-0.03372414606358989,1.0,8.60000005364418,8.60000005364418,0.0,0.0,0.0,55136.0,33176.202166064984,30992.0,20768.0,54.03539397880077,292.0,0.0,-1.0,8.60000005364418,,3.544907701811032,-0.29887750249405187,1.0,7748.24372916321,9189808.0,1,ID106746,106716,288,47.5908
106748,292,293,56.833333333333336,790.1666666666666,232.3521955581855,0.9999999999999999,-0.023116496736386282,1.0,8.60000005364418,8.60000005364418,0.0,0.0,0.0,65504.0,45091.98555956679,42592.0,22080.0,54.03539397880077,292.0,0.0,-1.0,8.60000005364418,,3.544907701811032,-0.1475596544530266,1.0,14462.419941023558,1.249048E7,1,ID106748,106718,288,56.96
106750,292,155,56.833333333333336,822.1666666666666,232.3521955581855,0.9999999999999999,0.03442250980549671,1.0,8.60000005364418,8.60000005364418,0.0,0.0,0.0,65504.0,48544.75090252708,49824.0,26544.0,54.03539397880077,292.0,0.0,-1.0,8.60000005364418,,3.544907701811032,0.3127630109346942,1.0,10330.027007942772,1.3446896E7,1,ID106750,106720,288,59.0292
106908,292,300,1218.1666666666667,30.166666666666668,232.3521955581855,0.9999999999999999,0.1558974584758388,1.0,8.60000005364418,8.60000005364418,0.0,0.0,0.0,27104.0,21627.65703971119,21664.0,15184.0,54.03539397880077,292.0,0.0,-1.0,8.60000005364418,,3.544907701811032,2.5348437742222028,1.0,2301.484200088374,5990861.0,1,ID106908,106900,288,5.4975
94819,296,127,1149.6539509536785,84.24087193460491,1835.0000000000032,0.5130671519524101,1.0,1.7551562505097869,32.11093719898537,18.295201461213903,0.8138358899962491,-0.24393903520008275,-0.8603104438249283,1.0,1.0,1.0,1.0,212.0,296.0,0.0,1835.0,24.168132760874535,136,4.949004248510105,Infinity,0.9662980516061102,0.0,1835.0,1,ID94819,94763,292,29.8642
94822,296,310,149.32603406326035,167.2356621480709,2877.000000000001,0.543138156623871,1.0,1.1404495053598227,32.45202017061829,28.455464286758904,-0.6096764527358275,-0.05624398052664962,0.0019566581108624664,2.0,2.0,2.0,2.0,258.0,296.0,0.0,2877.0,30.261816577178013,162,4.810052039807024,Infinity,0.9524913093858636,0.0,5754.0,1,ID94822,94765,292,30.0554
94824,296,145,297.5859375,258.5975,3200.0000000000014,0.6135923151542567,0.7454545454545455,1.1502089499123689,34.40621456983522,29.91301239001534,0.08517675779039968,-0.030802003736408408,0.24372654826037532,3.0,3.0,3.0,3.0,256.0,296.0,0.0,3200.0,31.915382432114622,142,4.525483399593903,Infinity,0.9695500681714896,0.0,9600.0,1,ID94824,94767,292,25.3239
94826,296,174,238.19056603773586,258.0050314465409,1590.0000000000007,0.6032039994212985,0.7179902755267423,1.4740174794354755,27.36100745132001,18.562200131981356,-0.08434546722944548,-0.20652565838565265,-0.18905535544578767,4.0,4.0,4.0,4.0,182.0,296.0,0.0,1590.0,22.49694910498371,84,4.564285749437223,Infinity,0.9624697336561744,0.0,6360.0,1,ID94826,94766,292,24.4047
94828,296,266,856.9672727272728,375.35848484848486,3299.999999999998,0.5605133951582132,1.0,1.2458513938041753,36.044946118567424,28.93197880407318,0.3300712142840129,0.03371811937908341,-0.4309068305286995,5.0,5.0,5.0,5.0,272.0,296.0,0.0,3300.0,32.41022407214286,176,4.734912241994983,Infinity,0.9711595055915238,0.0,16500.0,1,ID94828,94768,292,20.0871
94829,296,191,1185.260690172543,646.847711927982,2665.999999999997,0.5816309732271095,0.9668019181113979,1.4145322458321365,34.64023681036641,24.488827958805818,2.133224612198739,0.15235475873011672,0.12283046565659382,6.0,6.0,6.0,6.0,240.0,296.0,0.0,2666.0,29.13098276004407,142,4.648161071901189,Infinity,0.973703433162892,0.0,15996.0,1,ID94829,94769,292,154.0728
94830,296,293,46.02988047808765,763.8286852589641,1004.0000000000013,0.5184350795864819,1.0,1.7854374456001736,23.75012467348275,13.30213205285339,0.5957574901159602,0.04308904997461014,-0.05043383426065215,7.0,7.0,7.0,7.0,156.0,296.0,0.0,1004.0,17.876888032555506,100,4.923316344162862,Infinity,0.9566460219151989,0.0,7028.0,1,ID94830,106746,292,26.0919
94832,296,177,571.5285343709468,735.1370514483355,4625.999999999998,0.45357534457433846,1.0,1.7251499030894848,53.326336979851405,30.91113235107971,1.6983777617992581,-1.257729048624056,0.0380803318207182,9.0,9.0,9.0,9.0,358.0,296.0,0.0,4626.0,38.37318768992505,184,5.263567690602023,Infinity,0.8782154722354056,0.0,41634.0,1,ID94832,94771,292,55.4247
106788,296,293,22.166666666666668,812.8333333333334,232.3521955581855,0.9999999999999999,-0.17573797579952707,1.0,8.60000005364418,8.60000005364418,0.0,0.0,0.0,61776.0,32155.436823104694,30400.0,17888.0,54.03539397880077,296.0,0.0,-1.0,8.60000005364418,,3.544907701811032,-1.373138500095576,1.0,9985.513285041516,8907056.0,1,ID106788,106748,292,41.4193
106790,296,155,2.1666666666666665,840.8333333333334,232.3521955581855,0.9999999999999999,-0.016838062026412953,1.0,8.60000005364418,8.60000005364418,0.0,0.0,0.0,52960.0,22886.447653429605,22496.0,0.0,54.03539397880077,296.0,0.0,-1.0,8.60000005364418,,3.544907701811032,-0.08581297698736579,1.0,9135.292626872468,6339546.0,1,ID106790,106750,292,57.7658
106916,296,300,1219.5,30.166666666666668,232.3521955581855,0.9999999999999999,0.11888144359062994,1.0,8.60000005364418,8.60000005364418,0.0,0.0,0.0,23904.0,16917.54512635379,17548.0,0.0,54.03539397880077,296.0,0.0,-1.0,8.60000005364418,,3.544907701811032,0.9812559431420471,1.0,3663.6589469131554,4686160.0,1,ID106916,106908,292,1.3333
107680,296,314,3.5,896.8333333333334,232.3521955581855,0.9999999999999999,0.237860380227424,1.0,8.60000005364418,8.60000005364418,0.0,0.0,0.0,40960.0,22656.061371841155,22224.0,8588.0,54.03539397880077,296.0,0.0,-1.0,8.60000005364418,,3.544907701811032,1.7629775293761887,1.0,4938.761763915385,6275729.0,1,ID107680,,,
94845,300,127,1164.3373961218836,89.50858725761773,1804.999999999999,0.53450605521063,1.0,1.6053003377156299,30.430090170417664,18.956010570408406,0.8432915279552846,0.11116133369002465,-0.6338165867251324,1.0,1.0,1.0,1.0,206.0,300.0,0.0,1805.0,23.969758959191516,124,4.848736877525861,Infinity,0.9665327978580986,0.0,1805.0,1,ID94845,94819,296,15.5998
94846,300,145,183.95501499500168,174.70576474508496,3001.0000000000045,0.5938472885753958,0.902377179080824,1.1654809654610843,33.27437008731942,28.549904351424143,-1.2777942400675237,0.059816740148993075,0.30934736885145997,2.0,2.0,2.0,2.0,252.0,300.0,0.0,3001.0,30.90708605542679,154,4.600102863112545,Infinity,0.9741925012173365,0.0,6002.0,1,ID94846,94824,296,141.2438
94847,300,310,111.60311143270623,214.1979015918958,2763.9999999999964,0.5739547950639287,0.9484608756951515,1.1321040166069687,31.61022169827702,27.921658464754927,-0.06144333473611417,0.26979167534055715,-0.08882442193907068,3.0,3.0,3.0,3.0,246.0,300.0,0.0,2764.0,29.6615664692881,152,4.6791405199874845,Infinity,0.9696544465883166,0.0,8292.0,1,ID94847,94822,296,60.2368
94848,300,174,285.729398012858,276.1157218001169,1711.0000000000002,0.4524253034502262,1.0,2.754978004413946,39.22728871276104,14.23869397501984,0.21486591935362534,-1.0990693014169763,0.08667750549812084,4.0,4.0,4.0,4.0,218.0,300.0,0.0,1711.0,23.337270947145168,106,5.270253299623989,Infinity,0.9033790918690604,0.0,6844.0,1,ID94848,94826,296,50.8718
94849,300,266,840.7260397830019,365.585292344786,3318.0000000000005,0.5805192929723175,1.0,1.326239098194251,37.953036339108564,28.61703925844424,0.10890854118606579,0.34898931516181814,-0.6992341792662076,5.0,5.0,5.0,5.0,268.0,300.0,0.0,3318.0,32.49849538606084,152,4.652609500674058,Infinity,0.9687591240875917,0.0,16590.0,1,ID94849,94828,296,18.955
94850,300,191,1200.9638989169675,608.9562274368232,2216.0,0.6080678941702317,0.7357702349869453,1.4882250887074235,32.815973231115954,22.050409901110992,1.237997150515199,0.5551555050138869,-0.028239857541851123,6.0,6.0,6.0,6.0,214.0,300.0,0.0,2216.0,26.558891313141824,110,4.545994388684335,Infinity,0.973851900681169,0.0,13296.0,1,ID94850,94829,296,41.0165
94851,300,177,566.5315186246419,722.8180515759312,698.0000000000001,0.4884900138573571,1.0,1.570742883440189,18.96817176728071,12.0759240530425,0.63360744574202,-0.0030143482963832955,0.11487145772367939,7.0,7.0,7.0,7.0,134.0,300.0,0.0,698.0,14.905713688256794,84,5.071974799499912,Infinity,0.9000644745325598,0.0,4886.0,1,ID94851,94832,296,13.2939
94852,300,293,11.88139281828074,740.6093579978237,919.0000000000002,0.5727283572007579,0.7258215962441316,1.672820255371839,22.695501104790683,13.567208450465507,1.4769759587745699,0.17754076579299216,-0.10229020264872528,8.0,8.0,8.0,8.0,142.0,300.0,0.0,919.0,17.103414436974383,64,4.684147785753699,Infinity,0.9543094496365525,0.0,7352.0,1,ID94852,94830,296,41.2947
94853,300,293,9.242256637168142,813.941371681416,904.0000000000001,0.5633802338514527,0.6987159411212026,1.6131343197072896,24.50932293689806,15.193603308461867,1.5518367905404051,-2.8444576006750437,-0.11764333919310264,9.0,9.0,9.0,9.0,142.0,300.0,0.0,904.0,16.96325844612841,54,4.722849747187949,Infinity,0.970998925886144,0.0,8136.0,1,ID94853,106788,296,12.9718
94894,304,127,1193.7346241457858,97.84851936218679,1755.9999999999998,0.5302418973186924,0.8575458392101553,1.6475478988244399,30.369845411147214,18.43336113797768,0.6277334584378109,-0.30416176409760853,-0.45591893766375896,1.0,1.0,1.0,1.0,204.0,304.0,0.0,1756.0,23.642169108157916,122,4.868194391014147,Infinity,0.9648351648351646,0.0,1756.0,1,ID94894,94845,300,30.5573
94895,304,145,175.47992351816444,177.59273422562143,2614.9999999999973,0.6105280015708457,0.9115497076023393,1.0410650224318176,29.383671868220087,28.224626930201673,-0.6736385940162304,0.3510142883760098,0.08238938180357358,2.0,2.0,2.0,2.0,232.0,304.0,0.0,2615.0,28.851002623316433,138,4.536826157899166,Infinity,0.9748369058713879,0.0,5230.0,1,ID94895,94846,300,8.9533
94896,304,310,107.75706214689265,216.863196125908,2478.0000000000027,0.5590969976727604,0.9518641694381235,1.2191735065323057,31.00829782866897,25.43386783138509,0.0940178510108669,0.1435260563604651,-0.2727932045717168,3.0,3.0,3.0,3.0,236.0,304.0,0.0,2478.0,28.085083193101532,150,4.740906081772813,Infinity,0.9632653061224501,0.0,7434.0,1,ID94896,94847,300,4.6793
94897,304,174,248.74325581395348,275.3525581395349,2150.000000000001,0.501963748901461,1.0,1.9182621397072028,36.25284999469804,18.898798680472083,0.2678571506899144,0.16581726279294645,0.111737844966865,4.0,4.0,4.0,4.0,232.0,304.0,0.0,2150.0,26.160394784772464,136,5.003440676639542,Infinity,0.9566184649610683,0.0,8600.0,1,ID94897,94848,300,36.994
94898,304,266,823.5387313650979,363.86349020754164,3421.0000000000036,0.5897058144269242,1.0,1.2998756671472473,38.07726038087263,29.29300189489532,0.03096321641365285,1.0925241664396124,-0.02059811884114218,5.0,5.0,5.0,5.0,270.0,304.0,0.0,3421.0,32.99906242054082,148,4.616227746612374,Infinity,0.9659748694056202,0.0,17105.0,1,ID94898,94849,300,17.2733
94899,304,191,1176.477054034049,597.9955588452998,2702.0000000000014,0.6096368392702978,1.0,1.3327231591901056,34.07563171991001,25.568424683651276,-1.4882226217558907,-0.5964123256666313,0.07550152203308237,6.0,6.0,6.0,6.0,236.0,304.0,0.0,2702.0,29.32700653780748,130,4.540140895239996,Infinity,0.9759797724399497,0.0,16212.0,1,ID94899,94850,300,26.828
94900,304,177,594.9465541490858,711.9732770745429,711.0,0.5286798524739273,1.0,1.3688938191726998,17.861041623916098,13.047791854820806,1.18475858580971,0.33102618356892183,0.32737959774220254,7.0,7.0,7.0,7.0,130.0,304.0,0.0,711.0,15.043880120390323,82,4.87538090401277,Infinity,0.9191984486102133,0.0,4977.0,1,ID94900,94851,300,30.4142
94901,304,293,19.430817610062892,793.8569182389937,1271.9999999999995,0.6090696319716835,0.5843886236246626,1.3082845525631754,23.08152623160845,17.64258867567258,1.5261714720305983,0.3104454434825836,0.036409364086995966,8.0,8.0,8.0,8.0,162.0,304.0,0.0,1272.0,20.121882994038643,90,4.54225444814556,Infinity,0.9676683149486494,0.0,10176.0,1,ID94901,94853,300,22.5209
94902,304,197,13.09729381443299,31.262886597938145,1552.0000000000002,0.5182008500766669,0.43592906707787205,2.1107988008414003,33.26110639605962,15.757592046575532,1.5861256961855748,-1.0551625062626602,-0.06874921791508716,9.0,9.0,9.0,9.0,194.0,304.0,0.0,1552.0,22.226491926465663,78,4.924428900898052,Infinity,0.9374811235276356,0.0,13968.0,1,ID94902,,,
94903,304,293,12.629204590423427,716.2465373961219,2527.0,0.4108899454283633,0.5050924179554885,3.163443564929993,55.04891582122144,17.401579857941822,-1.5309408711119683,-1.3449892565303716,0.17437647197461895,10.0,10.0,10.0,10.0,278.0,304.0,0.0,2527.0,28.36140127684877,86,5.530217026135008,Infinity,0.9150823827629911,0.0,25270.0,1,ID94903,94852,300,24.3743
94955,308,127,1206.5399209486166,78.9897233201581,1265.0,0.5910343109445402,0.717583163611677,1.774210955262406,35.6595300364384,20.09881064631593,0.35052519723078923,12.65958362016958,3.107842799962917,1.0,1.0,1.0,1.0,164.0,308.0,0.0,1265.0,20.066439794405365,72,4.611036768347374,Infinity,0.9727028066128413,0.0,1265.0,1,ID94955,94894,304,22.7954
94956,308,145,175.1910147659441,152.10587496072887,3182.999999999995,0.5101882355294028,1.0,1.3130967017514479,36.35578292199484,27.68705676703201,-1.1066490669204103,0.2897941859595077,0.10189790774267116,2.0,2.0,2.0,2.0,280.0,308.0,0.0,3183.0,31.83049430535134,184,4.9629478536503076,Infinity,0.9396309963099617,0.0,6366.0,1,ID94956,94895,304,25.4885
94957,308,310,99.35200635677394,222.89193484306713,2516.9999999999986,0.5776454605219888,1.0,1.2819392174297488,32.14205769096778,25.072996639740598,0.3316994063102135,0.1692588531670403,-0.4697039243018682,3.0,3.0,3.0,3.0,234.0,308.0,0.0,2517.0,28.30522890782904,134,4.664168694062708,Infinity,0.9651073619631895,0.0,7551.0,1,ID94957,94896,304,10.3436
94959,308,174,251.42797276060764,253.0775275013096,1908.9999999999998,0.5238274413226408,1.0,1.8650818304405201,33.97534575693232,18.216544283693743,0.32286796332233725,0.6938248380657774,-0.32664073732880045,4.0,4.0,4.0,4.0,214.0,308.0,0.0,1909.0,24.65063027033703,120,4.897910096217962,Infinity,0.9568922305764408,0.0,7636.0,1,ID94959,94897,304,22.4362
94960,308,266,819.5493042952208,347.5825771324864,3306.0000000000005,0.587150506685955,1.0,1.3395524458426864,38.0678556074018,28.4183390695495,-0.18031821019891475,0.9975909434439273,0.370219362719545,5.0,5.0,5.0,5.0,266.0,308.0,0.0,3306.0,32.439674531715205,148,4.626261865758867,Infinity,0.9630061170987476,0.0,16530.0,1,ID94960,94898,304,16.7626
94962,308,191,1163.7988227146814,571.4103185595568,2888.0000000000023,0.5900702122507369,1.0,1.2747400612242867,34.21714349552484,26.84244775571106,2.6473580007638007,0.2751724982150225,-0.01734806474907904,6.0,6.0,6.0,6.0,248.0,308.0,0.0,2888.0,30.319613310508895,150,4.614802150901677,Infinity,0.9746878164022957,0.0,17328.0,1,ID94962,94899,304,29.4536
94963,308,177,616.3344867358708,701.9538638985006,867.0000000000001,0.5890486225480863,1.0,1.2772347927807821,19.066258341587705,14.927763046664936,2.137691446235926,0.4665463883391995,0.1758198145889005,7.0,7.0,7.0,7.0,136.0,308.0,0.0,867.0,16.612485404699278,72,4.618802153517006,Infinity,0.9475409836065575,0.0,6069.0,1,ID94963,94900,304,23.6185
94964,308,293,27.56390977443609,788.3142857142857,1329.9999999999998,0.5921652819266474,1.0,1.389592184800372,24.74862952959755,17.809994759831586,-1.4754352680011864,0.8961560077493227,0.012925510748227453,8.0,8.0,8.0,8.0,168.0,308.0,0.0,1330.0,20.575523046193542,92,4.606631375699488,Infinity,0.9637681159420288,0.0,10640.0,1,ID94964,94901,304,9.8422
94965,308,197,28.82904085257549,38.323934280639435,4504.0,0.6205751200284385,0.41672346002621236,1.1465496162746829,44.13230714405153,38.491406318240486,2.0307597306457756,-4.798274064335455,-0.4903588760895492,9.0,9.0,9.0,9.0,302.0,308.0,0.0,4504.0,37.86380497746883,122,4.4999506608702315,Infinity,0.9765828274067649,0.0,40536.0,1,ID94965,94902,304,17.2437
94971,312,197,12.59861932938856,52.684418145956606,1013.9999999999998,0.5817339208802136,0.7056349873843566,1.4258604288749748,26.182980032392987,18.36293335740564,0.6342799544937191,-6.500294837519012,-1.7361588399699184,1.0,1.0,1.0,1.0,148.0,312.0,0.0,1014.0,17.96569577250944,64,4.6477497683578255,Infinity,0.9661743687470222,0.0,1014.0,1,ID94971,94965,308,21.6714
94972,312,145,168.47775823071123,156.70419703443076,3979.000000000003,0.6199363801147489,1.0,1.0971103155172492,37.42050731663381,34.108244893305326,1.327409432802513,-0.29115732469350863,0.04069580211867789,2.0,2.0,2.0,2.0,284.0,312.0,0.0,3979.0,35.58869254588182,160,4.502268284258842,Infinity,0.9798079290815077,0.0,7958.0,1,ID94972,94956,308,8.1371
94973,312,310,55.04979253112033,246.216459197787,2891.9999999999977,0.590887484012856,1.0,1.2373808648230933,33.775461301898595,27.295929864510576,0.6124609548874733,-0.10597899384475229,-0.12586921808369778,3.0,3.0,3.0,3.0,248.0,312.0,0.0,2892.0,30.340603007249573,142,4.6116096204947326,Infinity,0.9714477662075907,0.0,8676.0,1,ID94973,94957,308,50.0672
94974,312,174,250.5869459327813,255.85923039454457,2053.000000000001,0.4876892036158675,1.0,1.8771781743969387,35.564411584850376,18.945677117877093,0.24681272370924792,0.25299653075446593,-0.9004301531396464,4.0,4.0,4.0,4.0,230.0,312.0,0.0,2053.0,25.563454311483856,134,5.076137310507772,Infinity,0.952668213457077,0.0,8212.0,1,ID94974,94959,308,2.9061
94975,312,266,818.4216171617162,353.6472772277228,2424.0000000000014,0.6070807232383341,0.7496751840623648,1.2921152771375952,32.007940650155604,24.771737643302497,1.3752329263818373,-0.44091370349199965,0.20912242787839885,5.0,5.0,5.0,5.0,224.0,312.0,0.0,2424.0,27.77738584009498,112,4.5496889967333685,Infinity,0.9592402057776025,0.0,12120.0,1,ID94975,94960,308,6.1687
94977,312,191,1158.146091262823,580.1966749204104,2827.0000000000005,0.6167557244234962,1.0,1.1505273762065826,32.25320352206731,28.033408147496434,0.26696026239812604,0.0724892637554013,-0.09769778215014731,7.0,7.0,7.0,7.0,240.0,312.0,0.0,2827.0,29.997700715914487,136,4.513862623465195,Infinity,0.9746595414583695,0.0,19789.0,1,ID94977,94962,308,10.4477
94978,312,177,639.8087318087319,706.4022869022868,962.0000000000002,0.5995263108020991,1.0,1.3070016065800936,20.684180424091597,15.825673296771164,-1.3131762691891142,1.1514600617018498,-0.12415446387700702,8.0,8.0,8.0,8.0,142.0,312.0,0.0,962.0,17.498974555922032,74,4.578263749556043,Infinity,0.9581673306772911,0.0,7696.0,1,ID94978,94963,308,23.892
94979,312,293,31.337349397590362,792.2777777777778,1494.0000000000007,0.5667841353052956,1.0,1.4316539345439443,26.09780724009154,18.229131084255386,1.283623051185256,-0.03011098046620851,0.2898508991760626,9.0,9.0,9.0,9.0,182.0,312.0,0.0,1494.0,21.807222885057683,110,4.708646522618419,Infinity,0.9644932214331833,0.0,13446.0,1,ID94979,94964,308,5.4725
94980,312,127,1172.5209649626652,73.97271682940838,3481.999999999992,0.21997276478110625,0.6916599190283401,4.8052620458070905,78.95326261291545,16.430584192969746,0.4615286603512766,9.005809055105376,4.512794218236869,10.0,10.0,10.0,10.0,446.0,312.0,0.0,3482.0,33.29196635364088,238,7.5582364703063165,Infinity,0.6844898761549031,0.0,34820.0,1,ID94980,94955,308,34.3869
95021,316,197,16.47179487179487,32.555897435897435,975.0000000000002,0.6624249215506162,0.7010758941552777,1.4729615981658748,22.867185261164753,15.524630981309269,-0.03400059621881683,-2.2422929861444283,0.015329924575414442,1.0,1.0,1.0,1.0,136.0,316.0,0.0,975.0,17.616814099864822,54,4.35548578349837,Infinity,0.966303270564916,0.0,975.0,1,ID95021,94971,312,20.4978
95022,316,145,167.78399581589957,152.07975941422595,3823.9999999999973,0.5957870614623766,1.0,1.0440498033839525,35.51260113137716,34.01427883638736,0.8095062531692706,0.17953860974700736,-0.021316200310029502,2.0,2.0,2.0,2.0,284.0,316.0,0.0,3824.0,34.88863718700996,174,4.592608214207373,Infinity,0.975510204081632,0.0,7648.0,1,ID95022,94972,312,4.6762
95025,316,310,63.545888399412625,223.29955947136563,2723.999999999999,0.604314553236254,1.0,1.3018010947679386,33.92410572949413,26.059361807144203,1.0649955729553748,-0.5155569487625588,0.5172240604141953,3.0,3.0,3.0,3.0,238.0,316.0,0.0,2724.0,29.446156454869378,130,4.560089908174117,Infinity,0.9723362484383363,0.0,8172.0,1,ID95025,94973,312,24.4411
95027,316,174,253.20183044315993,238.34922928709057,2076.0000000000005,0.46055690621088985,1.0,1.9315832074836485,36.081063613191674,18.67952852012828,0.28779285756675943,0.6107511265369597,-0.3517978479961423,4.0,4.0,4.0,4.0,238.0,316.0,0.0,2076.0,25.706250674058822,148,5.223520247543149,Infinity,0.9553612517257251,0.0,8304.0,1,ID95027,94974,312,17.7042
95028,316,266,801.5501945525292,339.87665369649807,2570.000000000002,0.6436458163046695,1.0,1.1452520752465403,31.486730039581484,27.49327481707753,1.4721904649620405,-1.3000362613513734,0.20914299112873547,5.0,5.0,5.0,5.0,224.0,316.0,0.0,2570.0,28.60168539601019,98,4.41856712165384,Infinity,0.9747771666982751,0.0,12850.0,1,ID95028,94975,312,21.7779
95029,316,191,1163.5477287689268,580.1069782751811,3038.0000000000005,0.5917390093375778,1.0,1.3856427848626973,36.6510531490076,26.450578424250473,1.894326150331067,-0.002924867845248013,0.09073645652701709,6.0,6.0,6.0,6.0,254.0,316.0,0.0,3038.0,31.097032563033345,146,4.608290322578341,Infinity,0.9732500400448503,0.0,18228.0,1,ID95029,94977,312,5.4024
95031,316,177,660.2065868263473,697.7774451097804,1001.9999999999999,0.5596223713594617,1.0,1.4418224207234265,21.413756590052117,14.851868220573156,1.9933843508960458,0.1991435585973213,0.08717603770227339,7.0,7.0,7.0,7.0,150.0,316.0,0.0,1002.0,17.859073490978144,86,4.738680177049226,Infinity,0.9439472444653789,0.0,7014.0,1,ID95031,94978,312,22.1463
95032,316,293,37.30868628858578,773.2842785355348,1392.9999999999995,0.620215216333699,1.0,1.2998447007208322,24.332359384630653,18.719435768855373,-1.3499652765910621,0.6197953336811404,0.1377595631868251,8.0,8.0,8.0,8.0,168.0,316.0,0.0,1393.0,21.05719999083497,92,4.501256106095645,Infinity,0.9731051344743273,0.0,11144.0,1,ID95032,94979,312,19.91
95034,316,127,1172.6627604166667,66.4521484375,3072.000000000004,0.28198605206217264,0.7163609274606574,3.2129133428704364,56.87619969883903,17.702375890420214,0.3460604465601902,0.41988721315042177,2.506430232394931,9.0,9.0,9.0,9.0,370.0,316.0,0.0,3072.0,31.270560761786896,194,6.6756124875050435,Infinity,0.7073451531199643,0.0,27648.0,1,ID95034,94980,312,7.5219
95059,320,197,27.697837150127228,65.97201017811705,1571.999999999999,0.5589162122502436,0.9415397282832442,1.4636807464264128,26.916041204991945,18.389284186942852,1.174940255683281,0.06835100483794362,-0.05594887598637342,1.0,1.0,1.0,1.0,188.0,320.0,0.0,1572.0,22.369245429404156,116,4.741672759669994,Infinity,0.9641214351425937,0.0,1572.0,1,ID95059,95021,316,35.2514
95060,320,145,202.60159151193633,164.8257294429708,3769.999999999995,0.6130016202077276,1.0,1.0651536218769453,35.780759952367504,33.59211217750633,-1.1734500863476254,0.36233377680002293,-0.004555269525329122,2.0,2.0,2.0,2.0,278.0,320.0,0.0,3770.0,34.64142420445339,164,4.527663276791974,Infinity,0.9789665022072177,0.0,7540.0,1,ID95060,95022,316,37.0773
95061,320,310,103.27694361027694,234.98498498498498,2997.0000000000005,0.593055756034808,1.0,1.2567052333321087,34.770597744994284,27.668061549167973,1.5628338330632419,-0.08223227382676028,0.32431809361127095,3.0,3.0,3.0,3.0,252.0,320.0,0.0,2997.0,30.88648132909964,148,4.603171644550004,Infinity,0.9743172951885565,0.0,8991.0,1,ID95061,95025,316,41.4138
95062,320,174,262.7138392857143,251.88392857142858,2239.9999999999977,0.5140746251765016,1.0,1.7831491038629586,36.06212523929304,20.22384171978057,0.24566691753010672,0.1964858274979655,-0.8873902399317977,4.0,4.0,4.0,4.0,234.0,320.0,0.0,2240.0,26.702324712498168,134,4.9441523901618245,Infinity,0.9646856158484057,0.0,8960.0,1,ID95062,95027,316,16.5429
95063,320,266,800.767470371884,358.5337147527585,2446.9999999999995,0.6020422290965793,1.0,1.1755946658032748,30.280608910489956,25.757695055378164,1.1409410060993506,-0.3721434332402309,-0.5368242666375621,5.0,5.0,5.0,5.0,226.0,320.0,0.0,2447.0,27.90885686465384,112,4.568687513793462,Infinity,0.9668115369419203,0.0,12235.0,1,ID95063,95028,316,18.6735
95064,320,191,1175.8510708401977,609.1660626029654,3035.0000000000023,0.6005753151703848,1.0,1.4428003050602602,37.486146986771224,25.981521389549172,1.8470125353617715,-0.06704345293971328,0.19161076905180405,6.0,6.0,6.0,6.0,252.0,320.0,0.0,3035.0,31.081674738787893,140,4.574263653708741,Infinity,0.9771410173857058,0.0,18210.0,1,ID95064,95029,316,31.5563
95065,320,177,695.9082969432314,726.3613537117903,916.0000000000002,0.5872854838139289,1.0,1.1844885583201994,18.710330456224604,15.79612595224976,-0.3607720673545287,-0.18037487077608785,-0.4865686736774864,7.0,7.0,7.0,7.0,140.0,320.0,0.0,916.0,17.075475271404667,84,4.625730203185627,Infinity,0.95615866388309,0.0,6412.0,1,ID95065,95031,316,45.7346
95066,320,293,45.779472954230236,788.4188626907073,1442.0,0.5719197836733344,1.0,1.4151917281676323,25.632404047241444,18.112319014491323,1.5409281693215597,0.35130927166370834,0.060210972295667194,8.0,8.0,8.0,8.0,178.0,320.0,0.0,1442.0,21.424351935986913,100,4.6874578130325375,Infinity,0.9537037037037037,0.0,11536.0,1,ID95066,95032,316,17.3439
95067,320,127,1164.048990578735,81.92220726783312,3714.999999999992,0.28321523715902003,0.7753882915173238,2.434732721069647,55.680276344876894,22.869153506268635,0.3508948316318048,-2.564742101251943,0.3606954480534903,9.0,9.0,9.0,9.0,406.0,320.0,0.0,3715.0,34.38780637337572,220,6.661110291051782,Infinity,0.7024676184173191,0.0,33435.0,1,ID95067,95034,316,17.7065
95095,324,197,17.882205513784463,49.19047619047619,1196.999999999999,0.5458682546591638,0.7343636802704661,1.6305857566595294,24.868529383023994,15.251285791904907,0.9764681223749387,-0.36767031904532704,-0.3488134381879568,1.0,1.0,1.0,1.0,166.0,324.0,0.0,1197.0,19.519655062577236,96,4.798008498033466,Infinity,0.9496231654105505,0.0,1197.0,1,ID95095,95059,320,19.4414
95096,324,145,183.11920529801324,159.9437086092715,3322.0000000000005,0.6271480557193254,1.0,1.1166891140621311,34.54506867883734,30.935260533860003,1.442460673128632,-0.2355962909370421,-0.0033849570842681117,2.0,2.0,2.0,2.0,258.0,324.0,0.0,3322.0,32.51807869328311,144,4.476307285196034,Infinity,0.9783537034310118,0.0,6644.0,1,ID95096,95060,320,20.0848
95098,324,310,90.36235216819973,237.1879106438896,3043.999999999998,0.5836796897904861,1.0,1.202113879179758,34.33638106933561,28.56333469235415,1.0780513935447353,-0.4859102837484417,0.3360391380935019,3.0,3.0,3.0,3.0,256.0,324.0,0.0,3044.0,31.127725479762542,150,4.63999637500425,Infinity,0.9703538412496008,0.0,9132.0,1,ID95098,95061,320,13.1011
95101,324,174,266.69422700587086,251.39187866927594,2043.9999999999973,0.4772157687230625,1.0,1.981210024530265,35.78139217060866,18.06037306877258,0.2636191192516031,0.5427428101692916,-0.12712680949740213,4.0,4.0,4.0,4.0,232.0,324.0,0.0,2044.0,25.507359866510438,140,5.131537880364186,Infinity,0.9598497299835629,0.0,8176.0,1,ID95101,95062,320,4.0107
95105,324,266,772.4290305302625,355.9464381360471,3733.999999999997,0.5985054575767489,1.0,1.2803154697503958,39.26306840154978,30.66671404759666,2.735640385798296,-0.24683908731250118,0.8782193960020015,5.0,5.0,5.0,5.0,280.0,324.0,0.0,3734.0,34.47563074129715,158,4.582166591201516,Infinity,0.9692407527579485,0.0,18670.0,1,ID95105,95063,320,28.4563
95109,324,191,1165.027300613497,604.1834355828221,3259.9999999999995,0.6154433057329922,1.0,1.4065382272975016,38.444516283290085,27.3327205312839,-1.4741371935076606,-0.1895871614638252,0.0595875574245301,6.0,6.0,6.0,6.0,258.0,324.0,0.0,3260.0,32.21319960760119,136,4.518672914471179,Infinity,0.9759018111061217,0.0,19560.0,1,ID95109,95064,320,11.9156
95110,324,293,40.31596526386105,782.4522378089513,1496.9999999999995,0.5679222560589203,1.0,1.4349158996393119,26.444144021711196,18.42905499085928,1.5720432893118812,0.5163833089021161,0.16838699191706683,7.0,7.0,7.0,7.0,182.0,324.0,0.0,1497.0,21.82910670680627,102,4.7039260737900666,Infinity,0.9513822688274545,0.0,10479.0,1,ID95110,95066,320,8.0902
95111,324,177,743.1007054673721,745.5774250440917,5669.999999999991,0.37140239665257396,1.0,1.6343683156820719,56.90998040874997,34.82078051972006,0.5623217282798394,-0.013825571524853189,-1.7576124317488178,8.0,8.0,8.0,8.0,438.0,324.0,0.0,5670.0,42.483138474718295,282,5.816779232094054,Infinity,0.8741231789100424,0.0,45360.0,1,ID95111,95065,320,50.9547
95173,328,197,28.604963112005365,54.289067739771966,1491.0000000000027,0.5656460145516713,0.924698795180723,1.3074424657505737,24.887097934048793,19.034946918112883,1.0065636132852886,0.25492082896477125,-0.27457144027094654,1.0,1.0,1.0,1.0,182.0,328.0,0.0,1491.0,21.785317080548374,114,4.713381211117398,Infinity,0.9603864734299535,0.0,1491.0,1,ID95173,95095,324,11.8732
95174,328,145,166.7264983267417,180.25585640401582,3286.9999999999995,0.6402390137237056,1.0,1.077350666453687,33.90403481191128,31.469823027550653,0.8766425819923827,-0.1280468324442919,0.21314747198895376,2.0,2.0,2.0,2.0,254.0,328.0,0.0,3287.0,32.3463227567852,134,4.43030743552046,Infinity,0.9785650491217626,0.0,6574.0,1,ID95174,95096,324,26.1018
95175,328,310,87.95359945411123,235.72125554418287,2930.999999999999,0.6186514423321473,1.0,1.2580258958719874,34.70860386039596,27.589737201981883,1.186666264336933,-0.6910833907282076,0.35232981617049164,3.0,3.0,3.0,3.0,244.0,328.0,0.0,2931.0,30.54449666314196,128,4.506941459990387,Infinity,0.9755366949575635,0.0,8793.0,1,ID95175,95098,324,2.8201
95176,328,174,246.15796703296704,251.66529304029305,2183.9999999999995,0.4845165140484504,1.0,2.049648466720449,37.76997900125967,18.42753994868873,0.2854287495583254,0.3375754413894512,-0.129451490073616,4.0,4.0,4.0,4.0,238.0,328.0,0.0,2184.0,26.366433043273005,142,5.092729860879865,Infinity,0.9631753031973539,0.0,8736.0,1,ID95176,95101,324,20.5381
95177,328,266,761.4520657841957,363.4251905334938,2493.0000000000005,0.5624813620654522,0.7253789189563291,1.3402725525918857,32.37322507093766,24.15421028232855,1.2230993967197867,-0.3358967454874246,-0.7118200952714036,5.0,5.0,5.0,5.0,236.0,328.0,0.0,2493.0,28.169958222478613,134,4.7266219092587285,Infinity,0.9500762195121955,0.0,12465.0,1,ID95177,95105,324,13.2825
95179,328,191,1160.9116392443632,615.2114564290067,3281.9999999999986,0.5917531616782424,1.0,1.4479149204514314,38.95744545593365,26.90589405887708,1.8655188738442423,-0.06300640501711832,0.022076164592712805,7.0,7.0,7.0,7.0,264.0,328.0,0.0,3282.0,32.32171168820118,150,4.608235216422013,Infinity,0.9754792688363794,0.0,22974.0,1,ID95179,95109,324,11.771
95180,328,177,759.01243339254,756.9982238010657,1126.0000000000007,0.5527239574909546,1.0,1.47784443399975,23.00978515204512,15.569829017638678,2.0548279267074188,-0.12731569804358545,-0.04081691726109171,8.0,8.0,8.0,8.0,160.0,328.0,0.0,1126.0,18.93190248873442,92,4.768159640657196,Infinity,0.9454240134340895,0.0,9008.0,1,ID95180,95111,324,19.5862
95181,328,293,39.23362592842674,788.5840648210668,1480.9999999999984,0.5744072493785776,1.0,1.4627600579491422,26.504707530327764,18.119654953860717,1.5485519807773718,0.2838635650625084,0.265608813303886,9.0,9.0,9.0,9.0,180.0,328.0,0.0,1481.0,21.71213811300475,100,4.677297303012689,Infinity,0.9610642439974031,0.0,13329.0,1,ID95181,95110,324,6.2266
95182,332,197,68.83115942028985,30.38695652173913,1379.999999999999,0.5598395999423956,0.9300699300699301,1.1155305860678786,22.236392657558916,19.933467477516444,-1.501392238614153,0.33734603637722765,0.17421311252853885,1.0,1.0,1.0,1.0,176.0,332.0,0.0,1380.0,20.95871281671732,108,4.7377607381118585,Infinity,0.9589993050729668,0.0,1380.0,1,ID95182,95173,328,46.7916
95183,332,200,9.226161369193154,30.882640586797066,817.9999999999997,0.5724711050649253,0.6370913942628419,1.4751803407228732,22.481721198968017,15.239981565881934,1.4144843979593151,-2.9361920957834027,-0.45820049789427186,2.0,2.0,2.0,2.0,134.0,332.0,0.0,818.0,16.136216622812817,52,4.685200128542941,Infinity,0.9663319551092729,0.0,1636.0,1,ID95183,,,
95184,332,145,175.6872914771004,176.80558083105853,3296.9999999999986,0.6224283984667714,0.8210997913342334,1.0944634264228676,34.062400890314045,31.122466103452382,1.2922984086284148,0.11508455391945838,-0.32953539638186446,3.0,3.0,3.0,3.0,258.0,332.0,0.0,3297.0,32.39548880242367,144,4.493246372761351,Infinity,0.976021314387211,0.0,9891.0,1,ID95184,95174,328,9.6021
95185,332,310,59.9827392120075,240.2281425891182,2665.000000000002,0.5912255082138834,1.0,1.2634587179911998,32.83726994708308,25.989982481811325,1.2096425905896317,-0.05486381027223242,0.08434511630482883,4.0,4.0,4.0,4.0,238.0,332.0,0.0,2665.0,29.125518822500016,134,4.610291123145053,Infinity,0.9708561020036435,0.0,10660.0,1,ID95185,95175,328,28.3316
95186,332,174,227.27358490566039,234.94637537239325,2014.0000000000014,0.4784247715939393,0.9117228286663505,2.325422913903768,38.653321146408956,16.62206083689108,0.25730526731528625,0.028345259615187933,-0.014112658275610495,5.0,5.0,5.0,5.0,230.0,332.0,0.0,2014.0,25.31948085514699,128,5.125049954948242,Infinity,0.9638669538167034,0.0,10070.0,1,ID95186,95176,328,25.2219
95187,332,266,726.6586398518126,371.34136014818733,3779.0000000000027,0.5971570161418357,1.0,1.1914058773386995,38.15999470879443,32.02938262654389,-0.15120022119741794,0.18846769839843494,0.6887637641129559,6.0,6.0,6.0,6.0,282.0,332.0,0.0,3779.0,34.68274873605819,158,4.587337173626501,Infinity,0.9722150758940062,0.0,22674.0,1,ID95187,95177,328,35.6826
95188,332,191,1169.9386427022002,617.0616671831423,3226.9999999999977,0.6092133581596212,1.0,1.412750861125086,38.268102510136096,27.087651165655746,1.8479946957974505,-0.07346079559565077,0.1292395387888048,7.0,7.0,7.0,7.0,258.0,332.0,0.0,3227.0,32.04974263102735,142,4.541718610070948,Infinity,0.978026973783906,0.0,22589.0,1,ID95188,95179,328,9.2147
95189,332,293,43.99252801992528,783.5242839352428,1606.000000000001,0.5710047308358093,1.0,1.4064664010929067,27.077592767962425,19.25221444815287,-1.5221146029513897,0.7164247220162886,-0.0050689708632060725,8.0,8.0,8.0,8.0,188.0,332.0,0.0,1606.0,22.609857965302837,108,4.6912122079559255,Infinity,0.9565217391304354,0.0,12848.0,1,ID95189,95181,328,6.9461
95190,332,177,782.5707502374169,774.1263057929725,1053.0,0.5579519420188991,1.0,1.4266928188066355,21.969899470272317,15.399179964085858,2.4668193480777663,-0.15026131654637107,-0.055117004636503056,9.0,9.0,9.0,9.0,154.0,332.0,0.0,1053.0,18.30793025307699,96,4.7457683454825155,Infinity,0.9546690843155031,0.0,9477.0,1,ID95190,95180,328,29.1267
95163,336,197,81.66929133858268,20.745168217609162,1397.0000000000005,0.579839468498473,0.7293171033629048,1.4637359038138282,25.704161527099817,17.56065521118017,2.2257291086592614,-0.18821328857560954,-0.505173685911781,1.0,1.0,1.0,1.0,174.0,336.0,0.0,1397.0,21.087411197175335,106,4.655336144365571,Infinity,0.9684575389948011,0.0,1397.0,1,ID95163,95182,332,16.0556
95164,336,200,15.705645161290322,51.649193548387096,1240.0,0.6241908172490536,0.7036867414701168,1.204539539156118,24.06606779548489,19.97947515475101,0.09065229787621165,-3.928831057371809,0.13147053935217048,2.0,2.0,2.0,2.0,158.0,336.0,0.0,1240.0,19.867165345562018,70,4.486898490551812,Infinity,0.9695074276778733,0.0,2480.0,1,ID95164,95183,332,21.7539
95165,336,145,146.334092634776,182.13591495823843,3951.0000000000036,0.6069945999478353,0.9762136327006976,1.0167880450574915,35.896468722971456,35.30378715353777,1.1111719227801924,-0.19279117515008218,0.08931847060503248,3.0,3.0,3.0,3.0,286.0,336.0,0.0,3951.0,35.46325366223689,162,4.550011751078579,Infinity,0.9724341619492994,0.0,11853.0,1,ID95165,95184,332,29.8332
95166,336,174,225.0971902349148,248.22432058959006,2171.0,0.4508161577727174,0.9691609977324263,2.392565509837368,40.871752451416285,17.082814361139267,0.3312422396042338,0.6353382016999947,0.038371947772352075,4.0,4.0,4.0,4.0,246.0,336.0,0.0,2171.0,26.287844394415636,146,5.2796507568430195,Infinity,0.9544954935150582,0.0,8684.0,1,ID95166,95186,332,13.4551
95167,336,310,10.656204379562043,269.75182481751824,1370.0000000000002,0.43913702024467066,0.7334458034584562,2.4004958063297024,33.65150828350821,14.01856574578254,1.5105237723668894,-1.25739456804906,-0.7999290460675968,5.0,5.0,5.0,5.0,198.0,336.0,0.0,1370.0,20.88263738304607,80,5.349397946887161,Infinity,0.952712100139082,0.0,6850.0,1,ID95167,95185,332,57.487
95168,336,266,703.5653869226155,361.5488902219556,3333.9999999999986,0.6011288973294517,1.0,1.0578711363370255,33.37399280058382,31.548259191704854,0.6758696728821055,0.32126059521242234,0.027949892077689498,6.0,6.0,6.0,6.0,264.0,336.0,0.0,3334.0,32.57675798075612,162,4.572156939146421,Infinity,0.9765670767428233,0.0,20004.0,1,ID95168,95187,332,25.0837
95169,336,191,1160.7445255474452,623.5568734793187,3287.999999999999,0.5928349773303051,1.0,1.385678804094218,38.0913416033957,27.489300904977767,1.9446606344505406,0.05172182856757689,-0.016000720787599364,7.0,7.0,7.0,7.0,264.0,336.0,0.0,3288.0,32.35124272377034,152,4.604028702340029,Infinity,0.9753782260456835,0.0,23016.0,1,ID95169,95188,332,11.257
95170,336,293,37.99937067337948,785.5261170547515,1588.9999999999993,0.5649604715430262,1.0,1.3885498264477012,26.68232633635582,19.215966059076667,2.0243056624928095,0.13283254641643544,0.06341361791451065,8.0,8.0,8.0,8.0,188.0,336.0,0.0,1589.0,22.489873479991903,108,4.716240035825064,Infinity,0.9492234169653522,0.0,12712.0,1,ID95170,95189,332,6.3186
95171,336,177,799.0566037735849,825.545183714002,1007.0000000000002,0.5624148981626528,1.0,1.2154486881523736,19.888479583572522,16.363076267584255,0.11545399232801201,-0.37229936120747587,0.3325592493740695,9.0,9.0,9.0,9.0,150.0,336.0,0.0,1007.0,17.903576608797398,92,4.726901187474407,Infinity,0.947764705882353,0.0,9063.0,1,ID95171,95190,332,53.9971
95221,340,197,83.98942172073343,29.540197461212976,1417.9999999999998,0.6165783228775538,0.8944555778223112,1.257241488707978,24.08581128616527,19.157665017018644,-1.4282709173274784,0.578976297562057,-0.09849606011744978,1.0,1.0,1.0,1.0,170.0,340.0,0.0,1418.0,21.245315215562584,90,4.514511939689231,Infinity,0.9685792349726776,0.0,1418.0,1,ID95221,95163,336,9.0959
95222,340,200,18.92,54.68785714285714,1400.0000000000011,0.6384424031101341,0.7202539422486176,1.0817154814487415,22.20144262324806,20.524290355458042,1.79243090247102,-0.02292165205627671,-0.034656729842069876,2.0,2.0,2.0,2.0,166.0,340.0,0.0,1400.0,21.110041228223768,88,4.436536615746243,Infinity,0.9702009702009708,0.0,2800.0,1,ID95222,95164,336,4.4233
95223,340,145,146.8581222056632,176.6128166915052,3354.9999999999973,0.5301565994061539,1.0,1.2837720882121992,36.997653388919005,28.819487297346143,2.393098441076597,-0.6073131860238814,-0.08891345806848609,3.0,3.0,3.0,3.0,282.0,340.0,0.0,3355.0,32.67919319913845,184,4.8685860018313365,Infinity,0.9520431328036313,0.0,10065.0,1,ID95223,95165,336,5.5479
95224,340,174,257.6662100456621,255.61141552511415,2189.9999999999973,0.49411720133306797,1.0,2.2297430834587812,40.01107820052499,17.94425487731965,0.1975887520436882,0.5274125544768256,-0.5576268621600576,4.0,4.0,4.0,4.0,236.0,340.0,0.0,2190.0,26.402625830445363,122,5.043011349414124,Infinity,0.9611586570111902,0.0,8760.0,1,ID95224,95166,336,33.3963
95225,340,310,8.2875,306.71666666666664,960.0000000000005,0.38075103490041695,0.727136431784108,2.8777377622741307,30.49340674972425,10.596311849355882,1.5261967243791281,-0.6717349442516323,-0.18259579615388205,5.0,5.0,5.0,5.0,178.0,340.0,0.0,960.0,17.48077488947327,76,5.744925296874333,Infinity,0.9261939218523882,0.0,4800.0,1,ID95225,95167,336,37.0407
95226,340,266,692.6168044077135,385.8595041322314,3629.999999999994,0.5818357822719863,1.0,1.2489897236245056,38.05436385508942,30.4681160583592,0.19842011267984758,0.44635173765426195,-0.30217107314644065,6.0,6.0,6.0,6.0,280.0,340.0,0.0,3630.0,33.992129778040656,166,4.647342912165049,Infinity,0.9735818693844697,0.0,21780.0,1,ID95226,95168,336,26.6623
95227,340,191,1156.4505216566552,644.3335441036991,3162.999999999999,0.6064976540102852,1.0,1.3450145390224633,36.915126705469156,27.44589417769307,-1.44639990336857,-0.008086456212055644,0.0524258394722358,7.0,7.0,7.0,7.0,256.0,340.0,0.0,3163.0,31.730335169980947,144,4.551875440788556,Infinity,0.9765359678913242,0.0,22141.0,1,ID95227,95169,336,21.2158
95228,340,293,46.09684947491249,786.4603267211202,1714.0000000000011,0.5722914027264224,1.0,1.389746662976031,27.754882797206985,19.971181465384582,2.248979544880436,-0.07363485593005735,-0.495040394647429,8.0,8.0,8.0,8.0,194.0,340.0,0.0,1714.0,23.3577213126413,112,4.6859356588447865,Infinity,0.9594178561432977,0.0,13712.0,1,ID95228,95170,336,8.1512
95229,340,177,824.3508488278092,857.1705739692806,1236.9999999999995,0.607210955076652,1.0,1.2909495448200505,23.20172278210766,17.972602318351505,0.5369908683729405,-0.14437422423588378,1.0900446807438267,9.0,9.0,9.0,9.0,160.0,340.0,0.0,1237.0,19.84311793064157,88,4.549201072289469,Infinity,0.9667838999609218,0.0,11133.0,1,ID95229,95171,336,40.4965
95230,340,202,13.763313609467456,517.0420775805392,1520.9999999999993,0.5294584405662132,0.734321550741163,1.5021408030290002,30.22130039701551,20.11881997751183,1.5122699438920366,-2.8700647691670174,0.2393629160720258,10.0,10.0,10.0,10.0,190.0,340.0,0.0,1521.0,22.003393758362492,76,4.871794871794872,Infinity,0.9530075187969921,0.0,15210.0,1,ID95230,,,
95247,344,197,87.94081632653061,26.59387755102041,1470.0000000000007,0.5701408889848146,0.8193069306930694,1.3795589358005564,25.358784571337935,18.38180588973697,2.0299963399804097,-0.04727901889618464,-0.054345434790732734,1.0,1.0,1.0,1.0,180.0,344.0,0.0,1470.0,21.631355313298624,112,4.694764778615709,Infinity,0.9629872256796597,0.0,1470.0,1,ID95247,95221,340,4.9289
95250,344,200,15.788326848249028,51.84591439688716,1285.0000000000007,0.6468429033588986,0.7083979614447152,1.1213805461425161,22.361945431174295,19.941442276752603,1.3563775976136303,-1.3879521659082965,-0.28683389991520936,2.0,2.0,2.0,2.0,158.0,344.0,0.0,1285.0,20.22444569688305,74,4.407633985948197,Infinity,0.9731162438470281,0.0,2570.0,1,ID95250,95222,340,4.2289
95253,344,145,156.82735849056604,162.20723270440251,3180.0000000000005,0.5733622955931786,1.0,1.2280756951018703,35.27581514787352,28.724463230214287,2.3455291638893287,-0.2701538266899235,-0.40108498120370295,3.0,3.0,3.0,3.0,264.0,344.0,0.0,3180.0,31.81549053628522,166,4.681557554070596,Infinity,0.9718826405867971,0.0,9540.0,1,ID95253,95223,340,17.5187
95255,344,174,225.6992337164751,250.46695402298852,2088.0,0.5137164586651647,1.0,2.0392532457561985,36.76489476454542,18.028606717216338,0.18916902051393292,0.03780044554817285,-0.42426365043628755,4.0,4.0,4.0,4.0,226.0,344.0,0.0,2088.0,25.780439141949365,116,4.945875637716216,Infinity,0.9646569646569647,0.0,8352.0,1,ID95255,95224,340,32.3783
95259,344,266,659.3439045679371,388.86092522548734,3436.999999999998,0.5924638655905686,1.0,1.1431041782464157,35.29058109156122,30.872585161659458,0.22607123672628698,0.33666470242985563,-0.1769164832712027,5.0,5.0,5.0,5.0,270.0,344.0,0.0,3437.0,33.07614062755339,162,4.605470428765739,Infinity,0.975450546331772,0.0,17185.0,1,ID95259,95226,340,33.408
95269,344,203,479.88768267223384,435.8989561586639,2395.0000000000014,0.6332896562029762,1.0,1.186963216339606,30.74576361019562,25.90287819112909,-1.3123988452302293,-0.42141156049060924,0.8028900556352732,6.0,6.0,6.0,6.0,218.0,344.0,0.0,2395.0,27.61072576753786,108,4.454548940470629,Infinity,0.970224832894471,0.0,14370.0,1,ID95269,,,
95276,344,191,1137.5345522156802,670.90920359467,3227.0000000000014,0.5907534230600937,1.0,1.2885587593481238,36.31711592292614,28.184291682048563,2.2219193807484503,0.17776662071006297,0.01611485274144739,7.0,7.0,7.0,7.0,262.0,344.0,0.0,3227.0,32.04974263102737,160,4.612132852087549,Infinity,0.9753664802780719,0.0,22589.0,1,ID95276,95227,340,32.6202
95285,344,293,41.607294317217985,787.9041560644614,1179.0000000000005,0.5376597094763198,0.829850832063921,1.2541402382273283,21.787308523639112,17.372306429171356,-1.5596288866880577,0.2551260531461772,0.559948515197227,9.0,9.0,9.0,9.0,166.0,344.0,0.0,1179.0,19.37233480535295,98,4.834495780191076,Infinity,0.9196567862714512,0.0,10611.0,1,ID95285,95228,340,4.716
95286,344,177,826.5896624472574,865.2478902953586,948.0000000000007,0.5745042121148005,1.0,1.2600800037972562,19.83790085725641,15.743366133479476,0.3983497051163625,-0.2091385735276677,0.5846669222913216,10.0,10.0,10.0,10.0,144.0,344.0,0.0,948.0,17.371176474327633,86,4.676902577723741,Infinity,0.956127080181544,0.0,9480.0,1,ID95286,95229,340,8.3818
107598,344,310,8.737735849056603,285.8698113207547,232.3521955581855,0.9999999999999999,0.04761428345324841,1.0,8.60000005364418,8.60000005364418,0.0,0.0,0.0,15824.0,13117.054151624548,13136.0,10656.0,54.03539397880077,344.0,0.0,-1.0,8.60000005364418,,3.544907701811032,1.2548608934636982,1.0,950.1814856924067,3633424.0,1,ID107598,95225,340,20.8517
107712,344,202,3.5,520.8333333333334,232.3521955581855,0.9999999999999999,0.0715612916730517,1.0,8.60000005364418,8.60000005364418,0.0,0.0,0.0,40432.0,17184.1119133574,15776.0,5780.0,54.03539397880077,344.0,0.0,-1.0,8.60000005364418,,3.544907701811032,0.3701484321837767,1.0,6200.722955024378,4759999.0,1,ID107712,95230,340,10.9412
95360,348,197,96.768345323741,8.532374100719425,694.9999999999998,0.48639048657716766,0.701346389228886,1.7279701828252036,28.018973806912985,16.214963710254775,-0.6747388398671117,5.189412034282406,-9.654195657058606,1.0,1.0,1.0,1.0,134.0,348.0,0.0,695.0,14.873646859386385,66,5.082909720132908,Infinity,0.9573002754820932,0.0,695.0,1,ID95360,95247,344,20.1033
95361,348,200,55.0113708149084,49.63360707517372,1582.9999999999995,0.6005483843295062,-0.01717715231788082,1.2640449272475895,25.406635976199784,20.099472280247017,0.5698461411088003,-4.016554610917022E-4,-0.07998074686811778,2.0,2.0,2.0,2.0,182.0,348.0,0.0,1583.0,22.44737289370274,104,4.574366216124009,-Infinity,0.9643618641486442,0.0,3166.0,1,ID95361,95250,344,39.2854
95362,348,145,182.63574915508823,157.48629365377394,2663.0000000000005,0.5809764747576126,0.7342885053728427,1.3177122484713981,33.48113661769143,25.40853411397744,2.1412109732014715,-0.3338737472000911,-0.3541522601851347,3.0,3.0,3.0,3.0,240.0,348.0,0.0,2663.0,29.114587871158932,144,4.650778525551273,Infinity,0.9704810495626821,0.0,7989.0,1,ID95362,95253,344,26.2366
95363,348,174,157.03634894991922,217.87681744749597,2476.0000000000014,0.5226137738704872,0.993157576977259,2.094512311651056,40.754406744452325,19.45770694101414,0.1872326051776712,-0.3357153828531456,-0.32471013041190266,4.0,4.0,4.0,4.0,244.0,348.0,0.0,2476.0,28.0737471348423,130,4.903594013454657,Infinity,0.9664324746291965,0.0,9904.0,1,ID95363,95255,344,76.0047
95364,348,266,650.3289724720632,384.0708639956391,3669.0000000000023,0.5797748325547487,1.0,1.2903471013814338,38.68607300023501,29.981136826531447,1.098837897390377,0.16672206464821068,-0.0584768346988679,5.0,5.0,5.0,5.0,282.0,348.0,0.0,3669.0,34.1742442843778,178,4.655595636190788,Infinity,0.9763171899946786,0.0,18345.0,1,ID95364,95259,344,10.2085
95365,348,203,472.77996219281664,442.9077504725898,2644.999999999999,0.5867885437995198,1.0,1.0983811355375745,30.83609923041753,28.074134043940578,-1.159789099778055,-0.364441199490605,0.2567613362490244,6.0,6.0,6.0,6.0,238.0,348.0,0.0,2645.0,29.016024003231834,124,4.627688509956087,Infinity,0.9548736462093858,0.0,15870.0,1,ID95365,95269,344,9.9821
95366,348,191,1128.198016997167,690.928611898017,3530.0000000000036,0.5908584403629379,1.0,1.3953264340587768,39.53799512201991,28.336018122304424,1.8738856649585893,0.07259078581003205,-0.13103181910628564,7.0,7.0,7.0,7.0,274.0,348.0,0.0,3530.0,33.52064883364853,162,4.6117229609501935,Infinity,0.9774331995015929,0.0,24710.0,1,ID95366,95276,344,22.0895
95367,348,293,52.90810222947254,778.8031538879826,1839.000000000001,0.5553045838092687,0.9496421945401538,1.4071845616301735,28.83333273420549,20.49008603448797,2.2769131794395814,-0.22637150726207717,-0.3775266640829681,8.0,8.0,8.0,8.0,204.0,348.0,0.0,1839.0,24.194459710685653,122,4.757067379062402,Infinity,0.9580619953112796,0.0,14712.0,1,ID95367,95285,344,14.5099
95369,348,177,841.6985018726592,884.5084269662922,1067.9999999999995,0.5376095103403137,0.8015181332583637,1.487665331439353,22.60235616115219,15.19317260642476,0.7321073872232923,-0.24168761024050459,0.12798468737837665,9.0,9.0,9.0,9.0,158.0,348.0,0.0,1068.0,18.437867513470433,98,4.834721484760627,Infinity,0.9539973202322459,0.0,9612.0,1,ID95369,95286,344,24.4795
95374,348,202,22.901297679905625,488.7880456154149,2543.000000000001,0.29703562306955855,0.7260180995475112,3.227170230250971,53.690397245407226,16.636989503101553,2.0763164098796048,-3.0938049904210514,4.603729056132097,11.0,11.0,11.0,11.0,328.0,348.0,0.0,2543.0,28.451046387881412,166,6.504301489680429,Infinity,0.8236437246963563,0.0,27973.0,1,ID95374,107712,344,37.4608
107503,348,312,10.277358490566037,33.37169811320754,232.3521955581855,0.9999999999999999,-0.07011985833377406,1.0,8.60000005364418,8.60000005364418,0.0,0.0,0.0,14480.0,11792.115523465704,11696.0,9872.0,54.03539397880077,348.0,0.0,-1.0,8.60000005364418,,3.544907701811032,-2.0307695893278006,1.0,875.739878292671,3266416.0,1,ID107503,,,
95368,352,197,99.20316205533597,17.574703557312255,1265.0000000000005,0.5910343109445404,0.7040862146385273,1.6721303368449858,28.801648299766256,17.224523510595397,-1.1191809905185852,1.2145654325724153,-4.5179427827261085,1.0,1.0,1.0,1.0,164.0,352.0,0.0,1265.0,20.06643979440537,82,4.611036768347373,Infinity,0.9663865546218493,0.0,1265.0,1,ID95368,95360,348,9.3644
95370,352,200,43.66932515337423,69.19693251533742,1630.0000000000018,0.5795378027785614,-0.1902968083785238,1.5194257602091736,28.159650917268056,18.533087732691477,1.209993827393023,0.04644648851463774,0.03652357869610913,2.0,2.0,2.0,2.0,188.0,352.0,0.0,1630.0,22.778171886250647,106,4.656547603409855,-Infinity,0.9653538643766667,0.0,3260.0,1,ID95370,95361,348,22.6134
95372,352,145,190.43643552311437,167.70346715328466,3288.0,0.5752704747718445,0.827343460540941,1.166268291342418,35.23579808034634,30.212429114220907,-0.08698007403939677,0.24597311881204922,0.22549346333961737,3.0,3.0,3.0,3.0,268.0,352.0,0.0,3288.0,32.35124272377035,146,4.673786712981544,Infinity,0.9630931458699475,0.0,9864.0,1,ID95372,95362,348,12.8546
95373,352,174,132.12139917695472,217.15884773662552,2429.9999999999995,0.5390911763451166,0.9101896433133536,1.7098027631181438,36.9433430112983,21.60678635465838,3.093658701695248,0.17881027699441457,-0.9694317386483855,4.0,4.0,4.0,4.0,238.0,352.0,0.0,2430.0,27.81174254566965,120,4.828072914304798,Infinity,0.9574468085106382,0.0,9720.0,1,ID95373,95363,348,24.9253
95375,352,266,639.6548042704626,388.47686832740214,3653.000000000001,0.5939774319943852,1.0,1.4429846853638773,41.288440030642505,28.613221227798967,1.3672821984447316,-0.40998127896943504,0.06923139455575601,5.0,5.0,5.0,5.0,278.0,352.0,0.0,3653.0,34.09964830067002,152,4.599598882760161,Infinity,0.9732249900093248,0.0,18265.0,1,ID95375,95364,348,11.5478
95376,352,203,470.1967213114754,442.96289905090595,2317.999999999999,0.6129291954398736,1.0,1.132059552507453,28.94987659238654,25.57275059272639,1.1629270573181776,-0.014091892114082611,-0.059591182790262015,6.0,6.0,6.0,6.0,218.0,352.0,0.0,2318.0,27.16325304844813,126,4.527930767130178,Infinity,0.9729275970619092,0.0,13908.0,1,ID95376,95365,348,2.5838
95378,352,202,13.51039501039501,518.1590436590436,962.0000000000001,0.6347851570580512,0.7016509433962265,1.1293982803621498,19.5744107768247,17.331716469895827,-1.0475870464348864,-1.4705454604994606,-0.04628594891664187,7.0,7.0,7.0,7.0,138.0,352.0,0.0,962.0,17.498974555922032,64,4.449298573512211,Infinity,0.9644110275689224,0.0,6734.0,1,ID95378,95374,348,30.8358
95379,352,191,1112.3188874514876,747.6636481241915,3092.0000000000027,0.6118546538737496,1.0,1.1175071852574991,33.16639889456762,29.678913327904308,-1.1979535735192939,-0.02059606918915105,-0.02206300632142369,8.0,8.0,8.0,8.0,252.0,352.0,0.0,3092.0,31.372187811504023,150,4.531905007973318,Infinity,0.9761641673243892,0.0,24736.0,1,ID95379,95366,348,58.9153
95380,352,293,58.43336886993603,789.7308102345415,1876.0000000000007,0.5664771067026579,0.903745325390412,1.414706542419367,29.1851910598416,20.629855157049327,2.2394132905763025,-0.22400080318031607,-0.19504701143293218,9.0,9.0,9.0,9.0,204.0,352.0,0.0,1876.0,24.436639426909576,114,4.709922384704022,Infinity,0.9608194622279133,0.0,16884.0,1,ID95380,95367,348,12.2451
95381,352,177,849.1996105160662,885.3748782862707,1026.9999999999998,0.5169709429957886,0.790238233585125,1.708374292392019,23.640719874986473,13.838138387042445,0.7345983577823799,-0.3502672850180447,-0.05628889506561902,10.0,10.0,10.0,10.0,158.0,352.0,0.0,1027.0,18.080493718666894,102,4.930283187372944,Infinity,0.9566837447601302,0.0,10270.0,1,ID95381,95369,348,7.551
95382,352,312,12.797403801576264,68.15113583681038,2157.0,0.388912726916505,0.6536223298602643,2.6945711938274965,47.91559800696826,17.782272042664673,1.4010367027224315,-0.6555232854767993,-0.6756645887934892,11.0,11.0,11.0,11.0,264.0,352.0,0.0,2157.0,26.202946866687277,96,5.684324393527202,Infinity,0.8621103117505995,0.0,23727.0,1,ID95382,107503,348,34.8706
95385,356,197,110.26821938392186,17.667167543200602,1330.9999999999998,0.6218708836894726,0.7064102564102565,1.4476081362408986,26.39582963406711,18.234098699259135,2.1406014568374587,0.5169923088789292,-2.6798361064115563,1.0,1.0,1.0,1.0,164.0,356.0,0.0,1331.0,20.58325675180255,82,4.495260046432113,Infinity,0.9747345294763821,0.0,1331.0,1,ID95385,95368,352,11.0654
95386,356,200,43.08270106221548,78.20182094081942,1318.000000000001,0.6010479194993976,-0.12705596644221215,1.110156779844228,21.540741448455805,19.403332790057185,1.0283316960835784,-0.11801063792163181,-0.16073857117224444,2.0,2.0,2.0,2.0,166.0,356.0,0.0,1318.0,20.48249081508976,102,4.572464926967288,-Infinity,0.9659215829974356,0.0,2636.0,1,ID95386,95370,352,9.024
95387,356,145,177.4350509102129,157.03023758099351,3241.000000000002,0.602479395874824,1.0,1.2875353094845732,36.69845846647154,28.5028753744724,2.9565812584189963,-0.1091402121495578,0.21199271588932003,3.0,3.0,3.0,3.0,260.0,356.0,0.0,3241.0,32.11918960873182,144,4.567029663866057,Infinity,0.9721055788842237,0.0,9723.0,1,ID95387,95372,352,16.8212
95388,356,174,187.3539644012945,232.38025889967636,2472.0000000000005,0.5393067388662479,1.0,1.842118134936466,38.68300610562943,20.999199438945645,0.003168836926898294,-0.006241037756915618,-1.0214042137388288,4.0,4.0,4.0,4.0,240.0,356.0,0.0,2472.0,28.05106127486678,122,4.827107920254777,Infinity,0.9736116581331234,0.0,9888.0,1,ID95388,95373,352,57.2916
95389,356,266,614.1332927571516,347.68198417528913,3285.9999999999977,0.6108445834139676,1.0,1.3503488426155785,37.789157423184996,27.98473715131915,1.6250350881727051,-0.25505822859694793,0.27863271918364746,5.0,5.0,5.0,5.0,260.0,356.0,0.0,3286.0,32.341402041345326,142,4.535650357238338,Infinity,0.9771037763901271,0.0,16430.0,1,ID95389,95375,352,48.1204
95390,356,202,48.13318934485241,450.09071274298054,1388.9999999999993,0.590004353141728,1.0,1.3797756031672994,24.72493825084121,17.919535752106846,1.9453461068934705,0.19194612791081841,0.08096968489216087,6.0,6.0,6.0,6.0,172.0,356.0,0.0,1389.0,21.02694537752179,102,4.6150597068631924,Infinity,0.9679442508710797,0.0,8334.0,1,ID95390,95378,352,76.3678
95391,356,203,467.0161439114391,453.44326568265683,2167.999999999999,0.5948967484481325,1.0,1.2309848881182504,29.092094763654117,23.633185950906235,1.3959432904361115,0.025079913004463345,-0.34866317607575353,7.0,7.0,7.0,7.0,214.0,356.0,0.0,2168.0,26.269675164464022,126,4.5960435415868695,Infinity,0.9706738303111708,0.0,15176.0,1,ID95391,95376,352,10.9524
95392,356,293,60.730010384215994,773.9667705088266,1925.9999999999986,0.5703372090502344,1.0,1.3982601551888225,29.611383856326427,21.177306487953004,2.338692392665612,-0.20522223351014354,-0.7671577404462299,8.0,8.0,8.0,8.0,206.0,356.0,0.0,1926.0,24.76014621907513,120,4.693956698902689,Infinity,0.9598803887366053,0.0,15408.0,1,ID95392,95380,352,15.9305
95393,356,191,877.2814516129032,864.2932795698924,3719.999999999998,0.571505925539343,0.36241556116220397,1.3330534901629105,40.030502676150014,30.02917960273143,1.175908542811634,-0.5312092574007925,-0.3068379080829854,9.0,9.0,9.0,9.0,286.0,356.0,0.0,3720.0,34.4109397808851,164,4.689154725855265,Infinity,0.964480165932071,0.0,33480.0,1,ID95393,95379,352,262.3834
95394,356,312,13.331811958010041,53.37471474212688,2190.999999999998,0.4072916866281202,0.63474930362117,2.9698183072222375,47.57172565474699,16.0183959870738,1.6887394682618175,0.8158734569200743,-2.1424371591048432,10.0,10.0,10.0,10.0,260.0,356.0,0.0,2191.0,26.408653139239888,102,5.554591934279869,Infinity,0.8711729622266393,0.0,21910.0,1,ID95394,95382,352,14.7861
95396,356,177,831.2896174863388,863.3009367681499,2562.000000000002,0.3350160407282854,0.43335353629539836,3.5013000382269737,57.12404121448908,16.315094562251847,1.118737969315517,2.3834294730635373,6.086470993779545,12.0,12.0,12.0,12.0,310.0,356.0,0.0,2562.0,28.55713445713474,168,6.124521042625395,Infinity,0.8437345628190357,0.0,30744.0,1,ID95396,95381,352,28.4258
95467,360,197,116.33134813210611,21.7796426637791,1847.0,0.6041775959163211,0.719205708966801,1.3590913120972248,28.62272447279108,21.060192363839867,2.4350696750783114,0.025474311967016734,-0.5707225245680637,1.0,1.0,1.0,1.0,196.0,360.0,0.0,1847.0,24.247027854594084,108,4.56060672831736,Infinity,0.9703178355660628,0.0,1847.0,1,ID95467,95385,356,7.3263
95468,360,312,12.554112554112555,53.85425685425685,693.0000000000001,0.670090399796161,0.7339449541284403,1.041165752760587,16.020270356161657,15.386858733765392,-1.3137985541901709,-1.35173257538609,0.016714098636579286,2.0,2.0,2.0,2.0,114.0,360.0,0.0,693.0,14.852230510107463,50,4.3305019054662415,Infinity,0.9699090272918126,0.0,1386.0,1,ID95468,95394,356,0.9137
95469,360,200,49.34082668600435,94.85714285714286,1379.000000000001,0.628865767063482,0.9903776762088045,1.052988853606877,21.692859204043913,20.601223963328607,1.21167758063399,0.0693111900639134,-0.2108451628113394,3.0,3.0,3.0,3.0,166.0,360.0,0.0,1379.0,20.95111770401397,92,4.470189714555627,Infinity,0.9690794096978222,0.0,4137.0,1,ID95469,95386,356,17.7922
95470,360,145,180.20303448275862,149.8433103448276,3625.000000000003,0.5979979715008932,1.0,1.280797661437691,38.85437894438753,30.336078925045523,-0.2898765975801179,0.02531924859842871,0.27099136512043626,4.0,4.0,4.0,4.0,276.0,360.0,0.0,3625.0,33.96871115329874,146,4.584110487926444,Infinity,0.9634551495016621,0.0,14500.0,1,ID95470,95387,356,7.7015
95471,360,174,303.62186559679037,279.33851554663994,1994.0000000000002,0.48202029480286607,1.0,2.6281395307083573,41.699597544854036,15.866584348972836,0.002748784079801947,-0.43190727094031145,-0.05456106913369353,5.0,5.0,5.0,5.0,228.0,360.0,0.0,1994.0,25.193449804472564,102,5.105899590855238,Infinity,0.9255047574843352,0.0,9970.0,1,ID95471,95388,356,125.3926
95472,360,266,595.5108359133127,349.07261469180975,3553.0000000000023,0.5614445298629115,1.0,1.5202804492168378,41.50573843348344,27.301369595895835,2.0214441649804784,0.07127964148718853,0.08105719513487061,6.0,6.0,6.0,6.0,282.0,360.0,0.0,3553.0,33.629674777062725,168,4.730984275500135,Infinity,0.970234844347352,0.0,21318.0,1,ID95472,95389,356,18.6743
95473,360,202,77.38778625954198,442.9526717557252,1310.0000000000002,0.5437292081123833,1.0,1.6850253593806734,26.44851843885331,15.69621388284292,2.0054858386955394,-0.0021329176449941026,0.15137113809192257,7.0,7.0,7.0,7.0,174.0,360.0,0.0,1310.0,20.420233860089994,104,4.807436986761178,Infinity,0.9597069597069599,0.0,9170.0,1,ID95473,95390,356,30.1128
95474,360,203,461.971386647102,458.0223771093177,2726.0000000000005,0.5569707058848711,1.0,1.2638119533813055,33.580980482555326,26.571184417673873,-1.3028923141844666,-0.42388026160535586,0.5034963435292987,8.0,8.0,8.0,8.0,248.0,360.0,0.0,2726.0,29.45696436731072,136,4.749946904750169,Infinity,0.9426002766251731,0.0,21808.0,1,ID95474,95391,356,6.8131
95475,360,293,61.205607476635514,778.6748647319233,2033.0000000000005,0.6020226095530258,1.0,1.2689826367178894,28.827468360835248,22.716991964046827,2.5501256301395294,-0.23322303550857607,-0.5216432714039249,9.0,9.0,9.0,9.0,206.0,360.0,0.0,2033.0,25.43863201140436,112,4.568761958533541,Infinity,0.9621391386654049,0.0,18297.0,1,ID95475,95392,356,4.7321
95476,360,191,872.8274509803922,894.5892156862745,1020.0,0.37049653216112716,0.7322388904613643,2.866501663412952,31.71587314498539,11.06431353234361,0.016466457849823483,-0.021423596699920153,1.229027003366104,10.0,10.0,10.0,10.0,186.0,360.0,0.0,1020.0,18.01877032173579,82,5.82388590709189,Infinity,0.9268514311676511,0.0,10200.0,1,ID95476,95393,356,30.6216
95521,364,197,102.78055555555555,25.791666666666668,1799.9999999999998,0.5654866776461627,0.7827665896335424,1.3650072968503197,27.857900443153248,20.40860917552151,2.343466441279,-0.06713298864753785,-0.12035509475424683,1.0,1.0,1.0,1.0,200.0,364.0,0.0,1800.0,23.93653682408596,128,4.714045207910317,Infinity,0.9661835748792268,0.0,1800.0,1,ID95521,95467,360,14.1322
95522,364,312,10.267015706806284,51.34205933682374,572.9999999999999,0.6408446388419192,0.7002967359050445,1.22991319135877,15.41206317431096,12.531017052743527,-1.2949616631719716,-0.6877455148776975,0.0574311325574074,2.0,2.0,2.0,2.0,106.0,364.0,0.0,573.0,13.505242122350566,50,4.428213527330183,Infinity,0.9630252100840332,0.0,1146.0,1,ID95522,95468,360,3.3973
95523,364,200,47.33433283358321,97.13418290854572,1333.999999999999,0.6387569882470326,1.0,1.0806705028135488,21.628601415721267,20.014057346259328,1.347586262982493,-0.38340508683804214,-0.1915384445296834,3.0,3.0,3.0,3.0,162.0,364.0,0.0,1334.0,20.606440453634306,86,4.43544399336649,Infinity,0.9712413542045861,0.0,4002.0,1,ID95523,95469,360,3.035
95524,364,145,193.11558032469105,138.05573055488247,4127.0,0.6082451154703076,1.0,1.2291610693286352,41.190155960037345,33.51078795762325,3.018626110345715,0.937417850112974,0.21939535852687403,4.0,4.0,4.0,4.0,292.0,364.0,0.0,4127.0,36.24451545103761,138,4.545332068751068,Infinity,0.9592097617664147,0.0,16508.0,1,ID95524,95470,360,17.4837
95525,364,174,212.57156308851225,252.25564971751413,2124.000000000001,0.48745290351557624,1.0,2.0923528043325637,38.11217112850095,18.214983175678295,-0.0034957761881486155,0.05742122751621903,-0.24975820922159167,5.0,5.0,5.0,5.0,234.0,364.0,0.0,2124.0,26.00173452395766,122,5.07736752825213,Infinity,0.9531074713933143,0.0,10620.0,1,ID95525,95471,360,94.9928
95526,364,266,584.0663137364169,323.4667038172193,3589.0000000000027,0.5671332444914128,1.0,1.4655046379823824,40.96453732502542,27.952512918296115,2.0314443720482833,0.4644320631917618,0.4791912872440599,6.0,6.0,6.0,6.0,282.0,364.0,0.0,3589.0,33.799618067570314,166,4.707197053008128,Infinity,0.9672550869155105,0.0,21534.0,1,ID95526,95472,360,28.0471
95527,364,202,114.4524456521739,433.07880434782606,1472.0000000000007,0.6252601928183041,1.0,1.4666089765900219,26.534433782194746,18.09237104486387,1.7473853701829996,-0.10502552586706543,-0.18163962281808982,7.0,7.0,7.0,7.0,172.0,364.0,0.0,1472.0,21.646065519224045,84,4.483059902227106,Infinity,0.969058591178407,0.0,10304.0,1,ID95527,95473,360,38.3573
95528,364,203,446.5335365853659,481.9256859756098,2623.999999999999,0.5538524000953785,1.0,1.4681998400008416,35.569939347697655,24.22690588746915,1.7356684938201663,-0.639167459537098,0.3938138156926005,8.0,8.0,8.0,8.0,244.0,364.0,0.0,2624.0,28.900607975374264,126,4.763299737602486,Infinity,0.9394915861081271,0.0,20992.0,1,ID95528,95474,360,28.4551
95529,364,293,58.158531124048366,768.2987012987013,2233.0000000000005,0.5797666442533892,1.0,1.3064134386801158,30.95326181782654,23.693312470131175,0.18223917738133752,-0.09351138468349939,0.9115669746809487,9.0,9.0,9.0,9.0,220.0,364.0,0.0,2233.0,26.66056968349335,124,4.655628512595333,Infinity,0.9637462235649551,0.0,20097.0,1,ID95529,95475,360,10.8143
95531,364,304,895.707381370826,891.9050966608085,1138.0,0.47233880826861996,0.48778796822692794,1.716126768154906,25.383614203192625,14.791223279200885,0.03313473249229378,-0.08175782824172513,0.6106573369082665,11.0,11.0,11.0,11.0,174.0,364.0,0.0,1138.0,19.0325156108475,90,5.157961750540145,Infinity,0.9393314073462647,0.0,12518.0,1,ID95531,,,
95532,364,219,22.01959991917559,274.9434229137199,4949.0,0.4174002534998493,0.6931235032500855,1.4868394415097739,70.91572415781413,47.695616741108594,2.201451299083162,-25.590917266573914,10.0606228393392,12.0,12.0,12.0,12.0,386.0,364.0,0.0,4949.0,39.69024598970861,186,5.4869193631579405,Infinity,0.9381990521327013,0.0,59388.0,1,ID95532,,,
95558,368,197,94.37395833333333,22.822395833333335,1919.9999999999993,0.6410732165896907,0.7135207496653279,1.144423933021887,26.84051683895622,23.453299135472463,2.240716799274505,-0.13902468352305736,-0.4593531971965163,1.0,1.0,1.0,1.0,194.0,368.0,0.0,1920.0,24.72154892948413,102,4.427424006500093,Infinity,0.9753619507239009,0.0,1920.0,1,ID95558,95521,364,8.9156
95559,368,200,49.159744408945684,87.52476038338658,1252.0000000000007,0.5994930654312488,-0.038771593090211096,1.0675403080664219,20.869537754898978,19.549180107961305,1.8112955386475307,-0.05349085530956679,0.25626417713894106,2.0,2.0,2.0,2.0,162.0,368.0,0.0,1252.0,19.96306533331257,90,4.578390693448193,-Infinity,0.960122699386504,0.0,2504.0,1,ID95559,95523,364,9.7813
95560,368,145,189.47555778390574,127.83655051391327,3989.0000000000036,0.5644706587617538,1.0,1.2565418494807585,39.74509258016089,31.630536298162117,-0.9412971702685745,0.05212847932397205,0.03663725618897769,3.0,3.0,3.0,3.0,298.0,368.0,0.0,3989.0,35.63338513230454,186,4.718285823055563,Infinity,0.9703235222573594,0.0,11967.0,1,ID95560,95524,364,10.8481
95561,368,174,133.1439756415833,233.14310569812963,2298.9999999999995,0.4852540654799068,1.0,2.1205682013891773,39.435101704568375,18.596478848798434,0.15595185007275367,-0.31987836920411045,-0.1862717827271766,4.0,4.0,4.0,4.0,244.0,368.0,0.0,2299.0,27.051699176512642,134,5.088858096765189,Infinity,0.9571190674437965,0.0,9196.0,1,ID95561,95525,364,81.6947
95562,368,219,14.748629600626469,292.7212216131558,1277.0000000000005,0.530032212793522,0.7425517398226061,1.5746953628156761,25.455958822921627,16.16564030353428,1.7927456206386978,-0.18507149697100528,0.016238687222062936,5.0,5.0,5.0,5.0,174.0,368.0,0.0,1277.0,20.161391932520456,98,4.869157242013752,Infinity,0.9536967886482451,0.0,6385.0,1,ID95562,95532,364,19.2072
95563,368,266,575.3955747436589,306.16459794927147,3706.000000000003,0.5461973341247788,1.0,1.3799889804697283,40.32536118681984,29.221509560963067,2.421922352755792,0.04544742540233452,-0.008973966825545356,6.0,6.0,6.0,6.0,292.0,368.0,0.0,3706.0,34.34612697520827,178,4.796562899649789,Infinity,0.949161224228455,0.0,22236.0,1,ID95563,95526,364,19.3532
95564,368,202,114.03552631578947,429.98815789473684,1519.999999999999,0.6308919055960474,1.0,1.4924397258370026,27.42404153187321,18.37530927186559,1.5997297376793806,-0.34544134860412007,-0.008912488864272327,7.0,7.0,7.0,7.0,174.0,368.0,0.0,1520.0,21.996159369293576,80,4.463005831570421,Infinity,0.9731113956466062,0.0,10640.0,1,ID95564,95527,364,3.1186
95565,368,203,442.67147379528666,481.5188181498417,2843.000000000001,0.580875904926885,1.0,1.1970235257614186,32.84702298719296,27.44058264544065,1.3288346955935906,0.055709173912337505,0.02340441717440656,8.0,8.0,8.0,8.0,248.0,368.0,0.0,2843.0,30.082470085093032,144,4.65118111391985,Infinity,0.9624238320920787,0.0,22744.0,1,ID95565,95528,364,3.8834
95566,368,293,47.098468271334795,766.835886214442,2285.000000000001,0.5722687510724395,1.0,1.327084530525393,31.219042907314716,23.524532303119447,0.4099200747893412,-0.3318885816211197,0.7758174806322227,9.0,9.0,9.0,9.0,224.0,368.0,0.0,2285.0,26.969206327401665,134,4.6860283977394035,Infinity,0.9631190727081141,0.0,20565.0,1,ID95566,95529,364,11.1564
95567,368,304,894.1445261791432,886.1008221549113,2311.000000000001,0.45730792532413794,0.7173643794897202,1.8056413955623385,37.125136862180426,20.560636765097197,0.19351710518262677,0.8330033460632906,1.322937540056182,10.0,10.0,10.0,10.0,252.0,368.0,0.0,2311.0,27.122207634533375,132,5.2420428664888306,Infinity,0.9484916888980095,0.0,23110.0,1,ID95567,95531,364,6.011
95568,368,312,14.047127468581687,64.53276481149013,2227.999999999998,0.3956961067441943,0.6742915048902958,2.0174144947249717,39.17569906729978,19.418765538630915,1.5228885738425213,0.34375796137353926,0.5195110470022462,11.0,11.0,11.0,11.0,266.0,368.0,0.0,2228.0,26.630704579816978,132,5.635390861473578,Infinity,0.8790688498717688,0.0,24508.0,1,ID95568,95522,364,13.7217
95681,372,197,86.39788359788359,22.64074074074074,1890.0000000000011,0.5937610115284713,0.7262901507078703,1.271893904901546,27.806000537115285,21.861886773698842,2.475690778902401,-0.0590648752646327,-0.22103176443768272,1.0,1.0,1.0,1.0,200.0,372.0,0.0,1890.0,24.527651434398784,118,4.60043706228236,Infinity,0.9677419354838717,0.0,1890.0,1,ID95681,95558,368,7.9781
95682,372,312,10.237947122861586,57.099533437013996,643.0,0.6004887265928173,0.6965699208443271,1.185805297247139,17.74067527032989,14.960866941238228,2.613931688852457,-3.575430690069651,0.533651246222304,2.0,2.0,2.0,2.0,116.0,372.0,0.0,643.0,14.306406146065385,56,4.574593439005574,Infinity,0.9632958801498129,0.0,1286.0,1,ID95682,95568,368,8.3524
95683,372,200,59.42292490118577,90.00790513833992,1518.0000000000007,0.6158235599366358,1.0,1.0620206148388485,22.81784559965181,21.485313261187684,-1.134691725884915,-0.1652163593493916,-0.19519321150768448,3.0,3.0,3.0,3.0,176.0,372.0,0.0,1518.0,21.981683448430296,100,4.517277620586238,Infinity,0.969658256148196,0.0,4554.0,1,ID95683,95559,368,10.5593
95684,372,145,209.4348496530455,133.26522744795682,3891.0000000000027,0.5814000958438951,0.8954675543467229,1.3136950583508658,41.16823577039012,31.337741212234032,1.612351669623818,0.5862600621560411,-0.08585833924874774,4.0,4.0,4.0,4.0,290.0,372.0,0.0,3891.0,35.192950531905254,150,4.649083886289077,Infinity,0.947868453105969,0.0,15564.0,1,ID95684,95560,368,20.6844
95686,372,174,95.1882449650637,233.19975339087546,2433.0000000000014,0.5135376865213632,1.0,1.9328064646773753,39.12914206508626,20.24472847136183,0.03761959207825161,-0.045103375766014926,-0.5713580848599119,6.0,6.0,6.0,6.0,244.0,372.0,0.0,2433.0,27.828904992564173,132,4.946736439052691,Infinity,0.9664349553128109,0.0,14598.0,1,ID95686,95561,368,37.9558
95687,372,219,13.770905923344948,267.36062717770034,1148.0000000000007,0.5635231822376695,0.7104544325800843,1.5856833727016233,25.47642379596617,16.066526416658117,1.073164689596806,-1.9940739142568757,-0.7221787160322766,7.0,7.0,7.0,7.0,160.0,372.0,0.0,1148.0,19.115955360352565,86,4.722250688807641,Infinity,0.9598662207357865,0.0,8036.0,1,ID95687,95562,368,25.3794
95688,372,266,586.1893101632438,287.69036334913113,3798.000000000003,0.5031105118204606,1.0,1.3108381703457723,39.898080891665835,30.43707590628181,2.6942792819695445,-0.4281638724150793,-0.6024466079328754,8.0,8.0,8.0,8.0,308.0,372.0,0.0,3798.0,34.76982812333185,198,4.997735137382016,Infinity,0.9272460937500008,0.0,30384.0,1,ID95688,95563,368,21.3963
95689,372,202,114.59947984395319,472.7581274382315,1538.0000000000005,0.6239371773271053,1.0,1.4043151217721679,26.508679686226234,18.87658921793404,1.46934235058295,0.08447491073859935,0.09883564463988757,9.0,9.0,9.0,9.0,176.0,372.0,0.0,1538.0,22.126016472710813,90,4.4878103940161935,Infinity,0.970959595959596,0.0,13842.0,1,ID95689,95564,368,42.7737
95690,372,203,444.9578558225508,477.9079482439926,2705.0,0.5804253895198682,1.0,1.041098270765217,30.44646909631894,29.24456792531266,2.8319006698077236,-0.40654432483154107,0.4525070391960587,10.0,10.0,10.0,10.0,242.0,372.0,0.0,2705.0,29.343282742855372,130,4.652985843985056,Infinity,0.9484572230014026,0.0,27050.0,1,ID95690,95565,368,4.2739
95691,372,293,51.837037037037035,766.2921296296296,2160.000000000001,0.5507540079339304,1.0,1.385962699789025,30.8369232224321,22.249461134218244,0.597788276927056,-0.19120898271919318,0.13099835262975335,11.0,11.0,11.0,11.0,222.0,372.0,0.0,2160.0,26.221162334209904,134,4.776679460322479,Infinity,0.9604268563806142,0.0,23760.0,1,ID95691,95566,368,4.7697
107036,372,304,860.8333333333334,892.8333333333334,232.3521955581855,0.9999999999999999,0.03474107394220682,1.0,8.60000005364418,8.60000005364418,0.0,0.0,0.0,65504.0,44495.82671480144,42320.0,24800.0,54.03539397880077,372.0,0.0,-1.0,8.60000005364418,,3.544907701811032,0.2742828841087918,1.0,10893.36659605057,1.2325344E7,1,ID107036,95567,368,33.9847
107038,372,303,902.1666666666666,899.5,232.3521955581855,0.9999999999999999,0.11158305703126406,1.0,8.60000005364418,8.60000005364418,0.0,0.0,0.0,53712.0,36415.342960288806,35632.0,0.0,54.03539397880077,372.0,0.0,-1.0,8.60000005364418,,3.544907701811032,0.7042231194682296,1.0,10381.50836971693,1.008705E7,1,ID107038,,,
95657,376,197,93.43925702811245,27.873493975903614,1992.0000000000007,0.5676238155057478,0.8530232558139534,1.4038969720809555,29.800429799533276,21.22693501885752,2.617179852483655,0.051726033831366106,0.03928816633719461,1.0,1.0,1.0,1.0,210.0,376.0,0.0,1992.0,25.180812005932438,128,4.705162506956318,Infinity,0.9658181818181824,0.0,1992.0,1,ID95657,95681,372,8.7728
95658,376,312,16.18467995802728,62.51941238195173,953.0000000000003,0.6288464185824562,0.704321907600596,1.2198020138425798,19.61471841347522,16.080247606482946,-0.4205627007706041,-0.7012924155774979,0.18367988367017413,2.0,2.0,2.0,2.0,138.0,376.0,0.0,953.0,17.41692629407246,72,4.470258483902984,Infinity,0.9660415610745063,0.0,1906.0,1,ID95658,95682,372,8.046
95659,376,200,65.00943396226415,102.40431266846362,1484.0000000000002,0.5885776414502277,0.9845468053491826,1.2191085906682397,23.99995773178267,19.686480692115687,0.9390529489197517,-0.26116467899805823,-0.2099291495158279,3.0,3.0,3.0,3.0,178.0,376.0,0.0,1484.0,21.73411767467788,110,4.620649771695368,Infinity,0.9677208999021846,0.0,4452.0,1,ID95659,95683,372,13.5971
95661,376,145,214.95053083352158,138.59159701829682,4427.000000000007,0.5299432509313381,1.0,1.1076995057620338,40.365965526864635,36.44125985151105,-1.56331104336851,1.01411303657164,-0.054661087461839473,4.0,4.0,4.0,4.0,324.0,376.0,0.0,4427.0,37.53875152606495,174,4.869565918902445,Infinity,0.9379237288135609,0.0,17708.0,1,ID95661,95684,372,7.6677
95664,376,174,188.95186684660368,255.306342780027,2222.999999999999,0.587809146446436,1.0,1.432033218224023,32.197474747287416,22.483748517522546,0.037136470698196734,-0.1473461006443483,-0.4197357190503294,5.0,5.0,5.0,5.0,218.0,376.0,0.0,2223.0,26.600805946184533,118,4.6236692776239865,Infinity,0.9694723070213688,0.0,11115.0,1,ID95664,95686,372,96.3344
95665,376,266,603.5958234205657,277.59265133491937,3782.9999999999995,0.5353202562285566,1.0,1.31323059009757,39.60238175886008,30.156456952405986,-0.11307240792687943,-0.34855442685960364,-0.13644716548181096,6.0,6.0,6.0,6.0,298.0,376.0,0.0,3783.0,34.70109939804905,184,4.845048105498463,Infinity,0.9461047892959858,0.0,22698.0,1,ID95665,95688,372,20.1234
95667,376,219,58.24790307548928,271.28424976700836,1073.000000000001,0.615582344284487,1.0,1.2177618886990207,20.972560469755134,17.222217795106793,-0.9319067442389524,0.7424132461256266,-0.20894803971332548,7.0,7.0,7.0,7.0,148.0,376.0,0.0,1073.0,18.48097691885382,76,4.518162580457709,Infinity,0.9584635998213497,0.0,7511.0,1,ID95667,95687,372,44.6497
95668,376,203,450.72924988903685,476.2396804260985,2252.9999999999995,0.5849593593832895,1.0,1.057432548737425,27.51477720654299,26.020361525087957,3.1093729594264614,0.05755131622714369,0.3122903769824195,8.0,8.0,8.0,8.0,220.0,376.0,0.0,2253.0,26.779697040334124,134,4.634918318663614,Infinity,0.9667453336193947,0.0,18024.0,1,ID95668,95690,372,6.0077
95670,376,202,106.75142045454545,484.74076704545456,1408.0000000000005,0.5980749670435952,1.0,1.4687817658245208,25.778864086946076,17.551187444429335,1.564303170612546,-0.1755353532320493,0.15156179607862985,9.0,9.0,9.0,9.0,172.0,376.0,0.0,1408.0,21.170269713604913,94,4.583815401645623,Infinity,0.9670329670329672,0.0,12672.0,1,ID95670,95689,372,14.324
95671,376,293,57.03195319531953,763.8249324932493,2222.0,0.5564906629684726,1.0,1.4217142761012402,31.577707148837796,22.211007992008902,0.7448364691708163,0.0911537776833483,-0.16673496406274288,10.0,10.0,10.0,10.0,224.0,376.0,0.0,2222.0,26.594822185913987,140,4.751995175272654,Infinity,0.9658769832645077,0.0,22220.0,1,ID95671,95691,372,5.751
95673,376,304,878.0342146189736,873.7624416796267,2571.999999999999,0.42428987108973665,0.5144529298408393,1.5014888211211908,37.730893077993414,25.128987007588258,0.01279455981571612,1.4193056997697953,-0.20161534479816315,11.0,11.0,11.0,11.0,276.0,376.0,0.0,2572.0,28.612812292130766,118,5.4421887464031835,Infinity,0.8080427269871185,0.0,28292.0,1,ID95673,107036,372,25.6821
95676,376,303,924.9358761746821,887.8689883913764,1809.0,0.5462457814632772,0.3332514433116325,1.501711243824154,32.51047057990308,21.648949299410027,0.22860040403006576,0.15002470479419416,3.1460569456959506,12.0,12.0,12.0,12.0,204.0,376.0,0.0,1809.0,23.996303550890445,76,4.796350187838469,Infinity,0.9660881174899866,0.0,21708.0,1,ID95676,107038,372,25.5679
95782,380,197,73.38257357184074,22.559723023658396,1732.9999999999984,0.5337104272788067,0.7859841978701477,1.724066665277341,30.901229887165716,17.92345418510531,-0.49962325371962024,0.35008894488152187,-0.028089340116317148,1.0,1.0,1.0,1.0,202.0,380.0,0.0,1733.0,23.486826791980835,126,4.852349654809843,Infinity,0.9609093429442742,0.0,1733.0,1,ID95782,95657,376,20.7487
95783,380,312,10.267123287671232,64.16438356164383,730.0,0.5966083863476974,0.6957026713124274,1.1718352851302312,19.083620678435263,16.285241552795892,-0.8046185194415941,-4.021841002645042,0.5899552481852662,2.0,2.0,2.0,2.0,124.0,380.0,0.0,730.0,15.243563130520608,60,4.589445903225153,Infinity,0.9681697612732095,0.0,1460.0,1,ID95783,95658,376,6.1419
95784,380,200,67.84615384615384,89.19811320754717,1378.0000000000005,0.5991854223732508,1.0,1.1785977915964787,22.716429497425057,19.274115104741835,0.857637985865253,0.07189188833271244,-0.2253618200593227,3.0,3.0,3.0,3.0,170.0,380.0,0.0,1378.0,20.943519836963024,104,4.579565896743104,Infinity,0.9673569673569676,0.0,4134.0,1,ID95784,95659,376,13.5074
95785,380,145,206.0189438787592,142.60596732180915,4223.000000000001,0.5818580665808385,1.0,1.1716558764100835,40.2588117147366,34.36061093133278,1.4736385683482056,1.2387436615484257,0.09957342784822326,4.0,4.0,4.0,4.0,302.0,380.0,0.0,4223.0,36.66364206341411,158,4.647253918111052,Infinity,0.9604275642483514,0.0,16892.0,1,ID95785,95661,376,9.7923
95786,380,266,612.5074292122232,263.17970283151107,3567.0000000000027,0.5884300039568788,1.0,1.3942613089557516,39.78620671701616,28.535688727398238,0.2146764823706673,-0.3784673177150846,-0.013372391974679071,5.0,5.0,5.0,5.0,276.0,380.0,0.0,3567.0,33.6958656813797,162,4.621229397445913,Infinity,0.9763240728068981,0.0,17835.0,1,ID95786,95665,376,16.9455
95787,380,219,74.1930501930502,263.02702702702703,1035.9999999999993,0.6107506078286777,0.6493167646928757,1.1184370395982826,19.306752113558186,17.262261021409607,0.14510521330243484,-0.0808257150668966,-0.12268048290697212,6.0,6.0,6.0,6.0,146.0,380.0,0.0,1036.0,18.15954410458608,84,4.535999291808762,Infinity,0.9619312906220976,0.0,6216.0,1,ID95787,95667,376,17.9563
95788,380,174,259.22839818089943,274.2511369378474,1979.0000000000014,0.5975789947572284,1.0,1.6673051251752364,32.85177777534162,19.703518737692864,0.2475600857139577,0.44765781295770685,0.15250858611014703,7.0,7.0,7.0,7.0,204.0,380.0,0.0,1979.0,25.09851120600029,102,4.585717220399378,Infinity,0.9720039292730852,0.0,13853.0,1,ID95788,95664,376,72.7853
95789,380,203,442.3690527218174,458.7441063009001,2333.0000000000005,0.5263814752100682,1.0,1.2658860523454238,30.590341925240594,24.165162313434962,-0.82091292306629,-0.31165453307113594,-0.08476854634324112,8.0,8.0,8.0,8.0,236.0,380.0,0.0,2333.0,27.250999329690348,154,4.886013173550045,Infinity,0.9403466344216046,0.0,18664.0,1,ID95789,95668,376,19.3904
95790,380,202,103.36413043478261,513.6073369565217,1471.9999999999995,0.6109690033140671,1.0,1.2195851934317579,24.002348166882214,19.68074743457868,1.0018357233304376,-0.09337461618828787,-0.077008123885774,9.0,9.0,9.0,9.0,174.0,380.0,0.0,1472.0,21.646065519224038,100,4.5351885057413766,Infinity,0.968102597829661,0.0,13248.0,1,ID95790,95670,376,29.0646
95791,380,293,48.45766590389016,764.4883295194508,2185.0000000000005,0.5571284756183508,1.0,1.5424540337634545,33.000892882091044,21.395057589866532,1.1347178858722964,0.6390870018383797,-0.01543563951153522,10.0,10.0,10.0,10.0,222.0,380.0,0.0,2185.0,26.37246862376715,132,4.7492743032301945,Infinity,0.9646799116997796,0.0,21850.0,1,ID95791,95671,376,8.5999
95792,380,304,852.7657142857142,880.3072527472527,2275.0,0.6127506247356636,0.45003814619165805,1.1717514954267565,31.620322373578748,26.985519111338963,-1.4737369496306367,-0.4578656633065226,4.530820685469423,11.0,11.0,11.0,11.0,216.0,380.0,0.0,2275.0,26.910128038865288,106,4.528590494638687,Infinity,0.9705631399317404,0.0,25025.0,1,ID95792,95673,376,26.1023
95793,380,303,911.7412617220801,882.4202898550725,2346.0000000000005,0.5771929176381593,0.47424830896792497,1.2700781649154298,33.855607609136534,26.65631812620829,0.680776559063496,1.408469265253236,4.907371724704645,12.0,12.0,12.0,12.0,226.0,380.0,0.0,2346.0,27.326818200939037,114,4.665996785436636,Infinity,0.9726368159203985,0.0,28152.0,1,ID95793,95676,376,14.2754
95770,384,197,63.11498257839721,26.098722415795585,1722.000000000002,0.5632884787048762,0.39565041199513706,1.6166106563327842,29.797635444823833,18.432165672109672,2.1909021497878767,-0.19265935074672808,0.010546742818020096,1.0,1.0,1.0,1.0,196.0,384.0,0.0,1722.0,23.412168289342365,116,4.72323438857642,Infinity,0.9682316558897961,0.0,1722.0,1,ID95770,95782,380,10.8604
95771,384,312,19.190751445086704,69.34104046242774,1038.0000000000005,0.5955027710785622,0.7403940198407154,1.1349163522120211,19.238009808107357,16.95103764309264,0.5532924178969544,-0.06651786938588387,-0.059353340104723006,2.0,2.0,2.0,2.0,148.0,384.0,0.0,1038.0,18.177064170508253,94,4.593704328807085,Infinity,0.9642359498374365,0.0,2076.0,1,ID95771,95783,380,10.3164
95773,384,145,205.83852760736195,166.49865030674846,4075.000000000003,0.5541027555132626,1.0,1.4563128292459158,43.67427244205919,29.989622809732364,1.2604499812562389,-0.2548140801826597,0.41292616969835944,4.0,4.0,4.0,4.0,304.0,384.0,0.0,4075.0,36.01545204768292,184,4.762223535926779,Infinity,0.9664413613186299,0.0,16300.0,1,ID95773,95785,380,23.8934
95774,384,266,635.3247172859451,253.86914378029078,3714.0000000000023,0.5626868786377556,1.0,1.4607888604168635,41.62603555848302,28.495586656242878,0.5754677591118379,-0.38892164981306543,0.30971018362039987,5.0,5.0,5.0,5.0,288.0,384.0,0.0,3714.0,34.38317782414242,180,4.725758651303678,Infinity,0.9745473628968779,0.0,18570.0,1,ID95774,95786,380,24.6438
95775,384,219,91.10442144873001,270.54656632173095,1062.9999999999995,0.6266678533995025,1.0,1.2300902323212075,20.64866062600854,16.786297527982203,0.3652183339692763,0.231816757330357,0.33347031315704395,6.0,6.0,6.0,6.0,146.0,384.0,0.0,1063.0,18.394657077895456,76,4.478022006561735,Infinity,0.9676832043695945,0.0,6378.0,1,ID95775,95787,380,18.5078
95776,384,174,255.85962732919253,277.6111801242236,2414.999999999998,0.5736821367424835,1.0,1.800591135748144,37.899516409154764,21.048374423662565,0.20324828348879853,0.38099909581823166,-0.6610217096055222,7.0,7.0,7.0,7.0,230.0,384.0,0.0,2415.0,27.72577095652804,112,4.68025233344976,Infinity,0.9720265647011463,0.0,16905.0,1,ID95776,95788,380,4.758
95777,384,203,442.6370174110522,467.6006813020439,2641.9999999999995,0.5861229991373654,1.0,1.2872943601562545,32.88015094096423,25.542060898156322,2.1864537576220227,-0.43313846381240256,-0.25525730623681864,8.0,8.0,8.0,8.0,238.0,384.0,0.0,2642.0,28.99956412254458,148,4.630315142563728,Infinity,0.9749077490774906,0.0,21136.0,1,ID95777,95789,380,8.8606
95778,384,293,51.910224438902745,762.1325852036575,2405.9999999999973,0.5617324557474014,1.0,1.5125377294748448,34.150921197894576,22.578558228594947,1.2060191969434058,0.2654372357237292,-0.14175025941923622,9.0,9.0,9.0,9.0,232.0,384.0,0.0,2406.0,27.674059806219244,140,4.729771645346515,Infinity,0.9670418006430859,0.0,21654.0,1,ID95778,95791,380,4.1797
95779,384,303,920.4813787638669,878.2056259904913,2523.9999999999986,0.5995750364960782,0.6861326059121527,1.4276565066440867,37.4862176275522,26.257168620811306,1.2001160479626736,1.2663333449464307,6.135196565391523,10.0,10.0,10.0,10.0,230.0,384.0,0.0,2524.0,28.344561254813723,114,4.57807771478369,Infinity,0.9674204676121115,0.0,25240.0,1,ID95779,95793,380,9.7032
95780,384,304,844.7927461139897,879.1860967184801,2316.0000000000023,0.6013164120424767,0.7009135722790346,1.551589029387472,39.01752884338165,25.14681923136875,-1.302705662919653,-1.5139149458107644,8.556585878154662,11.0,11.0,11.0,11.0,220.0,384.0,0.0,2316.0,27.151532118863198,104,4.571443992078603,Infinity,0.9708656466149665,0.0,25476.0,1,ID95780,95792,380,8.0514
107493,384,200,78.02075471698113,78.02075471698113,232.3521955581855,0.9999999999999999,-0.09362672508159897,1.0,8.60000005364418,8.60000005364418,0.0,0.0,0.0,32976.0,23623.56678700361,23424.0,16144.0,54.03539397880077,384.0,0.0,-1.0,8.60000005364418,,3.544907701811032,-1.5483831951419413,1.0,3152.0257553470524,6543728.0,1,ID107493,95784,380,15.1148
