ID,FRAME,TRACK_ID,POSITION_X,POSITION_Y,AREA,CIRCULARITY,CONTRAST_CH1,ELLIPSE_ASPECTRATIO,ELLIPSE_MAJOR,ELLIPSE_MINOR,ELLIPSE_THETA,ELLIPSE_X0,ELLIPSE_Y0,MAX_INTENSITY_CH1,MEAN_INTENSITY_CH1,MEDIAN_INTENSITY_CH1,MIN_INTENSITY_CH1,PERIMETER,POSITION_T,POSITION_Z,QUALITY,RADIUS,ROI_N_POINTS,SHAPE_INDEX,SNR_CH1,SOLIDITY,STD_INTENSITY_CH1,TOTAL_INTENSITY_CH1,VISIBILITY,name,ancestor_SPOT_ID,ancestor_FRAME,displacement
92061,0,1,55.84834918858422,36.094012311135984,1786.9999999999977,0.5845508196548265,0.9551422319474836,1.4083618209186026,28.416864303739363,20.177246984162416,2.209779561107933,0.3254045937614085,0.3090785838704946,1.0,1.0,1.0,1.0,196.0,0.0,0.0,1787.0,23.849942696166657,114,4.636537696718814,Infinity,0.9667297809034341,0.0,1787.0,1,ID92061,,,
92062,0,2,23.9328165374677,506.4764857881137,1935.0000000000002,0.5730023361953295,0.824181004006599,1.4077919946310815,29.56922840892434,21.003975389612222,1.3731085679200135,-0.059837862330624415,-0.0997257283996639,2.0,2.0,2.0,2.0,206.0,0.0,0.0,1935.0,24.817929602721396,118,4.683027797697251,Infinity,0.9462102689486555,0.0,3870.0,1,ID92062,,,
92063,0,238,85.78066298342542,540.903867403315,1809.9999999999995,0.5686282702997525,1.0,1.3845440294017746,28.52276290708791,20.600834860709956,-1.3570663916349273,0.5116083023368379,0.13878546940657854,3.0,3.0,3.0,3.0,200.0,0.0,0.0,1810.0,24.002935112037047,106,4.7010049472226845,Infinity,0.9380668566986263,0.0,5430.0,1,ID92063,,,
92064,0,6,778.4008438818565,612.7594936708861,947.9999999999998,0.6078020072659436,1.0,1.1851177536312452,18.9335339377089,15.976078224881741,2.2655978238885908,0.03967455302773329,-0.08314190248378535,4.0,4.0,4.0,4.0,140.0,0.0,0.0,948.0,17.371176474327623,82,4.546988617231417,Infinity,0.9639044229791559,0.0,3792.0,1,ID92064,,,
92065,0,4,196.7048231511254,627.7151125401929,1554.9999999999995,0.5771711455968959,1.0,1.0435989941411996,22.970095811109115,22.010461815375464,1.0585088716044286,-0.5743854334537511,0.17992559319987952,5.0,5.0,5.0,5.0,184.0,0.0,0.0,1555.0,22.247963345344544,112,4.666084789936959,Infinity,0.9496183206106867,0.0,7775.0,1,ID92065,,,
92067,0,5,562.4111812443643,710.2497745716862,1109.0000000000002,0.4937678929749265,1.0,2.3572645230346,29.220441907024483,12.395911286785859,0.019622560418584678,-0.010917298212639707,0.2108380780055415,6.0,6.0,6.0,6.0,168.0,0.0,0.0,1109.0,18.78844495368959,82,5.044794833720916,Infinity,0.9165289256198349,0.0,6654.0,1,ID92067,,,
92076,0,7,365.12367442501034,185.02864619198456,7261.0000000000055,0.43121180071295856,0.9039835675108712,2.6512017816579996,81.7404907787624,30.831486062009137,1.3715018901332592,0.6404712640578251,0.577478177080589,10.0,10.0,10.0,10.0,460.0,0.0,0.0,7261.0,48.075441584872685,218,5.3983322851813424,Infinity,0.881028938906753,0.0,72610.0,1,ID92076,,,
92080,0,0,283.6326023262008,371.4522773683743,11263.000000000002,0.3210168208138141,0.8940961629263264,2.515449918539503,93.43380375151861,37.143972958033395,2.2965484907882603,-1.393819321631797,3.3713613407284897,13.0,13.0,13.0,13.0,664.0,0.0,0.0,11263.0,59.87590707528392,466,6.25663813334278,Infinity,0.8202905939332147,0.0,146419.0,1,ID92080,,,
105340,0,235,756.8333333333334,891.5,232.3521955581855,0.9999999999999999,0.02659766748498011,1.0,8.60000005364418,8.60000005364418,0.0,0.0,0.0,30656.0,23041.4440433213,23152.0,16224.0,54.03539397880077,0.0,0.0,-1.0,8.60000005364418,,3.544907701811032,0.5381240425597497,1.0,2218.710160599804,6382480.0,1,ID105340,,,
105352,0,237,667.5,895.5,232.3521955581855,0.9999999999999999,0.022357077754373966,1.0,8.60000005364418,8.60000005364418,0.0,0.0,0.0,23008.0,17088.682310469314,16608.0,13136.0,54.03539397880077,0.0,0.0,-1.0,8.60000005364418,,3.544907701811032,0.4013288473030847,1.0,1862.3042023756343,4733565.0,1,ID105352,,,
92105,2,1,30.61699779249448,31.468543046357617,1812.0000000000025,0.5692565888304713,0.7881578947368421,1.3565978725122292,27.860149610505818,20.53677819714749,2.425276351028056,0.1618754428111144,0.24501012909326264,1.0,1.0,1.0,1.0,200.0,2.0,0.0,1812.0,24.016192740836953,130,4.698409857349392,Infinity,0.9687249398556546,0.0,1812.0,1,ID92105,92061,0,25.6518
92106,2,0,270.1711125569291,351.6968119713728,1537.0000000000002,0.44643379332170047,1.0,2.004731222473292,31.44190175630132,15.683848988749016,-0.9869901011997767,-0.0626713502110571,-0.36119749884170177,2.0,2.0,2.0,2.0,208.0,2.0,0.0,1537.0,22.118822189811247,138,5.3055010059256125,Infinity,0.9406364749082009,0.0,3074.0,1,ID92106,92080,0,23.9059
92107,2,2,7.455235204855843,506.2837632776935,658.9999999999998,0.43484762837968344,0.738021978021978,1.9479204361260627,24.9650702608545,12.816267953173652,-1.5480025121801895,-3.750817319140385,0.2503160034548592,3.0,3.0,3.0,3.0,138.0,2.0,0.0,659.0,14.483308150941138,54,5.375716771208177,Infinity,0.9592430858806401,0.0,1977.0,1,ID92107,92062,0,16.4787
92108,2,238,56.60507042253521,539.8467605633803,1775.0000000000011,0.5466451289208789,1.0,1.3799357934514638,28.38135814167181,20.567158469514737,-1.5326475528273544,0.5917814704115297,0.3909203275532756,4.0,4.0,4.0,4.0,202.0,2.0,0.0,1775.0,23.76972965719696,114,4.794597899103166,Infinity,0.9334735734946102,0.0,7100.0,1,ID92108,92063,0,29.1947
92109,2,6,755.7764449291167,615.8691384950927,917.0000000000002,0.6050914646800758,1.0,1.1138540502904344,18.072520638515332,16.225214276325495,0.34880850452632456,-0.001699678860741937,-0.048574190857971586,5.0,5.0,5.0,5.0,138.0,2.0,0.0,917.0,17.08479340321492,82,4.557161488118402,Infinity,0.9597069597069602,0.0,4585.0,1,ID92109,92064,0,22.8371
92110,2,4,174.35051546391753,624.4735824742268,1552.0,0.5637358999157543,1.0,1.101438173887532,23.846250340445245,21.650103388263524,1.1563536095104447,-1.054802849539605,0.09440989533973826,6.0,6.0,6.0,6.0,186.0,2.0,0.0,1552.0,22.22649192646566,108,4.7213596678713285,Infinity,0.9343768813967489,0.0,9312.0,1,ID92110,92065,0,22.5881
92111,2,5,526.6869712351946,711.5566835871405,591.0,0.4989737324030013,1.0,1.7436390656631362,18.223972557731667,10.451688607240957,2.5807835926106923,0.021190917271461107,0.10618097491904605,7.0,7.0,7.0,7.0,122.0,2.0,0.0,591.0,13.715726110367628,68,5.018409425717335,Infinity,0.933649289099526,0.0,4137.0,1,ID92111,92067,0,35.7481
92112,2,7,347.2590106885409,202.5933383047477,8045.9999999999945,0.40121989318873447,1.0,1.646085071963701,69.55798195535284,42.25661427836988,1.2994830516719218,-3.7824937797888203,-2.685022418659212,8.0,8.0,8.0,8.0,502.0,2.0,0.0,8046.0,50.607522605189615,296,5.596463852825116,Infinity,0.8781925343811389,0.0,64368.0,1,ID92112,92076,0,25.0532
105321,2,237,643.5,886.1666666666666,232.3521955581855,0.9999999999999999,-0.11163920851008925,1.0,8.60000005364418,8.60000005364418,0.0,0.0,0.0,21040.0,14082.31046931408,13744.0,10976.0,54.03539397880077,2.0,0.0,-1.0,8.60000005364418,,3.544907701811032,-2.020069246529098,1.0,1752.1247321959145,3900800.0,1,ID105321,105352,0,25.7509
105323,2,235,747.5,896.8333333333334,232.3521955581855,0.9999999999999999,0.08805367201847285,1.0,8.60000005364418,8.60000005364418,0.0,0.0,0.0,26000.0,19090.097472924186,18656.0,14098.0,54.03539397880077,2.0,0.0,-1.0,8.60000005364418,,3.544907701811032,1.3700945672766915,1.0,2255.19837519432,5287957.0,1,ID105323,105340,0,10.7497
92115,4,1,33.37380699893956,24.1558854718982,1885.999999999999,0.6045346132711302,0.6856844927752123,1.2664258233214114,27.602622025141553,21.79568792489489,-0.3337421976769773,0.24133203063799208,0.0022403135642493303,1.0,1.0,1.0,1.0,198.0,4.0,0.0,1886.0,24.501682500241262,116,4.559259860679191,Infinity,0.9721649484536081,0.0,1886.0,1,ID92115,92105,2,7.815
92117,4,238,49.951526032315975,539.1113105924596,1671.0000000000007,0.494825273272556,0.12055733551896279,1.4247095856371543,27.77576965303759,19.495741400950703,1.4074442507772542,0.44643106860878806,0.11085977331923907,3.0,3.0,3.0,3.0,206.0,4.0,0.0,1671.0,23.062866686800113,128,5.039401900430588,Infinity,0.9111232279171214,0.0,5013.0,1,ID92117,92108,2,6.6941
92118,4,4,173.89723827874116,623.6371226718047,1557.0,0.541990001289674,1.0,1.1157017702782461,23.984847930674555,21.497544029792966,1.3108719447119235,-0.9311081118276381,0.2139188229636579,4.0,4.0,4.0,4.0,190.0,4.0,0.0,1557.0,22.262266119785785,116,4.815144168041468,Infinity,0.9265099672716456,0.0,6228.0,1,ID92118,92110,2,0.9514
92119,4,6,757.556616643929,628.4038199181446,732.9999999999998,0.5129844987928978,1.0,2.047791071096108,22.066946927803862,10.775975752249096,0.1720830224422874,-0.2083314905549267,0.07570124089191232,5.0,5.0,5.0,5.0,134.0,4.0,0.0,733.0,15.274853405932198,68,4.94940292952589,Infinity,0.9231738035264481,0.0,3665.0,1,ID92119,92109,2,12.6605
92120,4,5,520.4224270353303,711.3379416282642,650.9999999999998,0.4840655189318236,1.0,1.8126461859450524,19.59222068096239,10.808629302771335,2.7415795970555217,0.27910334767440004,0.23879420777378443,6.0,6.0,6.0,6.0,130.0,4.0,0.0,651.0,14.395128895068904,74,5.095101710852534,Infinity,0.9169014084507036,0.0,3906.0,1,ID92120,92111,2,6.2684
92121,4,237,629.6282467532468,892.2532467532468,616.0,0.5752738033921856,0.7327707454289731,1.251456963785376,18.70622893550173,14.947560704700217,2.086013259065184,-0.916969804297498,4.750744561403967,7.0,7.0,7.0,7.0,116.0,4.0,0.0,616.0,14.002817212590296,58,4.673773191347205,Infinity,0.9595015576323987,0.0,4312.0,1,ID92121,105321,2,15.1483
92122,4,7,342.6720825274017,206.94364925854288,7755.000000000008,0.38364592826576077,0.6863125277473249,1.3220895542572808,60.955026616346544,46.105066347483294,-1.4818160850005313,-0.6442848737086662,-3.5433484453637645,8.0,8.0,8.0,8.0,504.0,4.0,0.0,7755.0,49.683932688096455,300,5.723209390310515,Infinity,0.860519307589881,0.0,62040.0,1,ID92122,92112,2,6.3218
92127,4,0,252.88642050193343,380.5484873758435,13188.999999999984,0.26827279884101374,0.7856151633102049,2.4208342477501437,104.1719177378302,43.03141275973136,-0.8368060598555634,1.6154266926351495,-1.9883269079835293,10.0,10.0,10.0,10.0,786.0,4.0,0.0,13189.0,64.79343399510486,552,6.844104183489322,Infinity,0.7961727687060446,0.0,131890.0,1,ID92127,92106,2,33.633
92128,4,2,18.340257171117706,501.12528849324104,3032.999999999999,0.42919014991837484,0.6585442644682878,1.4947487644165756,48.880357468901636,32.7013867698231,2.1203560556530334,-13.245768251218928,5.096357023686224,11.0,11.0,11.0,11.0,298.0,4.0,0.0,3033.0,31.071431972077452,154,5.411031459648244,Infinity,0.9450070104377627,0.0,33363.0,1,ID92128,92107,2,12.0455
105329,4,235,739.5,890.1666666666666,232.3521955581855,0.9999999999999999,-0.016925971364174893,1.0,8.60000005364418,8.60000005364418,0.0,0.0,0.0,19584.0,14286.20938628159,14016.0,9872.0,54.03539397880077,4.0,0.0,-1.0,8.60000005364418,,3.544907701811032,-0.2388335749014906,1.0,2059.7713182619977,3957280.0,1,ID105329,105323,2,10.4137
92147,6,1,32.23520249221184,26.375908618899274,1926.000000000002,0.5931484610149934,0.7107327905255365,1.2176359576791713,27.294805284340157,22.416228029570004,2.5905729325448883,0.12140333727881991,-0.061863170170881866,1.0,1.0,1.0,1.0,202.0,6.0,0.0,1926.0,24.760146219075153,124,4.60281190863273,Infinity,0.9697885196374635,0.0,1926.0,1,ID92147,92115,4,2.495
92152,6,238,44.567796610169495,556.5291902071563,1062.0000000000002,0.5483845164550232,0.8498161408941359,1.5045025391995575,22.86824647013929,15.199872299521617,0.5857185210296225,-0.19527679631708686,-0.06217179083941745,3.0,3.0,3.0,3.0,156.0,6.0,0.0,1062.0,18.386002804502827,86,4.786988013071281,Infinity,0.9365079365079367,0.0,3186.0,1,ID92152,92117,4,18.2309
92153,6,4,168.93477059148702,632.1503593145384,1809.0000000000002,0.5798531895055542,1.0,1.2256237352450308,26.39082917774439,21.53257024878704,0.10355013865166507,0.3108950648721863,0.023864483210977006,4.0,4.0,4.0,4.0,198.0,6.0,0.0,1809.0,23.996303550890445,120,4.655281064666748,Infinity,0.9596816976127325,0.0,7236.0,1,ID92153,92118,4,9.854
92155,6,7,357.37162045806787,237.8808334768383,11613.999999999978,0.40271583182075016,0.9157113402061855,1.2275051338479113,70.13214543985535,57.133891750015906,0.610905455987075,-3.5524495885783898,-0.5675951630509103,5.0,5.0,5.0,5.0,602.0,6.0,0.0,11614.0,60.801735321769705,362,5.586059797443682,Infinity,0.8354494119339624,0.0,58070.0,1,ID92155,92122,4,34.2518
92161,6,0,255.2000153385996,387.5887721451032,13039.000000000022,0.2882116008003812,0.7803055177189224,2.4375834666675265,100.619942425292,41.27856288870047,-0.8000581979075102,0.17223156294274936,1.5486909894417045,7.0,7.0,7.0,7.0,754.0,6.0,0.0,13039.0,64.42392883044664,540,6.603120202659317,Infinity,0.7932230198320975,0.0,91273.0,1,ID92161,92127,4,7.4107
92167,6,6,773.3281041388518,611.8815086782377,2996.000000000001,0.5928578728996613,0.7118165910795272,1.236049011076914,34.57370260071527,27.971142156080653,0.9278062916524616,-0.58867778097721,-0.23522595409332447,8.0,8.0,8.0,8.0,252.0,6.0,0.0,2996.0,30.881327999401794,144,4.603939800023778,Infinity,0.9738339021615474,0.0,23968.0,1,ID92167,92119,4,22.8413
92168,6,6,753.9271465741543,663.5121422376409,2305.999999999999,0.5987200544775256,0.7339794469045032,1.0670789531769984,28.119310821091968,26.351668484672814,-0.057539551692287076,0.24028224919625962,-0.033653606082067716,9.0,9.0,9.0,9.0,220.0,6.0,0.0,2306.0,27.09285141028572,124,4.581345333528975,Infinity,0.9678908709338926,0.0,20754.0,1,ID92168,92119,4,35.2954
92172,6,5,525.2540214477211,731.3203753351206,4476.000000000002,0.3412305253092266,0.8769918926474698,3.31358503696111,68.73472733752098,20.743311721541822,-0.2955615480291041,-0.19077628764139357,-0.12594706189950305,10.0,10.0,10.0,10.0,406.0,6.0,0.0,4476.0,37.74592760230761,220,6.068494946892902,Infinity,0.8999698401528101,0.0,44760.0,1,ID92172,92120,4,20.5583
92178,6,237,674.3866279069767,865.7655919661734,3784.0000000000095,0.31263081133948206,0.7107013016369355,2.6391502628892884,58.58907714563876,22.199977761590816,-0.785595701585824,-4.05236844725635,2.408820023221789,12.0,12.0,12.0,12.0,390.0,6.0,0.0,3784.0,34.70568554746422,240,6.339996865432954,Infinity,0.8296426222319689,0.0,45408.0,1,ID92178,92121,4,52.0087
92182,6,235,749.9758953168044,885.4955234159779,2904.0,0.43392081170153435,0.540049360556428,1.4119011667376482,45.26283803531669,32.058078215135566,0.21642975013868382,1.9050094534333726,10.477228610078665,13.0,13.0,13.0,13.0,290.0,6.0,0.0,2904.0,30.403485153477522,140,5.3814547379327395,Infinity,0.9684842421210605,0.0,37752.0,1,ID92182,105329,4,11.4701
92169,8,1,43.04951560818084,21.17599569429494,1857.9999999999995,0.6203718939706487,0.7174549376059158,1.1997209073223722,26.880098911314885,22.40529338719946,2.7046348869231673,0.21881612522907487,-0.44622709444512043,1.0,1.0,1.0,1.0,194.0,8.0,0.0,1858.0,24.319123514828465,106,4.500687664237834,Infinity,0.9712493465760584,0.0,1858.0,1,ID92169,92147,6,11.9995
92171,8,239,9.238853503184714,525.3312101910828,942.0,0.5123580816623243,0.6603995299647473,2.0812284573127027,25.628895915360182,12.314311687075621,1.5794881387143915,-0.9877731935357514,-0.03606882665767859,2.0,2.0,2.0,2.0,152.0,8.0,0.0,942.0,17.31611713939158,66,4.952427614628167,Infinity,0.9661538461538461,0.0,1884.0,1,ID92171,,,
92173,8,238,48.776864357017025,549.4527304756313,1703.0000000000005,0.4946498048320469,0.9220013793968272,1.3956123234331674,27.560320455783135,19.747833974398787,1.2728012391725632,0.4227466636430521,0.2103580183419497,3.0,3.0,3.0,3.0,208.0,8.0,0.0,1703.0,23.28264882205192,122,5.040295641395627,Infinity,0.8977332630469164,0.0,5109.0,1,ID92173,92152,6,8.2336
92174,8,6,787.4135977337111,607.2875354107649,706.0,0.596066759858746,1.0,1.2068482546134334,16.4423716722952,13.624224594468066,1.1614718434839868,-0.028600244211499013,0.055192295497042895,4.0,4.0,4.0,4.0,122.0,8.0,0.0,706.0,14.99088988838742,74,4.591530569919387,Infinity,0.9579375848032563,0.0,2824.0,1,ID92174,92167,6,14.8157
92176,8,4,177.9042481456507,637.9615643964936,1483.0000000000014,0.5881810257888735,1.0,1.1098339175924783,22.889911088550665,20.624627456155697,1.5204208227432738,-0.13172289765177908,0.21405621334426667,5.0,5.0,5.0,5.0,178.0,8.0,0.0,1483.0,21.726793624705923,102,4.622207381640736,Infinity,0.9506410256410265,0.0,7415.0,1,ID92176,92153,6,10.6875
92177,8,6,764.3767885532592,663.8044515103338,629.0000000000002,0.6301217407869836,1.0,1.131910211929544,15.179198698425289,13.410249804663941,2.5663956231517377,0.17929878481945494,-0.10771693748655958,6.0,6.0,6.0,6.0,112.0,8.0,0.0,629.0,14.149802769282843,62,4.465732447841839,Infinity,0.9603053435114506,0.0,3774.0,1,ID92177,92168,6,10.4537
92179,8,5,523.3829160530191,725.5478645066274,678.9999999999999,0.43533498199744264,0.6647014184811161,1.927878021525229,20.53500144587954,10.651608253531206,2.7643805144572866,0.0074012790666858905,0.2225739268710964,7.0,7.0,7.0,7.0,140.0,8.0,0.0,679.0,14.701442538703263,90,5.372706895173354,Infinity,0.9095780308104487,0.0,4753.0,1,ID92179,92172,6,6.0682
92181,8,237,651.9507389162561,892.23973727422,609.0,0.5496207773732215,0.7219604147031103,1.4972644065694247,18.102712037778858,12.090524531506304,2.559241870476429,-0.17843618475404374,1.2154155691516122,9.0,9.0,9.0,9.0,118.0,8.0,0.0,609.0,13.923028430838189,62,4.781601300991336,Infinity,0.9405405405405406,0.0,5481.0,1,ID92181,92178,6,34.7023
92184,8,7,339.2831898919612,216.77412561801867,10921.999999999975,0.3309331715839246,0.7402619475042755,1.8868781260538445,80.93770392239259,42.89503535221062,1.857170181756135,1.902163615763141,-2.7020463383771562,10.0,10.0,10.0,10.0,644.0,8.0,0.0,10922.0,58.96253536695444,388,6.1621856920417954,Infinity,0.8244263285024132,0.0,109220.0,1,ID92184,92155,6,27.7972
92189,8,0,253.0512840286882,391.4735096784144,12967.000000000042,0.27199909152828006,0.8651888315299908,2.5089227964353586,101.92636882625496,40.62555012496617,2.337826326652344,-5.788986852146663,2.5696747487851064,12.0,12.0,12.0,12.0,774.0,8.0,0.0,12967.0,64.2458114910632,570,6.797061590960018,Infinity,0.8217884530071642,0.0,155604.0,1,ID92189,92161,6,4.4394
92191,8,235,761.1411801050356,885.9827000308928,3236.999999999998,0.4178720997563344,0.6736095723465544,1.9392761157231997,46.93882842952304,24.2043038889377,0.02091944008782587,-0.023254847114086347,1.320140845988884,14.0,14.0,14.0,14.0,312.0,8.0,0.0,3237.0,32.099362946590226,166,5.483820671450383,Infinity,0.9420838183934802,0.0,45318.0,1,ID92191,92182,6,11.1759
92159,10,1,31.217435897435898,21.14666666666667,1949.9999999999989,0.6126105674500093,0.5935712339961863,1.20385002715869,27.86190638638111,23.144001127898292,2.5389707669162296,0.18640143994630737,-0.8300977309289116,1.0,1.0,1.0,1.0,200.0,10.0,0.0,1950.0,24.913937425834387,112,4.529108136578384,Infinity,0.9720837487537384,0.0,1950.0,1,ID92159,92169,8,11.8321
92162,10,238,44.892298435619736,553.1492178098677,1661.9999999999975,0.49216014612746045,0.0852105778648384,1.381060553217024,27.462432312594874,19.88503128890638,1.175583915847075,0.3819501792014436,-0.21585783579638543,2.0,2.0,2.0,2.0,206.0,10.0,0.0,1662.0,23.00067457353065,128,5.053028068341446,Infinity,0.9008130081300798,0.0,3324.0,1,ID92162,92173,8,5.3623
92163,10,6,786.6054254007398,568.6535141800247,811.0000000000001,0.6030370750441,1.0,1.297383801421743,18.311928233588063,14.11450352125629,1.3866641482458724,-0.0802761561763368,0.07317975451269411,3.0,3.0,3.0,3.0,130.0,10.0,0.0,811.0,16.067025788709444,74,4.564917416934052,Infinity,0.9586288416075651,0.0,2433.0,1,ID92163,92174,8,38.6425
92164,10,4,168.9723844928306,637.651619755709,1883.000000000002,0.5915618966709587,1.0,1.0561710098044343,25.34633454741896,23.99832443054104,0.30148569323121144,-0.17923230812050492,-0.06235071442809452,4.0,4.0,4.0,4.0,200.0,10.0,0.0,1883.0,24.482187722588815,114,4.608980128252177,Infinity,0.9568089430894318,0.0,7532.0,1,ID92164,92176,8,8.9372
92165,10,6,762.7696078431372,645.3884803921569,816.0,0.5231713480263819,1.0,1.4489345240241476,19.50301173469343,13.46024365581919,-0.8226172005488855,-0.18895649091821193,-0.22473230922158308,5.0,5.0,5.0,5.0,140.0,10.0,0.0,816.0,16.11647812414279,84,4.900980294098034,Infinity,0.918918918918919,0.0,4080.0,1,ID92165,92177,8,18.486
92166,10,5,516.3348484848485,727.6962121212122,1319.9999999999986,0.489945924236593,1.0,1.9466139504742734,28.750022736007033,14.76924725059243,0.029414616832454055,0.26900066944162226,0.06399943629019704,6.0,6.0,6.0,6.0,184.0,10.0,0.0,1320.0,20.49802550887776,104,5.064433319581261,Infinity,0.9224318658280911,0.0,7920.0,1,ID92166,92179,8,7.3682
92170,10,7,329.88734536605153,224.9444331778544,9861.999999999998,0.34888503614367067,0.7634857245037848,2.2126941793939245,84.88243645518489,38.361576238445615,1.8915428725526997,1.6685997272715722,-2.0868769733768096,7.0,7.0,7.0,7.0,596.0,10.0,0.0,9862.0,56.02831514104759,330,6.0015545880321035,Infinity,0.8498061180525632,0.0,69034.0,1,ID92170,92184,8,12.4513
92183,10,0,235.88222683727474,399.5297112614725,14927.00000000002,0.25362116571192483,0.8984351401908779,2.2099791363170955,105.47198582210298,47.725331017319384,-0.7357253651314123,-2.578906353046963,-1.3898866736872968,8.0,8.0,8.0,8.0,860.0,10.0,0.0,14927.0,68.93048433795784,584,7.039019767686218,Infinity,0.7406653931078976,0.0,119416.0,1,ID92183,92189,8,18.9652
92185,10,239,15.683683683683684,514.8383383383383,1998.0000000000005,0.47462397896955827,0.6750815090824407,1.8975758923344197,37.82931693737974,19.93560156945379,1.873460035499607,-3.682448186951958,0.9266852484944073,9.0,9.0,9.0,9.0,230.0,10.0,0.0,1998.0,25.218706402097908,90,5.145529756640852,Infinity,0.9478178368121444,0.0,17982.0,1,ID92185,92171,8,12.3141
92187,10,235,748.7571059431525,884.2641401091014,3483.0000000000005,0.4863185427757,0.5496989291964525,1.3238734522875855,47.425544402187306,35.82332157219287,0.10779649119103007,1.0302613262787423,11.02107826175282,10.0,10.0,10.0,10.0,300.0,10.0,0.0,3483.0,33.29674659149364,136,5.083285677753488,Infinity,0.9679032930387662,0.0,34830.0,1,ID92187,92191,8,12.5027
92188,10,237,649.3649459783913,890.1332533013206,1666.0000000000005,0.544970154194148,0.6290019111394243,1.4146559064813522,33.14328591624968,23.428514145666963,-0.18693911532701193,-0.9619193766116284,6.28057553747784,11.0,11.0,11.0,11.0,196.0,10.0,0.0,1666.0,23.028336248678396,72,4.801960383990247,Infinity,0.9725627553998835,0.0,18326.0,1,ID92188,92181,8,3.3352
92143,12,1,33.6529284164859,20.768438177874188,1843.9999999999984,0.6418943881683739,0.6778889899909009,1.1621954536236812,26.728280887897686,22.998094515479238,2.5151100773512156,0.1362837327019374,-0.9384937214814807,1.0,1.0,1.0,1.0,190.0,12.0,0.0,1844.0,24.22732816723523,96,4.424591111909914,Infinity,0.9748876553000256,0.0,1844.0,1,ID92143,92159,10,2.4647
92144,12,6,803.7538896746818,509.8811881188119,706.9999999999998,0.5098957773388391,1.0,1.9557131424794352,21.13775510104545,10.808208341969415,1.3043968953239706,0.15902375859499704,-0.1215357006093327,2.0,2.0,2.0,2.0,132.0,12.0,0.0,707.0,15.001502909106804,74,4.964370935334371,Infinity,0.9099099099099098,0.0,1414.0,1,ID92144,92163,10,61.223
92145,12,238,38.70940683043739,553.6195326542841,1668.999999999999,0.5039713705153174,1.0,1.3566667439592264,27.477864656957177,20.25395313868105,0.9245435731051187,0.25425091073403566,-0.37450069674482883,3.0,3.0,3.0,3.0,204.0,12.0,0.0,1669.0,23.049060719273278,124,4.993464872410261,Infinity,0.90780527604025,0.0,5007.0,1,ID92145,92162,10,6.2008
92146,12,4,165.3190056965303,637.3215950284826,1931.0000000000007,0.6066415414081893,1.0,1.0050069144453277,24.995691614317487,24.87116382489053,0.8335865324132532,-0.09247355030183631,-0.04763766017449001,4.0,4.0,4.0,4.0,200.0,12.0,0.0,1931.0,24.792264725532842,114,4.551335586270291,Infinity,0.9659829914957483,0.0,7724.0,1,ID92146,92164,10,3.6683
92148,12,6,769.2915032679739,629.1686274509804,765.0000000000002,0.6055223935490532,1.0,1.2626658366443773,17.979610528312627,14.23940523812278,2.036979610108897,-0.8676525327107381,-0.010207608882276795,5.0,5.0,5.0,5.0,126.0,12.0,0.0,765.0,15.604712843580298,72,4.555539614191779,Infinity,0.9646910466582601,0.0,3825.0,1,ID92148,92165,10,17.482
92150,12,5,504.62672811059906,716.8325652841781,651.0,0.4695079929951688,1.0,2.3635215690343667,22.215736585961118,9.399421979904973,2.9225915699445606,-0.6375146907173678,0.12567304658944278,6.0,6.0,6.0,6.0,132.0,12.0,0.0,651.0,14.395128895068906,66,5.173487891019495,Infinity,0.909217877094972,0.0,3906.0,1,ID92150,92166,10,15.9718
92151,12,237,650.0341726618705,891.0989208633093,556.0000000000001,0.5990142371042267,0.7429467084639498,1.4632806589692917,16.74435004861002,11.443020138327007,0.7508684643391335,0.15124488812160902,1.0890442794110697,7.0,7.0,7.0,7.0,108.0,12.0,0.0,556.0,13.303394180365688,60,4.580220220271842,Infinity,0.9636048526863087,0.0,3892.0,1,ID92151,92188,10,1.1749
92154,12,7,327.320684448918,224.88444891796678,9934.999999999978,0.3789256032416871,0.5264507331688065,1.9191838580155662,77.12924695189271,40.18856589990511,1.9351098894238368,2.7204207690069997,-3.8197530920906395,8.0,8.0,8.0,8.0,574.0,12.0,0.0,9935.0,56.23529780516818,322,5.7587464385518,Infinity,0.852606736751768,0.0,79480.0,1,ID92154,92170,10,2.5674
92158,12,0,226.34499823259102,399.6636974195829,14144.999999999989,0.2722639207248529,0.9169523912778326,2.0539040796208834,99.55481964093217,48.47101703956318,-0.7420031295248932,-8.698837930087699,4.291615600620033,10.0,10.0,10.0,10.0,808.0,12.0,0.0,14145.0,67.10062101105858,534,6.793755059755078,Infinity,0.7573283362334352,0.0,141450.0,1,ID92158,92183,10,9.5382
92160,12,235,750.8279883381924,884.2746355685131,3429.9999999999995,0.4919495435451511,0.686872676060536,1.7363981472821588,46.89069829060316,27.004577472048858,-0.010716849813364735,-0.2890943422601251,2.8809449615406155,11.0,11.0,11.0,11.0,296.0,12.0,0.0,3430.0,33.04244103589203,134,5.054109548042579,Infinity,0.9502701205153066,0.0,37730.0,1,ID92160,92187,10,2.0709
92245,14,1,41.126293995859214,21.59575569358178,1932.0000000000005,0.6450799241933767,0.7137788290952098,1.1476773302175354,27.109664008869544,23.62132917945767,2.433401626241057,0.12698804046978862,-0.8126422848500626,1.0,1.0,1.0,1.0,194.0,14.0,0.0,1932.0,24.79868343495444,96,4.413652825374913,Infinity,0.9757575757575756,0.0,1932.0,1,ID92245,92143,12,7.519
92246,14,238,38.767412935323385,547.7487562189054,1608.0000000000018,0.5154250573382708,1.0,1.4986751328204595,27.65813712533252,18.45505841768441,1.358525134013384,0.2792345904537676,0.7668871630814037,2.0,2.0,2.0,2.0,198.0,14.0,0.0,1608.0,22.623931952327297,112,4.93767121373278,Infinity,0.9056603773584917,0.0,3216.0,1,ID92246,92145,12,5.8711
92247,14,6,783.2932862190813,615.4652532391049,849.0,0.5768192393809979,1.0,1.6400238628867025,21.583581923778752,13.160529192415662,2.062093597002261,-0.39720711885229915,-0.39660982702770803,3.0,3.0,3.0,3.0,136.0,14.0,0.0,849.0,16.439132987175398,72,4.667507916771146,Infinity,0.9604072398190048,0.0,2547.0,1,ID92247,92148,12,19.5916
92248,14,4,168.36888657648282,638.1774193548387,1922.000000000001,0.6160739802264652,1.0,1.0226181913130896,25.392254104554173,24.83063016114483,1.0857345670314562,-0.4342591449136688,-0.26450616993999443,4.0,4.0,4.0,4.0,198.0,14.0,0.0,1922.0,24.734421384888833,106,4.51635944112698,Infinity,0.9612403100775198,0.0,7688.0,1,ID92248,92146,12,3.1677
92249,14,5,510.49298100743187,721.1701073492981,1210.9999999999993,0.5026382221557983,1.0,2.072625440563684,28.83837177853204,13.913933127583812,0.059930727790254,0.41618218640699745,0.17603258369793126,5.0,5.0,5.0,5.0,174.0,14.0,0.0,1211.0,19.633473257897347,92,5.000082575701281,Infinity,0.931538461538461,0.0,6055.0,1,ID92249,92150,12,7.2957
92250,14,235,760.5361155698234,893.2343499197432,623.0,0.5818110057034606,0.7442837144190387,1.6316367277237238,19.48096650669112,11.939524390253691,-0.3169192276042573,-0.5827163710440785,1.517625462915195,6.0,6.0,6.0,6.0,116.0,14.0,0.0,623.0,14.082153922340915,52,4.647441865247023,Infinity,0.969649805447471,0.0,3738.0,1,ID92250,92160,12,13.2108
92251,14,7,312.3312832561675,216.35277451454633,14471.000000000011,0.3841771505720823,0.8553753445733701,1.1088523868161484,73.53812244361067,66.31912716061417,2.194972626192164,1.9599232812991267,3.0370729402576395,7.0,7.0,7.0,7.0,688.0,14.0,0.0,14471.0,67.8694508815685,372,5.71925112755363,Infinity,0.7960502791759504,0.0,101297.0,1,ID92251,92154,12,17.2474
92253,14,0,233.03422966113322,400.09795582384413,14577.999999999993,0.21089971128604315,0.9538402352911977,2.39714467313999,118.87784457312134,49.59143513745657,2.3495186278984415,-6.265996729193277,-4.026217988456598,9.0,9.0,9.0,9.0,932.0,14.0,0.0,14578.0,68.11990546666443,622,7.719104838215456,Infinity,0.6715496591118478,0.0,131202.0,1,ID92253,92158,12,6.7033
92255,14,6,864.9434782608696,501.0486413043478,3680.0,0.6343517676384328,1.0,1.0622258541193415,35.56292721184875,33.47962871919821,2.99791237087915,0.2240248196212831,0.08759898554175859,11.0,11.0,11.0,11.0,270.0,14.0,0.0,3680.0,34.225434710991614,144,4.450818195421562,Infinity,0.979765708200213,0.0,40480.0,1,ID92255,92144,12,61.8238
92256,14,237,652.5339734121122,889.018094534712,2707.9999999999995,0.4599606891177097,0.7069019855026789,2.38288740750387,51.35118905461013,21.549985489411643,3.0360095061199956,-1.4863905319838076,3.8254125711953697,12.0,12.0,12.0,12.0,272.0,14.0,0.0,2708.0,29.35954992478095,94,5.2269046057637985,Infinity,0.9555398729710651,0.0,32496.0,1,ID92256,92151,12,3.2525
92234,16,7,335.28205128205127,191.12948717948717,780.0000000000003,0.5146906678849065,1.0,1.094098225162003,16.424311916391517,15.01173435681204,0.8082951518217115,0.12875608629169186,0.012702307341001327,1.0,1.0,1.0,1.0,138.0,16.0,0.0,780.0,15.756957549709805,88,4.941192630872086,Infinity,0.9302325581395353,0.0,780.0,1,ID92234,92251,14,34.1021
92235,16,6,875.1027287319422,510.0513643659711,622.9999999999998,0.4778350154263771,1.0,1.8564391333644492,19.821697165029477,10.677267468018924,0.42332079847286797,0.015768364942137663,-0.40815153964530004,2.0,2.0,2.0,2.0,128.0,16.0,0.0,623.0,14.082153922340911,70,5.128211713376026,Infinity,0.898341744772891,0.0,1246.0,1,ID92235,92255,14,13.5742
92236,16,238,40.46218487394958,543.3678086619263,1547.0,0.5060437146088516,1.0,1.4145672727692618,26.78941367879375,18.938239413915472,1.148708758258794,0.4130987782876176,-0.17626435478504426,3.0,3.0,3.0,3.0,196.0,16.0,0.0,1547.0,22.190660060627405,114,4.983229794573029,Infinity,0.8965517241379309,0.0,4641.0,1,ID92236,92246,14,4.6973
92237,16,6,777.0112866817155,633.1094808126411,886.0,0.4948357495254323,1.0,2.071667233477729,24.457506281130218,11.805711788988985,2.0034403270392307,-0.043514447727961585,-0.485077008245899,4.0,4.0,4.0,4.0,150.0,16.0,0.0,886.0,16.79352729949365,90,5.039348555125469,Infinity,0.9511540526033281,0.0,3544.0,1,ID92237,92247,14,18.7292
92238,16,4,164.57572443958446,637.7648988518316,1829.0000000000011,0.5982895630378733,1.0,1.0155564704219375,24.46928326647255,24.09445853494114,0.9620523283720722,-0.2435810191387817,0.12890446232698247,5.0,5.0,5.0,5.0,196.0,16.0,0.0,1829.0,24.128588475709755,112,4.582993260740564,Infinity,0.9596012591815326,0.0,9145.0,1,ID92238,92248,14,3.8155
92239,16,5,496.979766536965,722.6443579766537,1285.0000000000007,0.5212999173376661,1.0,2.060444686581769,29.25598454460553,14.19886917379012,3.1326607265030084,0.237911879902667,-0.027564474358698948,6.0,6.0,6.0,6.0,176.0,16.0,0.0,1285.0,20.22444569688305,86,4.909769503334701,Infinity,0.9458962090541043,0.0,7710.0,1,ID92239,92249,14,13.5934
92240,16,237,662.6063268892794,891.9209138840071,569.0,0.5501896644790989,0.7365208545269584,1.6952183898083046,18.169076793297357,10.717838422783933,2.677297448948829,0.33283375586092184,0.5198020690254919,7.0,7.0,7.0,7.0,114.0,16.0,0.0,569.0,13.458020851469092,54,4.779128612913631,Infinity,0.943615257048093,0.0,3983.0,1,ID92240,92256,14,10.4823
92241,16,1,35.62472613458529,31.699530516431924,3194.999999999998,0.3970328914291121,0.6588785046728972,1.9817957204736993,50.46746633108141,25.465523923433647,2.085236625614707,0.8442435298262535,-5.114092451003424,8.0,8.0,8.0,8.0,318.0,16.0,0.0,3195.0,31.89043879217109,144,5.625895859803319,Infinity,0.814323945456862,0.0,25560.0,1,ID92241,92245,14,11.5045
92242,16,0,216.59523147504518,403.58362296677325,14386.000000000011,0.24217116723756216,0.9825692826353816,1.6860407657855856,99.89478064073204,59.24814077326746,2.262262949815964,-4.330350605120714,-0.05623581124892107,9.0,9.0,9.0,9.0,864.0,16.0,0.0,14386.0,67.66983096358389,526,7.203502554152751,Infinity,0.6747021855360666,0.0,129474.0,1,ID92242,92253,14,16.8045
92244,16,235,776.6523410202656,884.8249475890985,2861.999999999999,0.43969084916494616,0.7074674356169831,1.4557313724177703,41.043434869159384,28.194374076717097,0.031845554454080105,-0.9788439852196096,4.940025968539125,11.0,11.0,11.0,11.0,286.0,16.0,0.0,2862.0,30.182824491057968,128,5.346027869010823,Infinity,0.8998585128124507,0.0,31482.0,1,ID92244,92250,14,18.1783
92279,18,7,324.9000657462196,194.98224852071007,1521.0000000000014,0.5524757111932107,1.0,1.4038492880803188,26.042961743752077,18.551109413863287,0.8274387575412645,0.1838994684834366,-0.23953470086188317,1.0,1.0,1.0,1.0,186.0,18.0,0.0,1521.0,22.003393758362506,120,4.769230769230767,Infinity,0.9614412136536038,0.0,1521.0,1,ID92279,92234,16,11.0738
92280,18,6,860.2421991084695,485.148588410104,672.9999999999998,0.5327013998150492,1.0,1.397399522871821,17.335464541158835,12.40551771874976,-0.12317377763894169,0.16712203596574657,-0.1710476731366548,2.0,2.0,2.0,2.0,126.0,18.0,0.0,673.0,14.636343580337646,76,4.856943070297709,Infinity,0.9419174247725679,0.0,1346.0,1,ID92280,92235,16,28.9997
92281,18,238,25.181511470985154,548.0182186234817,1482.000000000001,0.49482838905516807,0.8763452205106563,1.3575785424283542,26.059103328448266,19.195282272092577,0.8316755642161313,-0.09858317920019857,-0.63314128755132,3.0,3.0,3.0,3.0,194.0,18.0,0.0,1482.0,21.719467104981607,112,5.0393860346214705,Infinity,0.8903574647041159,0.0,4446.0,1,ID92281,92236,16,15.9726
92282,18,4,140.22222222222223,647.7542735042736,1872.0,0.6000470816773893,1.0,1.0383142033388264,25.05322007325737,24.128746378211602,-1.3797504160792315,-0.32330531039301685,-0.039045927604102,4.0,4.0,4.0,4.0,198.0,18.0,0.0,1872.0,24.410573670769317,112,4.57627661885814,Infinity,0.9599999999999999,0.0,7488.0,1,ID92282,92238,16,26.3226
92283,18,6,748.2319688109162,675.5721247563353,1026.0000000000007,0.4793685399439515,1.0,2.2974422000183234,27.689202044443608,12.052186576977984,1.9728494118568207,-0.22762242453608914,-0.08273287249188764,5.0,5.0,5.0,5.0,164.0,18.0,0.0,1026.0,18.07168899756106,94,5.120002436646592,Infinity,0.9535315985130118,0.0,5130.0,1,ID92283,92237,16,51.2964
92284,18,5,463.9341906202723,732.9947049924357,1321.9999999999998,0.5487099336828783,1.0,2.089643959107528,29.912784487904283,14.314775661916979,3.100767296859472,0.26539929743875756,-0.0012446392419319208,6.0,6.0,6.0,6.0,174.0,18.0,0.0,1322.0,20.51354843840946,82,4.785568319984002,Infinity,0.9611050527081059,0.0,7932.0,1,ID92284,92239,16,34.6286
92285,18,237,654.5793226381462,887.3315508021391,561.0,0.5424541331683207,0.7323726196603191,1.5974452337859077,17.03874916756442,10.666249338127844,1.2662968329563782,0.05109503238646977,-0.032441335753795146,7.0,7.0,7.0,7.0,114.0,18.0,0.0,561.0,13.363077719938119,64,4.813083772496539,Infinity,0.9174161896974653,0.0,3927.0,1,ID92285,92240,16,9.2464
92286,18,1,16.558656036446468,26.935649202733487,1755.9999999999993,0.3264282070830577,0.4544450579790172,2.2810754099182375,37.334731191904375,16.36716218568267,-1.2043596649443684,0.9456399775888696,-0.40882137305520044,8.0,8.0,8.0,8.0,260.0,18.0,0.0,1756.0,23.64216910815791,116,6.20456147874352,Infinity,0.7967332123411976,0.0,14048.0,1,ID92286,92241,16,19.6522
92287,18,0,207.0802994916884,404.3453084214865,14558.000000000005,0.18004891759164868,0.967602580981033,1.819940452962539,116.45955297660932,63.99085903444473,2.23863917726843,-8.770596825771376,-5.002515631078063,9.0,9.0,9.0,9.0,1008.0,18.0,0.0,14558.0,68.07316154743826,630,8.35429245958887,Infinity,0.564854692895666,0.0,131022.0,1,ID92287,92242,16,9.5454
92288,18,235,759.6150592216582,894.0913705583756,1182.0000000000005,0.3946606989630287,0.7105643994211288,2.8101325190531825,33.68958063333508,11.98860922213238,-0.06090675408582926,-0.7118793387046788,1.2368017405266698,10.0,10.0,10.0,10.0,194.0,18.0,0.0,1182.0,19.396965883076682,86,5.642778353482555,Infinity,0.9609756097560977,0.0,11820.0,1,ID92288,92244,16,19.3942
107152,18,237,630.1666666666666,894.1666666666666,232.3521955581855,0.9999999999999999,0.13585516590995117,1.0,8.60000005364418,8.60000005364418,0.0,0.0,0.0,65504.0,44277.60288808664,45248.0,19728.0,54.03539397880077,18.0,0.0,-1.0,8.60000005364418,,3.544907701811032,0.9069516444592252,1.0,11678.395086579858,1.2264896E7,1,ID107152,92240,16,32.5173
92334,20,7,347.80103806228374,183.84861591695503,1156.0000000000007,0.5271710128537964,1.0,1.5206500465039334,23.831011754327132,15.671595058387084,1.1629804772523133,0.300344996907654,-0.1365499987099724,1.0,1.0,1.0,1.0,166.0,20.0,0.0,1156.0,19.18244584062372,102,4.882352941176469,Infinity,0.9303822937625763,0.0,1156.0,1,ID92334,92279,18,25.4639
92335,20,6,842.1072902338377,471.6203576341128,727.0000000000005,0.5087854442325197,1.0,1.9669956655571437,21.402947392524364,10.881034344558184,-0.12094237809790208,-0.1549668249222199,-0.2771060825752564,2.0,2.0,2.0,2.0,134.0,20.0,0.0,727.0,15.212208493694003,74,4.969784908400301,Infinity,0.9185091598231211,0.0,1454.0,1,ID92335,92280,18,22.6249
92336,20,238,31.258992805755394,543.0359712230215,1529.000000000001,0.5001556817304037,1.0,1.399257542484271,26.635367586007323,19.035357521617026,0.8081649963579943,-0.05253521743579995,-0.5092630419247438,3.0,3.0,3.0,3.0,196.0,20.0,0.0,1529.0,22.061183467235303,114,5.012476259018131,Infinity,0.8938906752411582,0.0,4587.0,1,ID92336,92281,18,7.8587
92337,20,4,150.09699655342195,643.5898572131955,2030.9999999999989,0.5899199962500801,1.0,1.0206833599809055,25.642378824063627,25.1227558216912,1.3410334803793447,0.07955840134561357,0.01597335594116453,4.0,4.0,4.0,4.0,208.0,20.0,0.0,2031.0,25.426116078537802,130,4.615389665313049,Infinity,0.9689885496183198,0.0,8124.0,1,ID92337,92282,18,10.717
92338,20,6,741.194214876033,710.2479338842975,967.9999999999998,0.5553436246667128,1.0,1.869826069773953,24.568008258050906,13.139194417703772,1.9402786898345143,-0.20754986608163012,-0.40834317915878665,5.0,5.0,5.0,5.0,148.0,20.0,0.0,968.0,17.553460337663036,74,4.756900164345866,Infinity,0.9612711022840116,0.0,4840.0,1,ID92338,92283,18,35.3828
92339,20,5,455.9650997150997,736.534188034188,1404.0000000000005,0.5326405126965428,1.0,2.0628215624811057,31.037368121467473,15.046075087627342,-0.10137238160017278,0.05058854683069259,0.2507274273135529,6.0,6.0,6.0,6.0,182.0,20.0,0.0,1404.0,21.14017691983779,86,4.857220665420976,Infinity,0.9534804753820034,0.0,8424.0,1,ID92339,92284,18,8.7198
92341,20,237,680.56,865.3772972972973,924.9999999999993,0.4429162024951313,0.9517709118311982,2.5969645539837116,27.946891042227218,10.761367920619875,1.213165398612384,4.4886747404090086E-4,0.3215183231491094,7.0,7.0,7.0,7.0,162.0,20.0,0.0,925.0,17.15915629394424,94,5.326527188693578,Infinity,0.910881339241752,0.0,6475.0,1,ID92341,92285,18,34.0145
92342,20,237,654.4887780548628,883.793017456359,802.0000000000002,0.5784107686361375,0.7105532103976895,1.0827809932708117,16.657615184094347,15.384103791641042,-0.6831643532219659,0.06493789691606078,0.3513350847323558,8.0,8.0,8.0,8.0,132.0,20.0,0.0,802.0,15.977625878690494,84,4.66108204020656,Infinity,0.9558998808104889,0.0,6416.0,1,ID92342,107152,18,26.442
92343,20,1,23.598374679213002,25.355859709153123,2338.0000000000005,0.3694504111509953,0.44827586206896547,1.72859127726442,39.63931310930577,22.931570713486945,1.942341003434606,1.1178153517038758,-4.066305703034373,9.0,9.0,9.0,9.0,282.0,20.0,0.0,2338.0,27.280185371395532,132,5.832125419766836,Infinity,0.788532883642496,0.0,21042.0,1,ID92343,92286,18,7.2148
92345,20,0,214.74626432612794,405.3431742347309,13785.999999999996,0.16915588558792075,0.9683804727352967,1.6000690164670874,112.05182448399079,70.0293695651944,2.2589512467932025,-15.58770573991873,4.350239333326988,11.0,11.0,11.0,11.0,1012.0,20.0,0.0,13786.0,66.2436418905976,604,8.619089202451738,Infinity,0.5158369347626799,0.0,151646.0,1,ID92345,92287,18,7.7306
92347,20,235,775.09239653513,891.1222329162656,1038.999999999999,0.2649228769645152,0.7467077612776688,1.984164536683329,25.84955116678418,13.027927215145942,2.9908824366462428,-0.9320955796569966,0.03289234614323465,13.0,13.0,13.0,13.0,222.0,20.0,0.0,1039.0,18.185817873963167,126,6.887239738990447,Infinity,0.8576145274453152,0.0,13507.0,1,ID92347,92288,18,15.7596
92290,22,7,360.3218574859888,178.05044035228184,1249.0000000000002,0.5305366717595528,1.0,1.9948882468183171,28.857363057106706,14.465653954867813,1.5743819024547676,-0.5941172072043909,-0.1569673921853989,1.0,1.0,1.0,1.0,172.0,22.0,0.0,1249.0,19.93913357805586,84,4.866841780778918,Infinity,0.93104733507268,0.0,1249.0,1,ID92290,92334,20,13.7982
92292,22,0,231.2286432160804,400.22675879396985,1592.0,0.4714313794433925,1.0,1.8761904139790113,30.989155570335942,16.517063161310137,1.7193850190632463,-0.3775656915364387,-0.9080033678307015,2.0,2.0,2.0,2.0,206.0,22.0,0.0,1592.0,22.511093682995384,122,5.16292348330598,Infinity,0.9117983963344787,0.0,3184.0,1,ID92292,92345,20,17.2582
92294,22,238,28.208706786171575,524.9475032010243,781.0000000000003,0.47329935618318475,0.63903462749213,1.5528171470467151,20.0542216647811,12.914734811450266,1.9036915407382375,0.2744934665422152,0.002859347131956861,3.0,3.0,3.0,3.0,144.0,22.0,0.0,781.0,15.767054928221079,102,5.152725122144494,Infinity,0.9330943847072881,0.0,2343.0,1,ID92294,92336,20,18.3439
92298,22,4,152.02854281422134,640.1251877816725,1997.0000000000016,0.6150142661718284,1.0,1.0553349343484526,26.169918403963226,24.79773724170339,-0.917971414809874,-0.3526743580602893,-0.12001273256784936,5.0,5.0,5.0,5.0,202.0,22.0,0.0,1997.0,25.212394624649015,112,4.520248773403979,Infinity,0.9675387596899231,0.0,9985.0,1,ID92298,92337,20,3.9667
92300,22,6,749.4932502596054,717.1505711318796,963.0,0.49726392593802937,1.0,2.162879610043084,26.197951909666404,12.1125335816285,1.9479049035150537,0.09474995019880872,-0.6961355747572583,6.0,6.0,6.0,6.0,156.0,22.0,0.0,963.0,17.508067294678487,86,5.027029743037451,Infinity,0.9525222551928783,0.0,5778.0,1,ID92300,92338,20,10.7945
92302,22,5,449.7459494491251,740.7265068049255,1542.9999999999993,0.5604668128672735,1.0,1.9740538459878003,31.705362084506827,16.06104217924295,-0.14030373935637305,0.4482929532934454,0.2521068201295077,7.0,7.0,7.0,7.0,186.0,22.0,0.0,1543.0,22.16195285577489,88,4.735109005185793,Infinity,0.9628705148205922,0.0,10801.0,1,ID92302,92339,20,7.5002
92304,22,237,706.4642857142857,869.3436293436293,1036.0000000000005,0.5634851089194992,0.8662463409142085,1.8173622402183882,24.930966733009335,13.718215434042163,1.4669714692810836,0.12987382120911942,0.3782560972317104,8.0,8.0,8.0,8.0,152.0,22.0,0.0,1036.0,18.159544104586086,74,4.7224102216091195,Infinity,0.9418181818181824,0.0,8288.0,1,ID92304,92341,20,26.2062
92306,22,237,673.5118035882908,873.152030217186,1059.0000000000005,0.5198354093986863,0.8101418080526714,1.4713592931522073,22.148289129599153,15.052944058380978,1.0580884615765864,0.042654459110090075,-0.030973297235013696,9.0,9.0,9.0,9.0,160.0,22.0,0.0,1059.0,18.36001550839853,108,4.916680670904015,Infinity,0.9463806970509385,0.0,9531.0,1,ID92306,92342,20,21.7969
92307,22,1,27.49274255156608,35.514132925897634,1309.0000000000002,0.2762929846512389,0.7410773664375969,4.395001628795843,43.907988743569604,9.990437422340538,1.936317497117578,1.6674363842457351,-3.0130383577756024,10.0,10.0,10.0,10.0,244.0,22.0,0.0,1309.0,20.412438389731445,122,6.744037912437941,Infinity,0.7527314548591144,0.0,13090.0,1,ID92307,92343,20,10.8792
92308,22,6,846.8180336773493,454.93554227774763,5523.000000000001,0.47561788947058553,1.0,1.3779074195878058,50.02515326893978,36.30516285622771,1.1051634382505722,-1.2782273170626137,0.26493715626180653,11.0,11.0,11.0,11.0,382.0,22.0,0.0,5523.0,41.92881469101024,218,5.1401505743364515,Infinity,0.907418056354227,0.0,60753.0,1,ID92308,92335,20,17.3371
107535,22,235,784.7075471698113,898.6396226415094,232.3521955581855,0.9999999999999999,0.08524381426943739,1.0,8.60000005364418,8.60000005364418,0.0,0.0,0.0,34416.0,21455.84476534296,21088.0,8549.0,54.03539397880077,22.0,0.0,-1.0,8.60000005364418,,3.544907701811032,0.7193388254070405,1.0,4685.734396496513,5943269.0,1,ID107535,92347,20,12.205
92403,24,7,354.3192,177.476,1249.9999999999989,0.4848136811095355,1.0,1.891117185683852,27.542958883388195,14.564385058680703,1.029169715268882,0.030027914136662427,-0.46837168357508724,1.0,1.0,1.0,1.0,180.0,24.0,0.0,1250.0,19.947114020071623,106,5.091168824543144,Infinity,0.9147457006952058,0.0,1250.0,1,ID92403,92290,22,6.0301
92405,24,0,216.4487334137515,415.62605548854043,829.0000000000001,0.5801693717589527,0.7632045373980859,1.3282903300619842,18.72635098281397,14.09808575655302,2.490949214550067,-0.15729015819482103,-0.15844342949687748,3.0,3.0,3.0,3.0,134.0,24.0,0.0,829.0,16.244349652921244,78,4.654012368036159,Infinity,0.9567224466243511,0.0,2487.0,1,ID92405,92292,22,21.3444
92406,24,6,837.8714902807775,455.2246220302376,925.9999999999997,0.5611718358842877,1.0,1.580306129585891,21.87722329848485,13.843661610182854,0.0325706863936863,0.14364263387955487,-0.4724666773875483,4.0,4.0,4.0,4.0,144.0,24.0,0.0,926.0,17.168429008100595,80,4.73213361528558,Infinity,0.9429735234215882,0.0,3704.0,1,ID92406,92308,22,8.9512
92407,24,238,26.60508701472557,519.4598393574297,1493.9999999999995,0.49883509665885317,0.8725715479423437,1.4546643895997111,26.63118811632713,18.30744486957256,0.7129963302556905,-0.11592997957514288,-0.22160814414029867,5.0,5.0,5.0,5.0,194.0,24.0,0.0,1494.0,21.807222885057673,118,5.019106732900953,Infinity,0.9115314215985355,0.0,7470.0,1,ID92407,92294,22,5.7172
92408,24,4,133.55625327053897,640.3359497645212,1910.9999999999989,0.5885289247142527,1.0,1.0773843950281945,25.456896618322318,23.62842522668627,1.5630586590746243,0.017500727929918164,-0.05282245224865266,6.0,6.0,6.0,6.0,202.0,24.0,0.0,1911.0,24.66353973981074,128,4.620841009803944,Infinity,0.9680851063829781,0.0,11466.0,1,ID92408,92298,22,18.4735
92409,24,6,755.6737400530504,684.8713527851459,754.0000000000001,0.5606534581791016,1.0,1.387129641433116,18.720690685199386,13.495992101976903,2.1241551699833416,-0.36653419615010524,-0.31459811988874015,7.0,7.0,7.0,7.0,130.0,24.0,0.0,754.0,15.492115871712883,76,4.734320764739993,Infinity,0.952621604548326,0.0,5278.0,1,ID92409,92300,22,32.8656
92411,24,5,412.8079470198675,748.75,603.9999999999997,0.5640671708585713,0.7155480749000632,1.1460074006026864,15.459475624723634,13.489856711739803,2.3721760795091082,0.9689503183049631,-0.16388233101879923,9.0,9.0,9.0,9.0,116.0,24.0,0.0,604.0,13.865755343832138,60,4.719973060872726,Infinity,0.9371605896043441,0.0,5436.0,1,ID92411,92302,22,37.7994
92414,24,237,667.6855287569573,879.4768089053804,1078.0,0.5711986642890533,0.637634190804132,1.3542702228042678,21.524563730035336,15.893847008955667,1.1027816572960205,-0.0455248532018727,0.07132759421033794,10.0,10.0,10.0,10.0,154.0,24.0,0.0,1078.0,18.523985999404296,96,4.69041575982343,Infinity,0.9577965348733892,0.0,10780.0,1,ID92414,92306,22,8.5993
92422,24,237,719.5691390234812,870.242266120015,2682.999999999998,0.3600706176932551,0.8028894613058574,1.635528926427605,37.2431943407164,22.771345550007876,0.14441313335915626,-0.2675364090379844,-0.07215057523822091,12.0,12.0,12.0,12.0,306.0,24.0,0.0,2683.0,29.223713395650282,174,5.9076001132460405,Infinity,0.9180496150556025,0.0,32196.0,1,ID92422,92304,22,13.1356
92371,26,7,358.33376623376626,186.27597402597402,1540.0000000000002,0.5475387829932415,1.0,1.4420508979885291,26.698817345981467,18.514476419121404,0.513917863143385,-0.10139379266065113,0.25975186960504293,1.0,1.0,1.0,1.0,188.0,26.0,0.0,1540.0,22.140398025397776,110,4.790683599513679,Infinity,0.9373097991479002,0.0,1540.0,1,ID92371,92403,24,9.6724
92373,26,0,214.18973747016707,419.4212410501193,838.0,0.5693457274455551,0.7897484575225439,1.1891392445143039,17.95930101985849,15.102773794328728,2.716654657701962,-0.3938207741927824,-0.38223501439837937,3.0,3.0,3.0,3.0,136.0,26.0,0.0,838.0,16.332289631953525,76,4.698042043803574,Infinity,0.9506522972206466,0.0,2514.0,1,ID92373,92405,24,4.4166
92374,26,6,841.1652386780905,421.01468788249696,816.9999999999999,0.5550781137506187,1.0,1.3433079121427096,19.001753327730775,14.14549349107986,-0.07992578463324404,-0.016439311759781056,-0.685878920378514,4.0,4.0,4.0,4.0,136.0,26.0,0.0,817.0,16.126350393444792,78,4.758037714080973,Infinity,0.9294653014789533,0.0,3268.0,1,ID92374,92406,24,34.3681
92375,26,238,35.977959697733,515.9326196473552,1587.9999999999989,0.5194553450542053,1.0,1.4272876274077688,27.28147576720384,19.114210228776585,0.43565448603627743,-0.3331105540622684,-0.4834227483777726,5.0,5.0,5.0,5.0,196.0,26.0,0.0,1588.0,22.482795628210013,110,4.918479009639259,Infinity,0.9040705949331047,0.0,7940.0,1,ID92375,92407,24,10.0146
92376,26,4,127.99785752544189,647.2870915907873,1866.9999999999995,0.5865353484252143,1.0,1.0722944305321378,25.081260073033345,23.390273565616205,1.8600460639549536,-0.023586752671152747,-0.1868318603971433,6.0,6.0,6.0,6.0,200.0,26.0,0.0,1867.0,24.377952282854626,130,4.628687241664339,Infinity,0.9711313394018202,0.0,11202.0,1,ID92376,92408,24,8.9002
92377,26,6,772.8320855614974,652.7882352941176,935.0000000000001,0.5222025121967034,1.0,2.0211532228259945,24.68564616462655,12.213644114576757,1.8350192271254138,-0.23496550108469214,-0.23279341112693164,7.0,7.0,7.0,7.0,150.0,26.0,0.0,935.0,17.25165915446524,80,4.905524551257964,Infinity,0.9545686574783054,0.0,6545.0,1,ID92377,92409,24,36.3832
92378,26,5,425.87809778968517,746.2484929671801,1492.9999999999995,0.5664047617207535,1.0,1.8950765717950724,30.592211266047492,16.142994811586767,-0.18724837678287076,0.3040279182918713,0.1779361722903023,8.0,8.0,8.0,8.0,182.0,26.0,0.0,1493.0,21.799923396021356,88,4.710223166400298,Infinity,0.9558258642765682,0.0,11944.0,1,ID92378,92411,24,13.3074
92379,26,237,717.0586176727909,867.5791776027996,1143.0000000000005,0.5902104541507454,0.9813810150556965,1.4820364784168336,23.60915146733758,15.93020941870321,1.512760605493709,-0.11878779571452996,0.598970940234756,9.0,9.0,9.0,9.0,156.0,26.0,0.0,1143.0,19.074281111173573,82,4.6142538489637905,Infinity,0.9528970404335145,0.0,10287.0,1,ID92379,92422,24,3.6599
92380,26,237,671.6379137412237,875.9959879638917,996.9999999999997,0.5568298445562706,0.9131380324932841,1.2727069889041194,19.981414401591124,15.699932958485894,0.7085089682318486,-0.08305981239620047,0.15264231978279635,10.0,10.0,10.0,10.0,150.0,26.0,0.0,997.0,17.814459198225446,96,4.750547664146524,Infinity,0.9526994744386046,0.0,9970.0,1,ID92380,92414,24,5.2666
92348,28,7,347.5960866526904,193.12019566736546,1431.0,0.5550147021341968,1.0,1.353871150443711,25.021117990637276,18.481166381628693,0.35914596073191785,-0.21900241320323074,0.5720875249400904,1.0,1.0,1.0,1.0,180.0,28.0,0.0,1431.0,21.3424798729905,104,4.7583095143088645,Infinity,0.9368248772504094,0.0,1431.0,1,ID92348,92371,26,12.7335
92349,28,0,219.3778801843318,400.22068612391195,1953.000000000001,0.44820881382576294,1.0,1.7733209341408274,33.201796291837375,18.722948369142003,1.6153617286132544,-0.6069012810948421,-1.1551238410079139,2.0,2.0,2.0,2.0,234.0,28.0,0.0,1953.0,24.933094627762184,144,5.294985019756618,Infinity,0.8789378937893794,0.0,3906.0,1,ID92349,92373,26,19.8891
92350,28,6,828.4934895833334,412.41796875,768.0000000000005,0.5067723499174465,1.0,1.4706663941897258,18.991504604806796,12.913536801981731,-0.06349632921587574,0.1286316654919806,-0.4114770583850295,3.0,3.0,3.0,3.0,138.0,28.0,0.0,768.0,15.635280380893443,78,4.979646071760521,Infinity,0.893023255813954,0.0,2304.0,1,ID92350,92374,26,15.3126
92351,28,238,17.89107142857143,504.4428571428571,1120.0,0.5637852542894678,0.70083523158694,1.5855293691401708,25.10306680177675,15.832609152733696,0.4158485081194354,-1.662440085040673,-7.846206291782302E-4,4.0,4.0,4.0,4.0,158.0,28.0,0.0,1120.0,18.881394877652593,76,4.721153006870855,Infinity,0.9275362318840578,0.0,4480.0,1,ID92351,92375,26,21.4278
92352,28,6,773.3876050420168,634.3088235294117,952.0,0.5177971271152152,1.0,1.881033496751392,24.596143894592547,13.075867036430193,1.8851762119866033,-0.3931279945301109,-0.5779111907104003,5.0,5.0,5.0,5.0,152.0,28.0,0.0,952.0,17.407785949022028,82,4.92634829899645,Infinity,0.9505741387918125,0.0,4760.0,1,ID92352,92377,26,18.4878
92353,28,4,103.91384432560903,665.0415923945336,1682.9999999999993,0.5983816699854707,1.0,1.2412982188170736,25.848981332186654,20.82415082881541,2.1853260416428233,-0.39780632568638297,-0.21893178238120692,6.0,6.0,6.0,6.0,188.0,28.0,0.0,1683.0,23.14552955642449,116,4.58264052453002,Infinity,0.9725512857555615,0.0,10098.0,1,ID92353,92376,26,29.9209
92354,28,5,398.6524926686217,755.2705278592375,1363.999999999999,0.5290286888267253,1.0,2.007898048304327,30.108097968508464,14.994834022541532,2.9863156641491044,0.9048293757736519,0.004039053696504171,7.0,7.0,7.0,7.0,180.0,28.0,0.0,1364.0,20.836858802484844,92,4.873773249664943,Infinity,0.9329685362517092,0.0,9548.0,1,ID92354,92378,26,28.6815
92355,28,237,721.1077885952712,879.1703755215577,1438.0000000000007,0.6402508837673079,0.7632452868747764,1.1997254259424983,23.94183129780432,19.956092269192126,1.4836101863024096,0.1950152292536311,0.2138865591622737,8.0,8.0,8.0,8.0,168.0,28.0,0.0,1438.0,21.394616526881038,82,4.430266367099074,Infinity,0.9712934819317804,0.0,11504.0,1,ID92355,92379,26,12.2781
92356,28,237,664.4598811292719,880.6604754829124,1346.0000000000002,0.5992890747919306,0.7642175780965558,1.091168335853796,21.682805346965434,19.871182689698834,0.5324992940193674,-0.2549673488149675,0.07940622573080049,9.0,9.0,9.0,9.0,168.0,28.0,0.0,1346.0,20.69891559486589,98,4.579169841126026,Infinity,0.9617720614505182,0.0,12114.0,1,ID92356,92380,26,8.5605
92488,30,7,351.4714494875549,198.99853587115666,1366.0000000000007,0.5182243164839584,1.0,1.2460916512802944,23.415619915244193,18.791250138933087,0.8052483799830119,0.39557966426832886,0.32352397634648766,1.0,1.0,1.0,1.0,182.0,30.0,0.0,1366.0,20.852129496218325,118,4.92431740481536,Infinity,0.9298842750170186,0.0,1366.0,1,ID92488,92348,28,7.0408
92490,30,0,229.83468834688347,392.1463414634146,1844.9999999999993,0.4539304914929256,1.0,1.8207971114324257,32.618961895755824,17.914660392938785,-1.488505651495335,-0.6005584191817304,-0.3893893343221227,2.0,2.0,2.0,2.0,226.0,30.0,0.0,1845.0,24.233896509003532,138,5.261508228130824,Infinity,0.8861671469740628,0.0,3690.0,1,ID92490,92349,28,13.2114
92491,30,6,826.1630558722919,384.5849486887115,876.9999999999995,0.5465536118227032,1.0,1.6212956768924496,21.617054880373068,13.333197138850485,-0.21463627545590547,0.6365145874985939,-0.12916589045341156,3.0,3.0,3.0,3.0,142.0,30.0,0.0,877.0,16.7080151479218,82,4.794999295517539,Infinity,0.9255936675461736,0.0,2631.0,1,ID92491,92350,28,27.9304
92494,30,238,31.92128801431127,505.86046511627904,558.9999999999997,0.5405202503406258,0.735126745990688,1.4681346818083627,16.49165364418313,11.233065909096075,2.4366701450895496,-0.011191957697652835,-0.1846189361636057,5.0,5.0,5.0,5.0,114.0,30.0,0.0,559.0,13.339236349084564,68,4.821686252591076,Infinity,0.9410774410774405,0.0,2795.0,1,ID92494,92351,28,14.1017
92495,30,6,781.6902439024391,609.5963414634147,820.0000000000001,0.5257359134578838,1.0,2.049729177718254,23.55872994528561,11.493581786990536,1.8993364986010863,-0.22403609700697819,-0.5244622609957262,6.0,6.0,6.0,6.0,140.0,30.0,0.0,820.0,16.15593100600236,74,4.889012070387047,Infinity,0.9579439252336449,0.0,4920.0,1,ID92495,92352,28,26.0699
92497,30,4,78.90527509926262,679.6988088485537,1763.0000000000007,0.5886521254414717,1.0,1.192260494997894,25.77872805683462,21.62172458534756,-1.2704128323078954,-0.11674887554808958,0.05687695620854202,7.0,7.0,7.0,7.0,194.0,30.0,0.0,1763.0,23.689245014183616,120,4.620357429826546,Infinity,0.9670872188699949,0.0,12341.0,1,ID92497,92353,28,28.9873
92499,30,5,398.6885143570537,757.440074906367,1601.999999999999,0.546097160487288,1.0,1.9080577827361722,31.54614571135292,16.53311864911945,-0.2356421558047191,0.38488613987257386,0.24659713206132655,8.0,8.0,8.0,8.0,192.0,30.0,0.0,1602.0,22.5816836765205,98,4.797002809573515,Infinity,0.9561324977618617,0.0,12816.0,1,ID92499,92354,28,2.1698
92500,30,237,745.1499215070644,865.361852433281,1274.0,0.5809825868302215,1.0,1.4702872447621964,24.615675235976262,16.742085822799606,0.3996549311782345,0.05607769241949274,0.07161194915605254,9.0,9.0,9.0,9.0,166.0,30.0,0.0,1274.0,20.137695871130575,92,4.650754061848364,Infinity,0.960060286360211,0.0,11466.0,1,ID92500,92355,28,27.7254
92502,30,237,669.8712791633145,871.201126307321,1243.0000000000002,0.5668456479042115,1.0,1.3823081853078822,23.42094517680998,16.943359972648516,-0.38173939016875846,-0.32551537257523283,0.07010594718169527,10.0,10.0,10.0,10.0,166.0,30.0,0.0,1243.0,19.89118368841965,102,4.708391030718417,Infinity,0.9631925610228596,0.0,12430.0,1,ID92502,92356,28,10.8978
92504,30,16,21.428545909253305,80.50410861021794,5598.000000000003,0.3600793528960437,0.5586802171794515,2.7581850986556944,72.18650554480301,26.171740823335544,1.628007953324211,-0.8605115428858993,-0.22926132747480732,11.0,11.0,11.0,11.0,442.0,30.0,0.0,5598.0,42.21254248273682,170,5.907528456266073,Infinity,0.872710265804038,0.0,61578.0,1,ID92504,,,
92440,32,0,229.0456253354804,396.5077831454643,1863.0000000000014,0.4750253318430151,1.0,1.7565053556916295,32.03843258251982,18.239871844799804,1.6044996222469698,-0.2098056649692422,-0.4408820245108496,2.0,2.0,2.0,2.0,222.0,32.0,0.0,1863.0,24.351823709127054,130,5.143355546741176,Infinity,0.9013062409288831,0.0,3726.0,1,ID92440,92490,30,4.4322
92441,32,6,830.5438786565547,399.7638136511376,923.0000000000005,0.5155004478690455,1.0,1.630397412984294,21.975565099959994,13.478655525916054,0.2609684619734698,0.2697033559301201,-0.43716404251912067,3.0,3.0,3.0,3.0,150.0,32.0,0.0,923.0,17.140595816588142,86,4.9373101400747474,Infinity,0.9156746031746037,0.0,2769.0,1,ID92441,92491,30,15.7984
92442,32,238,27.630699088145896,500.30699088145894,658.0000000000003,0.5555409744859137,0.6960584255182043,1.498070722354147,17.93041279136356,11.969002880709642,1.4554337747144814,0.3676812416873138,0.22441138284286669,4.0,4.0,4.0,4.0,122.0,32.0,0.0,658.0,14.472315126092797,66,4.756055171071247,Infinity,0.9379900213827518,0.0,2632.0,1,ID92442,92494,30,7.0179
92444,32,6,790.3859649122807,580.3632610939112,968.9999999999998,0.5270435043851297,1.0,2.011188136908013,25.739865023259647,12.79833773424695,-1.3272982278140986,-0.502589672900444,-0.2371850778963711,6.0,6.0,6.0,6.0,152.0,32.0,0.0,969.0,17.562524867230596,76,4.882943503144591,Infinity,0.9565646594274428,0.0,5814.0,1,ID92444,92495,30,30.499
92445,32,4,58.518691588785046,702.1281708945261,1497.9999999999995,0.5810007154416678,1.0,1.3237944074291061,25.204429280306332,19.039534491805984,1.3513552107691458,-0.05956339326798776,-0.1766256936186144,7.0,7.0,7.0,7.0,180.0,32.0,0.0,1498.0,21.836396440423,106,4.650681503959217,Infinity,0.9584133077415224,0.0,10486.0,1,ID92445,92497,30,30.3099
92446,32,5,387.65714285714284,759.78,1399.9999999999998,0.5552619258964411,1.0,1.8221881556783919,28.809512991253516,15.81039416894238,-0.1457301178979368,0.2534226405891467,0.19678051031736718,8.0,8.0,8.0,8.0,178.0,32.0,0.0,1400.0,21.11004122822376,92,4.7572501060411545,Infinity,0.9566108643662451,0.0,11200.0,1,ID92446,92499,30,11.2768
92447,32,237,771.815923566879,878.4426751592357,1570.0000000000023,0.524210911482196,0.7496285289747399,1.1422118648034751,24.307100555697257,21.280728474904652,0.9034642287247269,-0.16528614423108018,-0.9867890081230675,9.0,9.0,9.0,9.0,194.0,32.0,0.0,1570.0,22.355011100613485,108,4.896118311713163,Infinity,0.9143855562026806,0.0,14130.0,1,ID92447,92500,30,29.7016
92448,32,237,668.7878787878788,882.4331116038433,1352.9999999999995,0.5488862164652619,0.7881057268722467,1.4449235532668905,24.9766948086261,17.285824396837608,2.601502112082854,-0.014465167520755223,-0.24169689731847604,10.0,10.0,10.0,10.0,176.0,32.0,0.0,1353.0,20.752669129696756,112,4.7847997808779255,Infinity,0.9588944011339472,0.0,13530.0,1,ID92448,92502,30,11.2841
92449,32,16,29.535521973249956,53.48480111169012,5756.999999999999,0.4855472336630899,0.4796949965729952,1.3411164232644952,57.00730032453958,42.50734636876234,-0.8947355097301913,-10.9415004653434,3.718807107671362,11.0,11.0,11.0,11.0,386.0,32.0,0.0,5757.0,42.8078265596384,198,5.087321565976591,Infinity,0.9393815778738679,0.0,63327.0,1,ID92449,92504,30,28.2093
105305,32,7,342.1666666666667,218.16666666666666,232.3521955581855,0.9999999999999999,-0.0708879568036521,1.0,8.60000005364418,8.60000005364418,0.0,0.0,0.0,19536.0,12823.85559566787,12624.0,10032.0,54.03539397880077,32.0,0.0,-1.0,8.60000005364418,,3.544907701811032,-1.4651365896331234,1.0,1335.595261937357,3552208.0,1,ID105305,92488,30,21.3072
92452,34,16,24.016468435498627,45.819762122598355,1093.0,0.550194002623561,0.9465716829919858,1.5263791128485145,23.057409765505678,15.105952100246023,1.0340380955909425,-0.12745447511894142,0.247021269151151,1.0,1.0,1.0,1.0,158.0,34.0,0.0,1093.0,18.65241822388945,96,4.779109771749337,Infinity,0.9491966999565782,0.0,1093.0,1,ID92452,92449,32,9.4453
92453,34,7,325.71746031746034,223.97857142857143,1260.000000000001,0.547876365885556,1.0,1.0149375820925661,20.101586219740305,19.805736406267954,1.0595694209036188,0.06487546175325462,0.07892970538087939,2.0,2.0,2.0,2.0,170.0,34.0,0.0,1260.0,20.026743534373644,114,4.789207443461593,Infinity,0.9516616314199403,0.0,2520.0,1,ID92453,105305,32,17.4458
92454,34,0,233.22192513368984,380.30080213903744,748.0000000000002,0.5920663403590744,0.6948640483383686,1.3544147298753264,18.022051880829004,13.306154668362128,0.46264869880286796,-0.25527298307148133,0.21302988815533314,3.0,3.0,3.0,3.0,126.0,34.0,0.0,748.0,15.43035303761633,58,4.607016272000922,Infinity,0.942659105229994,0.0,2244.0,1,ID92454,92440,32,16.7364
92456,34,6,847.0703422053232,413.26330798479086,1052.0,0.5163992924338222,1.0,1.3865520532138764,21.497644615172113,15.504390596330602,0.27332533513296764,0.16409419759336039,-0.3191379986656079,5.0,5.0,5.0,5.0,160.0,34.0,0.0,1052.0,18.29923496393627,98,4.933011327825659,Infinity,0.9232119350592367,0.0,5260.0,1,ID92456,92441,32,21.3392
92457,34,238,28.426409903713893,499.2310866574966,726.9999999999998,0.5576020163964304,0.7549788774894387,1.4337418470084884,18.26674090210014,12.740606644225258,-1.5248690775406093,0.1856776739647087,-0.02158903713486664,6.0,6.0,6.0,6.0,128.0,34.0,0.0,727.0,15.212208493693996,72,4.747257225934619,Infinity,0.9374597034171501,0.0,4362.0,1,ID92457,92442,32,1.3382
92459,34,6,804.051440329218,557.298353909465,971.9999999999999,0.48928505997264515,1.0,2.1470012914592944,26.691963096023297,12.432206353206732,1.95894849039495,-0.2533208220592784,-0.5926032853273291,8.0,8.0,8.0,8.0,158.0,34.0,0.0,972.0,17.58969042850512,90,5.067852362886716,Infinity,0.9510763209393345,0.0,7776.0,1,ID92459,92444,32,26.8092
92460,34,4,54.94843342036553,698.4046997389034,1532.0000000000002,0.5941876475678474,1.0,1.2494803130167953,24.72024172432344,19.784418743371713,1.1923405973227255,-0.08034921324949093,-0.0664065354545737,9.0,9.0,9.0,9.0,180.0,34.0,0.0,1532.0,22.08281561833924,106,4.5987851727683635,Infinity,0.9659520807061792,0.0,13788.0,1,ID92460,92445,32,5.1586
92461,34,5,371.14684860298894,777.2670565302144,1538.9999999999995,0.5590138852901712,1.0,1.5218533771384948,27.34238975691984,17.96650726519469,-0.2196815465902252,0.03686458797594743,0.19554178032599734,10.0,10.0,10.0,10.0,186.0,34.0,0.0,1539.0,22.133208417146705,108,4.74125849999161,Infinity,0.9606741573033704,0.0,15390.0,1,ID92461,92446,32,24.0497
92462,34,237,774.5401844532279,884.3735177865613,1518.0000000000014,0.6300617846676325,0.7338663620788121,1.2677638904142357,25.10827322487444,19.805165153166207,3.1243017629039747,0.25629979778999556,0.07360521714494776,11.0,11.0,11.0,11.0,174.0,34.0,0.0,1518.0,21.981683448430303,86,4.465944920352303,Infinity,0.9647283126787427,0.0,16698.0,1,ID92462,92447,32,6.5266
92463,34,237,656.3241590214067,894.9266055045872,654.0,0.5344957324265673,0.6877419354838709,1.5831997314822854,20.10803038808639,12.700880367924306,3.0736258447733507,-0.1850573105541224,2.0420409164800346,12.0,12.0,12.0,12.0,124.0,34.0,0.0,654.0,14.428259270064393,56,4.848783699435805,Infinity,0.9561403508771932,0.0,7848.0,1,ID92463,92448,32,17.6474
92466,36,16,46.13022113022113,31.72891072891073,1221.0000000000007,0.6146266031137861,0.9458167330677292,1.467951512107009,24.24358113266276,16.515246540987576,1.4570911077310031,0.5417994085967544,-0.12067745894102425,1.0,1.0,1.0,1.0,158.0,36.0,0.0,1221.0,19.71436965846001,80,4.521674075553924,Infinity,0.9675118858954048,0.0,1221.0,1,ID92466,92452,34,26.2216
92467,36,7,293.5371720116618,246.09183673469389,1371.9999999999998,0.5441566873785122,1.0,1.144023227636054,22.60863880169234,19.762394902076924,1.2244464020259243,-0.11346406866723364,-0.1798429995631726,2.0,2.0,2.0,2.0,178.0,36.0,0.0,1372.0,20.89787462504646,112,4.805548299688747,Infinity,0.9436038514442913,0.0,2744.0,1,ID92467,92453,34,39.0457
92468,36,0,239.63984168865434,375.1490765171504,758.0000000000001,0.5304805594611414,0.6546204220227989,1.5143654835945004,19.361038608494813,12.784918051974758,0.9318467401159156,0.3360971512792651,0.23483938674153712,3.0,3.0,3.0,3.0,134.0,36.0,0.0,758.0,15.533154661153457,78,4.867099172357391,Infinity,0.9375386518243662,0.0,2274.0,1,ID92468,92454,34,8.2298
92470,36,6,860.9585798816568,426.79487179487177,1014.0000000000003,0.5663244356871202,1.0,1.3457417371051468,21.054572181671904,15.645328967029613,2.1224804637561765,0.5532839698220771,0.06969049796606047,5.0,5.0,5.0,5.0,150.0,36.0,0.0,1014.0,17.96569577250945,92,4.710557197659957,Infinity,0.960682141165325,0.0,5070.0,1,ID92470,92456,34,19.3904
92471,36,238,43.569825436408976,501.0511221945137,802.0000000000002,0.5963449250127846,1.0,1.329379993657752,18.632846852621295,14.01619321903103,1.5653829964326058,0.14202384937296866,0.09977195699292388,6.0,6.0,6.0,6.0,130.0,36.0,0.0,802.0,15.977625878690494,66,4.590459585051915,Infinity,0.943529411764706,0.0,4812.0,1,ID92471,92457,34,15.2524
92472,36,6,811.2212765957447,571.4672340425532,1175.0000000000002,0.4991037544575456,1.0,2.4505344807310028,33.005078901123326,13.468522545039969,2.0527917475685666,1.6753434931375646,-4.328010145694133,7.0,7.0,7.0,7.0,172.0,36.0,0.0,1175.0,19.339444569737626,98,5.017755707527573,Infinity,0.9611451942740288,0.0,8225.0,1,ID92472,92459,34,15.8797
92473,36,4,35.77653997378768,687.0733944954128,1526.0000000000005,0.5789240900106298,1.0,1.2538699954699135,24.616117167139763,19.632112783681666,2.5296997651717748,-0.07818973832397398,-0.09414930784331353,8.0,8.0,8.0,8.0,182.0,36.0,0.0,1526.0,22.039530083839463,114,4.659015133947154,Infinity,0.9652118912080966,0.0,12208.0,1,ID92473,92460,34,22.2702
92474,36,5,345.0456852791878,779.9920232052211,1378.9999999999993,0.6139818975765764,1.0,1.4570618827202622,25.69356543844935,17.63381894973516,-0.12520305803873844,-0.11019358209668013,-0.1588294130924174,9.0,9.0,9.0,9.0,168.0,36.0,0.0,1379.0,20.951117704013956,86,4.524047421959914,Infinity,0.9680589680589677,0.0,12411.0,1,ID92474,92461,34,26.243
92475,36,237,800.9284591194969,885.7838050314465,1272.0,0.6090696319716837,0.7752965806001396,1.4957284920359561,24.967720542805335,16.692682312161992,-0.05060566187001359,-2.54717324154869E-4,-0.23944345416874474,10.0,10.0,10.0,10.0,162.0,36.0,0.0,1272.0,20.12188299403865,82,4.542254448145559,Infinity,0.9665653495440728,0.0,12720.0,1,ID92475,92462,34,26.4259
105459,36,237,687.5,896.8333333333334,232.3521955581855,0.9999999999999999,0.009111463067345796,1.0,8.60000005364418,8.60000005364418,0.0,0.0,0.0,20864.0,12577.115523465704,11984.0,8160.0,54.03539397880077,36.0,0.0,-1.0,8.60000005364418,,3.544907701811032,0.10387104860226623,1.0,2186.5806940365846,3483861.0,1,ID105459,92463,34,31.2341
92517,38,16,41.55154639175258,30.34536082474227,1163.9999999999995,0.5859339607079823,0.8983419407447676,1.6378650100875276,24.734164670633255,15.10146716505743,1.3324651857913077,0.17958888113795102,0.034826206916862994,1.0,1.0,1.0,1.0,158.0,38.0,0.0,1164.0,19.248706645328983,84,4.6310620159083395,Infinity,0.9635761589403972,0.0,1164.0,1,ID92517,92466,36,4.7831
92518,38,7,270.5820995962315,266.8600269179004,1485.9999999999982,0.5637491466289611,1.0,1.3602895564531787,25.680826625899993,18.87894125487534,0.5792509093300638,0.32150198568034866,0.4062002596128641,2.0,2.0,2.0,2.0,182.0,38.0,0.0,1486.0,21.74875837534438,106,4.721304197397233,Infinity,0.9474019764105822,0.0,2972.0,1,ID92518,92467,36,30.9557
92519,38,0,234.6936170212766,366.5631205673759,705.0000000000001,0.49338891084446523,0.6258808456117873,1.791117226659171,20.163375914615482,11.257429505172382,0.8543813569301307,0.01810997867277729,0.06567746695797265,3.0,3.0,3.0,3.0,134.0,38.0,0.0,705.0,14.980269348699057,90,5.0467319669365525,Infinity,0.9456740442655938,0.0,2115.0,1,ID92519,92468,36,9.9088
92521,38,6,858.562865497076,455.03508771929825,684.0000000000002,0.6173080652270667,1.0,1.3268159086184401,17.431770054901577,13.13804721640139,1.508758861039014,-0.09521790918691879,-0.4139908938268809,5.0,5.0,5.0,5.0,118.0,38.0,0.0,684.0,14.755472278097807,52,4.511842766121047,Infinity,0.9467128027681664,0.0,3420.0,1,ID92521,92470,36,28.3417
92523,38,238,70.9905808477237,507.75824175824175,636.9999999999999,0.5948854103260101,0.7789746658687413,1.4257077156875528,17.130201969590193,12.015227091149667,1.8425309545347863,-0.13356553204038737,-0.09080361365589182,7.0,7.0,7.0,7.0,116.0,38.0,0.0,637.0,14.239501307948768,56,4.596087340151899,Infinity,0.9543071161048686,0.0,4459.0,1,ID92523,92471,36,28.2291
92524,38,6,793.6833166833167,598.2527472527472,1000.9999999999999,0.45648631822374547,1.0,2.4815802520313177,28.44741754470382,11.463428402695401,-1.201975522044685,-0.22132288935821742,0.021589324767307943,8.0,8.0,8.0,8.0,166.0,38.0,0.0,1001.0,17.85015955306771,92,5.246758192300416,Infinity,0.9470198675496687,0.0,8008.0,1,ID92524,92472,36,32.0163
92525,38,4,20.55698778833107,696.9572591587516,1473.9999999999995,0.6409283835835784,0.7447228250147957,1.1353356597235988,23.35159922013763,20.56801353867688,-1.3553166024561885,-0.06259585252992085,0.307777149565619,9.0,9.0,9.0,9.0,170.0,38.0,0.0,1474.0,21.66076573519291,88,4.427924219100299,Infinity,0.9719749423013515,0.0,13266.0,1,ID92525,92473,36,18.1473
92526,38,5,309.9754157628344,796.3774403470716,1383.0000000000002,0.5740286219995621,1.0,1.5764260781071475,26.51336319097009,16.818653001988725,-0.21891237914489875,-0.1516360749276247,-0.06875300154489522,10.0,10.0,10.0,10.0,174.0,38.0,0.0,1383.0,20.981481658648004,98,4.67883961363839,Infinity,0.9624217118997911,0.0,13830.0,1,ID92526,92474,36,38.7092
105455,38,237,684.8333333333334,898.1666666666666,232.3521955581855,0.9999999999999999,0.07258092062227743,1.0,8.60000005364418,8.60000005364418,0.0,0.0,0.0,17344.0,13343.083032490975,13184.0,8721.0,54.03539397880077,38.0,0.0,-1.0,8.60000005364418,,3.544907701811032,1.0049701740769617,1.0,1796.9062393279455,3696034.0,1,ID105455,105459,36,2.9814
92476,40,16,49.85578583765112,20.849740932642487,1158.0000000000007,0.6135881755535474,0.718951014349332,1.3615325872348694,22.574577283665363,16.58026953986608,1.3580338612658063,-0.24225117322733367,-0.11499763764682892,1.0,1.0,1.0,1.0,154.0,40.0,0.0,1158.0,19.199032480852512,82,4.525498665258596,Infinity,0.9662077596996255,0.0,1158.0,1,ID92476,92517,38,12.6146
92477,40,7,295.0405932864949,294.85636221701793,1281.0000000000005,0.5570076386503151,1.0,1.3907542092898066,23.947053896914074,17.218753491418674,-0.1699435486950989,-0.3963458247780124,0.24093495852401062,2.0,2.0,2.0,2.0,170.0,40.0,0.0,1281.0,20.192943425895987,98,4.749789427930456,Infinity,0.9333333333333337,0.0,2562.0,1,ID92477,92518,38,37.1754
92478,40,0,236.0872093023256,359.75,688.0000000000005,0.42876725762145984,0.5495495495495496,2.213203332206291,22.576660160521246,10.200897419585528,1.0525934724577786,0.1320084667775402,0.09227223431027519,3.0,3.0,3.0,3.0,142.0,40.0,0.0,688.0,14.798554040663843,104,5.413699246807464,Infinity,0.9386084583901779,0.0,2064.0,1,ID92478,92519,38,6.9542
92480,40,6,856.2543234994913,422.53001017293997,983.0000000000005,0.5346581680191773,1.0,1.9639903961105438,24.8108432404155,12.632874014837604,1.485643225232532,0.16463277559113473,0.3053431309613113,5.0,5.0,5.0,5.0,152.0,40.0,0.0,983.0,17.688940559532284,80,4.848047084032174,Infinity,0.9585568015602149,0.0,4915.0,1,ID92480,92521,38,32.587
92483,40,6,795.6722939424031,610.1767626613704,1006.9999999999998,0.4821801253109162,1.0,2.3591450820664503,28.33900132180204,12.012402940890352,1.9573527744061612,-0.002035537189289676,-0.933095872016766,8.0,8.0,8.0,8.0,162.0,40.0,0.0,1007.0,17.90357660879739,86,5.105053282472362,Infinity,0.9491046182846371,0.0,8056.0,1,ID92483,92524,38,12.0888
92484,40,5,309.5690322580645,799.1135483870968,1549.9999999999995,0.5753152898232724,1.0,1.681601115506643,29.03874848875213,17.268511670797245,-0.26591505895949386,0.016905648033385148,-0.24257616648642322,9.0,9.0,9.0,9.0,184.0,40.0,0.0,1550.0,22.212166116452384,98,4.673604673607011,Infinity,0.9660330320972264,0.0,13950.0,1,ID92484,92526,38,2.7661
105472,40,237,687.5,892.8333333333334,232.3521955581855,0.9999999999999999,0.032813473591541326,1.0,8.60000005364418,8.60000005364418,0.0,0.0,0.0,23472.0,16585.992779783395,16992.0,9936.0,54.03539397880077,40.0,0.0,-1.0,8.60000005364418,,3.544907701811032,0.3793667392095374,1.0,2778.0657982952507,4594320.0,1,ID105472,105455,38,5.9628
107545,40,238,87.25849056603774,510.6547169811321,232.3521955581855,0.9999999999999999,-0.09635180939844201,1.0,8.60000005364418,8.60000005364418,0.0,0.0,0.0,18976.0,14269.631768953068,14160.0,10640.0,54.03539397880077,40.0,0.0,-1.0,8.60000005364418,,3.544907701811032,-1.8075004281809814,1.0,1683.5454462864122,3952688.0,1,ID107545,92523,38,16.5238
92555,42,16,65.89897260273973,39.58989726027397,1168.0000000000005,0.5879474794733023,1.0,1.4632436024818598,23.53360680011285,16.08317764738329,1.3669622951651865,0.23955841797990343,-0.06983378137095494,1.0,1.0,1.0,1.0,158.0,42.0,0.0,1168.0,19.281751659604677,84,4.623125314247157,Infinity,0.9554192229038858,0.0,1168.0,1,ID92555,92476,40,24.6694
92556,42,7,325.2545955882353,323.2178308823529,1087.9999999999998,0.6076538323743457,0.24961715160796324,1.280948352436027,21.267890818255296,16.603238356807562,1.411993817466382,0.48602223600818584,0.048184291913470796,2.0,2.0,2.0,2.0,150.0,42.0,0.0,1088.0,18.609705966725112,80,4.547542969431245,Infinity,0.9632580787959272,0.0,2176.0,1,ID92556,92477,40,41.4398
92558,42,0,220.33777777777777,358.7651851851852,1349.9999999999998,0.573438356185265,0.7949144091740069,1.285095266690523,23.461218799758562,18.25640433660433,1.246445646394593,-0.5087033895152532,-0.04266274089854678,4.0,4.0,4.0,4.0,172.0,42.0,0.0,1350.0,20.729648968280127,104,4.68124706398563,Infinity,0.9581263307310147,0.0,5400.0,1,ID92558,92478,40,15.7802
92559,42,6,858.0729800173762,406.47697654213727,1150.9999999999998,0.5377711398396566,1.0,1.6515376931695895,24.658888355275796,14.930866220770946,-1.389978080645269,-0.007443393098896828,0.14457291957057827,5.0,5.0,5.0,5.0,164.0,42.0,0.0,1151.0,19.140916357310143,96,4.8339948816763325,Infinity,0.9403594771241827,0.0,5755.0,1,ID92559,92480,40,16.1557
92560,42,238,36.18326271186441,512.3728813559322,943.9999999999999,0.6229076801068608,1.0,1.1301721192552165,18.520552663006164,16.387373522549122,2.677876297044323,0.1923100868504443,0.14906618849506076,6.0,6.0,6.0,6.0,138.0,42.0,0.0,944.0,17.334489682638434,78,4.491517428838423,Infinity,0.9657289002557544,0.0,5664.0,1,ID92560,107545,40,51.1041
92561,42,6,808.4222972972973,607.1410472972973,1184.0,0.4914315896221846,1.0,2.0264459175420453,28.063969453732096,13.848861798281778,2.0249707410749758,-0.6075429950637514,-0.0853407704844009,7.0,7.0,7.0,7.0,174.0,42.0,0.0,1184.0,19.413369239820483,98,5.056772285356139,Infinity,0.9548387096774194,0.0,8288.0,1,ID92561,92483,40,13.1064
92562,42,5,318.39869281045753,800.0571895424837,612.0,0.5340707511102649,0.6816074188562596,1.3076541779224553,16.05541836866373,12.278030873706905,1.3068236563851834,-0.24901151678144495,-0.1201231611111985,8.0,8.0,8.0,8.0,120.0,42.0,0.0,612.0,13.957279475043833,74,4.85071250072666,Infinity,0.9386503067484663,0.0,4896.0,1,ID92562,92484,40,8.8799
105174,42,230,768.8333333333334,896.8333333333334,232.3521955581855,0.9999999999999999,0.00578590346887821,1.0,8.60000005364418,8.60000005364418,0.0,0.0,0.0,32048.0,22756.184115523465,23232.0,14048.0,54.03539397880077,42.0,0.0,-1.0,8.60000005364418,,3.544907701811032,0.0664506142694893,1.0,3939.998657217691,6303463.0,1,ID105174,,,
105478,42,237,695.5,894.1666666666666,232.3521955581855,0.9999999999999999,0.004502340459956577,1.0,8.60000005364418,8.60000005364418,0.0,0.0,0.0,21440.0,15430.41155234657,15280.0,10400.0,54.03539397880077,42.0,0.0,-1.0,8.60000005364418,,3.544907701811032,0.06746642935544186,1.0,2050.2515973947397,4274224.0,1,ID105478,105472,40,8.1104
92542,44,16,64.93713163064832,32.357563850687626,1017.9999999999995,0.6169254092118842,1.0,1.1544652888510987,19.37019267804598,16.778497253323934,1.1406297813823878,0.23857752168186241,-0.09836571982111277,1.0,1.0,1.0,1.0,144.0,44.0,0.0,1018.0,18.001096192596126,84,4.513241813812004,Infinity,0.9667616334282999,0.0,1018.0,1,ID92542,92555,42,7.296
92545,44,7,321.3874029335634,324.2433132010354,1158.9999999999995,0.5160297456789354,1.0,1.6112328305394754,24.375034702208982,15.128188949605562,-1.041710017487548,-0.16938740260709387,-0.2176386832666576,4.0,4.0,4.0,4.0,168.0,44.0,0.0,1159.0,19.207320429643833,112,4.934777361746793,Infinity,0.9492219492219488,0.0,4636.0,1,ID92545,92556,42,4.0008
92546,44,6,857.4869281045752,421.5479302832244,918.0000000000002,0.43956440420597936,1.0,2.153193901184961,25.049514875929027,11.633654944937193,0.8730379797570492,-0.20957548635588946,-0.5105912995012785,5.0,5.0,5.0,5.0,162.0,44.0,0.0,918.0,17.09410645563903,112,5.34679673207404,Infinity,0.9282103134479276,0.0,4590.0,1,ID92546,92559,42,15.0823
92547,44,238,65.10681818181818,504.0465909090909,880.0000000000002,0.518784300086136,1.0,1.6666328786348479,21.394891637423807,12.837195228590794,0.8053354046077503,0.0025683856664326563,-0.034295523956753005,6.0,6.0,6.0,6.0,146.0,44.0,0.0,880.0,16.736567743768013,102,4.921658995981667,Infinity,0.9523809523809527,0.0,5280.0,1,ID92547,92560,42,30.0982
92548,44,6,803.0804780876495,575.186454183267,1254.9999999999998,0.5457022533225176,1.0,2.021612496351015,29.54310571889709,14.613634300451753,-1.3574194033195206,-0.5946542210436115,-0.6784028028214889,7.0,7.0,7.0,7.0,170.0,44.0,0.0,1255.0,19.986968433473276,80,4.798738213969912,Infinity,0.9646425826287471,0.0,8785.0,1,ID92548,92561,42,32.398
92549,44,5,287.4986301369863,808.2917808219178,730.0000000000001,0.5966083863476975,0.6654783972622274,1.2462932503277715,17.296998588824465,13.878754927281685,-1.421493273573783,-0.536867407337078,0.27099500839258805,8.0,8.0,8.0,8.0,124.0,44.0,0.0,730.0,15.243563130520608,64,4.589445903225152,Infinity,0.953625081645983,0.0,5840.0,1,ID92549,92562,42,31.9785
92551,44,237,705.5230125523012,893.4546722454672,717.0,0.48713709615568374,0.7249398556535684,1.574916086818386,27.219096762306098,17.282886999582036,2.4456854324010258,-4.406732056990113,9.767267336173466,10.0,10.0,10.0,10.0,136.0,44.0,0.0,717.0,15.10722305368455,62,5.0790130714182435,Infinity,0.956,0.0,7170.0,1,ID92551,105478,42,10.0483
105167,44,230,758.1666666666666,899.5,232.3521955581855,0.9999999999999999,0.012083732196581435,1.0,8.60000005364418,8.60000005364418,0.0,0.0,0.0,27712.0,15770.602888086643,15888.0,0.0,54.03539397880077,44.0,0.0,-1.0,8.60000005364418,,3.544907701811032,0.08250809376945165,1.0,4564.218067354849,4368457.0,1,ID105167,105174,42,10.9949
105446,44,0,198.16666666666666,298.1666666666667,232.3521955581855,0.9999999999999999,-0.08198974842905606,1.0,8.60000005364418,8.60000005364418,0.0,0.0,0.0,56800.0,35936.23104693141,35328.0,21072.0,54.03539397880077,44.0,0.0,-1.0,8.60000005364418,,3.544907701811032,-0.7139844835372468,1.0,8990.53987537855,9954336.0,1,ID105446,92558,42,64.527
92620,46,16,53.320297951582866,8.322160148975792,537.0000000000006,0.5785443261240468,0.6913385826771654,1.4256362257093975,16.839126718450718,11.811657430402034,0.285078433615908,-0.255357834114292,-1.7105589333663451,1.0,1.0,1.0,1.0,108.0,46.0,0.0,537.0,13.074112164146971,52,4.660544001622711,Infinity,0.9623655913978505,0.0,537.0,1,ID92620,92542,44,26.6955
92621,46,7,326.8258513931888,335.2020123839009,1291.9999999999989,0.5617906862889978,1.0,1.4289379726446485,24.351571663415086,17.041727583420368,2.287643582546742,-0.32046446415292373,-0.20514306856672132,2.0,2.0,2.0,2.0,170.0,46.0,0.0,1292.0,20.27945691949016,108,4.729526514634588,Infinity,0.9623836126629417,0.0,2584.0,1,ID92621,92545,44,12.234
92622,46,6,840.5543893129772,423.90362595419845,1047.9999999999998,0.5553025975648681,1.0,1.5076805499621175,22.545324192560578,14.953647968150188,0.5440636676861621,-0.08325757859467785,0.25310380178845177,3.0,3.0,3.0,3.0,154.0,46.0,0.0,1048.0,18.264412411041658,86,4.75707588675716,Infinity,0.9583904892546864,0.0,3144.0,1,ID92622,92546,44,17.0956
92623,46,6,790.4252336448598,562.8766355140187,1070.0000000000005,0.5669597131626042,1.0,2.001677473830467,27.106777833436375,13.542030715649746,1.6803216969861956,-0.6641734812396545,-0.76267670530549,4.0,4.0,4.0,4.0,154.0,46.0,0.0,1070.0,18.45512335956214,66,4.707917371971221,Infinity,0.9683257918552038,0.0,4280.0,1,ID92623,92548,44,17.6547
92624,46,5,255.3383507853403,812.0896596858639,1528.0000000000014,0.5796828371797136,1.0,1.4849910293703315,27.120063767183776,18.262779525801765,3.010350758399439,0.010797211920094469,-0.032225793511963335,5.0,5.0,5.0,5.0,182.0,46.0,0.0,1528.0,22.0539680350007,100,4.655965041879521,Infinity,0.9604022627278448,0.0,7640.0,1,ID92624,92549,44,32.3838
92625,46,237,691.9735327963176,892.921749136939,869.0000000000002,0.44872518342694456,0.7095081967213114,1.8561493925425183,37.02161735672501,19.945386672790114,2.443260294726539,-8.991137417833862,15.292210312704023,6.0,6.0,6.0,6.0,156.0,46.0,0.0,869.0,16.631635250140445,70,5.291937546111514,Infinity,0.9554700384826832,0.0,5214.0,1,ID92625,92551,44,13.56
105163,46,230,754.1666666666666,890.1666666666666,232.3521955581855,0.9999999999999999,-0.1105464939293135,1.0,8.60000005364418,8.60000005364418,0.0,0.0,0.0,20352.0,15938.425992779783,15712.0,11856.0,54.03539397880077,46.0,0.0,-1.0,8.60000005364418,,3.544907701811032,-2.630746404313179,1.0,1505.9763862171492,4414944.0,1,ID105163,105167,44,10.1544
92590,48,16,75.77339901477832,17.323891625615765,812.0,0.6037806472698016,0.7575757575757575,1.1159369461050255,16.936282234419295,15.176737622615956,-1.2750047710498862,-0.058056594759782316,-0.07896606415248975,1.0,1.0,1.0,1.0,130.0,48.0,0.0,812.0,16.07692842495848,80,4.5621056412333765,Infinity,0.9598108747044919,0.0,812.0,1,ID92590,92620,46,24.1903
92591,48,7,366.13699753896634,306.8039376538146,1219.0000000000005,0.5695421541829208,0.7592303066746844,1.4340212246555595,23.551969959919695,16.42372480614901,2.229856510504395,-0.14834936841859472,-0.3020675418725039,2.0,2.0,2.0,2.0,164.0,48.0,0.0,1219.0,19.698216956314624,102,4.697231831034879,Infinity,0.9647803719825886,0.0,2438.0,1,ID92591,92621,46,48.4955
92592,48,6,859.0231092436975,411.26680672268907,952.0,0.5316971033275526,1.0,1.487317368103262,21.41566901344145,14.398856271511375,0.6266074783653806,-0.23697308815109175,0.2573153372386529,3.0,3.0,3.0,3.0,150.0,48.0,0.0,952.0,17.407785949022028,88,4.861527926641233,Infinity,0.9430411094601288,0.0,2856.0,1,ID92592,92622,46,22.3782
92593,48,6,806.6401124648547,561.4086223055295,1066.9999999999995,0.5509663644609316,1.0,1.8786108532867638,25.877267665233635,13.774682297805056,-1.4905646739065121,-0.3358350173016557,-0.5785353566238798,4.0,4.0,4.0,4.0,156.0,48.0,0.0,1067.0,18.429233531487537,76,4.775758844396491,Infinity,0.9569506726457397,0.0,4268.0,1,ID92593,92623,46,16.2812
92594,48,5,266.0289203084833,818.1979434447301,1556.0000000000002,0.5903052975468807,1.0,1.4996987667741195,27.5543439313259,18.373252376939547,2.6694596051830706,-0.02675133824231455,-0.03138865819087459,5.0,5.0,5.0,5.0,182.0,48.0,0.0,1556.0,22.25511588156706,96,4.613883151726884,Infinity,0.9670602858918583,0.0,7780.0,1,ID92594,92624,46,12.3126
92595,48,237,710.4992816091954,887.4647988505748,1392.0000000000007,0.4745113903859586,0.7181649866282658,2.0322324914508223,30.30169074826785,14.910543392914311,-0.386518217747713,-0.09045972233176469,0.5590670306944042,6.0,6.0,6.0,6.0,192.0,48.0,0.0,1392.0,21.04964041421698,110,5.1461401672214135,Infinity,0.9534246575342474,0.0,8352.0,1,ID92595,92625,46,19.3127
92596,48,230,769.0563139931741,890.4726962457338,586.0,0.6553838714858023,0.7311669128508124,1.3092983649009122,17.026376563443918,13.00419905796833,-1.3607983406958417,-0.14981550542079058,2.070526128483545,7.0,7.0,7.0,7.0,106.0,48.0,0.0,586.0,13.657583728599336,46,4.378819639291746,Infinity,0.9622331691297207,0.0,4102.0,1,ID92596,105163,46,14.8928
92676,50,229,49.71802548214161,789.6654598621458,14363.00000000005,0.4379101064965436,0.61430391128428,1.7608283912102742,91.66563145832858,52.058242538515536,1.7678231498263621,-1.4383041152902334,2.124467600405076,8.0,8.0,8.0,8.0,642.0,50.0,0.0,14363.0,67.61571485429849,336,5.356886537666074,Infinity,0.9013492312519641,0.0,114904.0,1,ID92676,,,
105191,50,230,826.1666666666666,892.8333333333334,232.3521955581855,0.9999999999999999,-0.051474485701911106,1.0,8.60000005364418,8.60000005364418,0.0,0.0,0.0,25728.0,15646.787003610109,14528.0,10064.0,54.03539397880077,50.0,0.0,-1.0,8.60000005364418,,3.544907701811032,-0.44417814676166895,1.0,3823.322892929474,4334160.0,1,ID105191,92596,48,57.1591
105200,50,6,868.8333333333334,555.5,232.3521955581855,0.9999999999999999,-0.08384509145144176,1.0,8.60000005364418,8.60000005364418,0.0,0.0,0.0,29296.0,19816.14440433213,19120.0,14960.0,54.03539397880077,50.0,0.0,-1.0,8.60000005364418,,3.544907701811032,-1.276775721362119,1.0,2840.817065961876,5489072.0,1,ID105200,92593,48,62.4733
105207,50,6,914.1666666666666,419.5,232.3521955581855,0.9999999999999999,-0.09449991799009061,1.0,8.60000005364418,8.60000005364418,0.0,0.0,0.0,32608.0,20293.602888086643,19200.0,15280.0,54.03539397880077,50.0,0.0,-1.0,8.60000005364418,,3.544907701811032,-1.1895982768252815,1.0,3560.670320541601,5621328.0,1,ID105207,92592,48,55.7548
107089,50,5,304.8333333333333,834.1666666666666,232.3521955581855,0.9999999999999999,-0.12164522375095087,1.0,8.60000005364418,8.60000005364418,0.0,0.0,0.0,26480.0,17179.84115523466,16480.0,13072.0,54.03539397880077,50.0,0.0,-1.0,8.60000005364418,,3.544907701811032,-1.924264823617803,1.0,2472.9161634573293,4758816.0,1,ID107089,92594,48,41.9617
107198,50,237,779.5,888.8333333333334,232.3521955581855,0.9999999999999999,-0.07541486664863023,1.0,8.60000005364418,8.60000005364418,0.0,0.0,0.0,17472.0,12839.162454873645,12784.0,9760.0,54.03539397880077,50.0,0.0,-1.0,8.60000005364418,,3.544907701811032,-1.6025008569539243,1.0,1307.0087068358332,3556448.0,1,ID107198,92595,48,69.0143
92671,52,6,849.0878003696857,435.93160813308685,1082.0,0.5587119084786581,1.0,1.4474132948449359,22.61834166351662,15.62673338988486,0.4951764619611503,-0.20203418335308787,0.4138783431589301,1.0,1.0,1.0,1.0,156.0,52.0,0.0,1082.0,18.558321498747173,88,4.742539622421757,Infinity,0.9499561018437224,0.0,1082.0,1,ID92671,105207,50,67.1212
92672,52,6,802.051878354204,541.1332737030411,1117.9999999999995,0.5487969666739668,1.0,1.747796423594212,25.84477205730384,14.787060843250844,1.7985094373951278,-0.1480037649570884,-1.11519668157148,2.0,2.0,2.0,2.0,160.0,52.0,0.0,1118.0,18.864528956575562,86,4.785188836436634,Infinity,0.9551473729175562,0.0,2236.0,1,ID92672,105200,50,68.3093
92673,52,5,229.6303780964798,833.8846153846154,1533.9999999999995,0.557197725818793,1.0,1.617024058333453,28.197745648690113,17.438049547482578,-0.35595632379400016,0.013592010967752146,0.08687554837914097,3.0,3.0,3.0,3.0,186.0,52.0,0.0,1534.0,22.097225287486545,110,4.748979167049938,Infinity,0.9659949622166244,0.0,4602.0,1,ID92673,107089,50,75.2035
92674,52,237,731.3842195540309,888.7547169811321,583.0,0.6281030579707988,0.7975334018499486,1.225621972408024,15.558505955197555,12.694375839745426,2.640702840284053,-0.734125746061535,0.13628880779107758,4.0,4.0,4.0,4.0,108.0,52.0,0.0,583.0,13.622579184763433,50,4.472902979437944,Infinity,0.9541734860883799,0.0,2332.0,1,ID92674,107198,50,48.1158
107171,52,230,786.1666666666666,884.8333333333334,232.3521955581855,0.9999999999999999,-0.03647539863100479,1.0,8.60000005364418,8.60000005364418,0.0,0.0,0.0,21376.0,13875.465703971118,13440.0,9776.0,54.03539397880077,52.0,0.0,-1.0,8.60000005364418,,3.544907701811032,-0.4300138818979669,1.0,2443.049840893067,3843504.0,1,ID107171,105191,50,40.7922
92677,54,6,849.1297709923664,434.21374045801525,916.9999999999999,0.5714819407541837,1.0,1.2528171475088512,19.63799165772855,15.675066147344385,0.42619023001703593,-0.1269836895285474,0.8075013367752785,1.0,1.0,1.0,1.0,142.0,54.0,0.0,917.0,17.08479340321492,76,4.689253125455168,Infinity,0.9448737764039153,0.0,917.0,1,ID92677,92671,52,1.7184
92678,54,6,804.8681863230921,521.4717542120911,1009.0000000000003,0.5788654104222247,1.0,1.8509097185190087,25.594987627005665,13.828328508364686,1.769965128545158,-0.10047949428712144,-1.8314167342886194,2.0,2.0,2.0,2.0,148.0,54.0,0.0,1009.0,17.92134691253548,66,4.659251270152133,Infinity,0.9618684461391805,0.0,2018.0,1,ID92678,92672,52,19.8622
92679,54,5,243.8735919899875,821.770337922403,1597.9999999999989,0.5681603735215579,1.0,1.723236502281943,29.756942342235178,17.26805479272895,-0.30838872146450336,-0.11710786241975046,-0.02865234883266927,3.0,3.0,3.0,3.0,188.0,54.0,0.0,1598.0,22.55347419183344,100,4.702940256778045,Infinity,0.9652672908486856,0.0,4794.0,1,ID92679,92673,52,18.6983
92680,54,230,774.790523690773,876.497506234414,801.9999999999995,0.5612736262372494,0.9473897207608255,1.4821092275888545,19.57709712923722,13.208943554778283,1.2013155438623038,0.16124117866278004,0.0032712607272877246,4.0,4.0,4.0,4.0,134.0,54.0,0.0,802.0,15.977625878690487,76,4.731704495361207,Infinity,0.9491124260355024,0.0,3208.0,1,ID92680,107171,52,14.1033
92681,54,237,703.9849137931035,885.5991379310345,928.0000000000002,0.6304926432809967,0.3887364692971516,1.122976575221619,18.80629425168426,16.746826840954224,1.39926080700313,0.6497372250436527,0.6698172019920937,5.0,5.0,5.0,5.0,136.0,54.0,0.0,928.0,17.186959427966247,62,4.464418717230566,Infinity,0.9601655457837561,0.0,4640.0,1,ID92681,92674,52,27.5804
92686,54,35,15.91583078935892,821.3135630178805,2292.999999999999,0.29984066408663446,0.710130515848353,1.771412720524497,43.72033714943806,24.681056335924314,1.4639751303734285,-5.329189158478978,-3.7179688457778104,10.0,10.0,10.0,10.0,310.0,54.0,0.0,2293.0,27.01637594162903,142,6.473805786449181,Infinity,0.8181980374665474,0.0,22930.0,1,ID92686,,,
92694,56,6,858.918081918082,450.83916083916085,1001.0,0.5742757936894418,1.0,1.3945607107539435,21.96692464882896,15.751859692757979,0.4298684912016954,-0.1735969245476611,1.2207633776951918,1.0,1.0,1.0,1.0,148.0,56.0,0.0,1001.0,17.850159553067712,76,4.677832605183503,Infinity,0.9452313503305004,0.0,1001.0,1,ID92694,92677,54,19.2929
92695,56,6,809.176119402985,511.4457711442786,1004.9999999999998,0.5612978874413762,1.0,1.5698688177433002,22.96764755169928,14.630297316635328,-1.481566115287312,-0.6337705817522061,-0.1813598025182798,2.0,2.0,2.0,2.0,150.0,56.0,0.0,1005.0,17.885788649503535,82,4.731602234073839,Infinity,0.9612625538020084,0.0,2010.0,1,ID92695,92678,54,10.9123
92696,56,5,259.47094594594597,819.0527027027027,1479.999999999999,0.5493333089925438,1.0,1.6880885356932254,28.31680378321729,16.77447786918877,-0.31740106816173747,0.17217839120062542,-0.05498415015783746,3.0,3.0,3.0,3.0,184.0,56.0,0.0,1480.0,21.704806646271003,106,4.782852253172336,Infinity,0.9619759506012344,0.0,4440.0,1,ID92696,92679,54,15.8323
92697,56,230,786.4239130434783,879.4728260869565,736.0,0.5308108799453829,0.9692307692307692,1.4398223443854823,18.36511196178045,12.755123597987152,0.7642571043101541,-0.03592830833518636,0.2597261964068563,4.0,4.0,4.0,4.0,132.0,56.0,0.0,736.0,15.306079714651624,90,4.8655845531116055,Infinity,0.942985265855221,0.0,2944.0,1,ID92697,92680,54,12.0078
92698,56,237,711.6897321428571,887.1283482142857,895.9999999999998,0.6462045494987269,0.40865737344093905,1.0098013220683881,17.267368806748816,17.099768468692297,0.8214133726069175,0.20122075321439803,0.46510401969691156,5.0,5.0,5.0,5.0,132.0,56.0,0.0,896.0,16.888032982579006,60,4.409810491555003,Infinity,0.9639591178052712,0.0,4480.0,1,ID92698,92681,54,7.8551
92703,56,35,19.787710904054393,826.2115336187359,3971.0,0.3893531546270425,0.6825082974366216,1.7374204696717712,51.734580763138645,29.77666124361491,1.5324635627790912,-3.7570810499691576,-1.4856198627421853,10.0,10.0,10.0,10.0,358.0,56.0,0.0,3971.0,35.552898025840776,194,5.681108492570494,Infinity,0.9478458049886621,0.0,39710.0,1,ID92703,92686,54,6.2435
92711,58,6,863.0367074527253,445.2213570634038,899.0000000000003,0.5157581803464618,-0.05666316894018885,1.7463865050717131,22.742246049227386,13.022458650007437,0.4632774721005184,0.6408982295791964,0.20379543512664883,1.0,1.0,1.0,1.0,148.0,58.0,0.0,899.0,16.916281733265972,88,4.936076360141517,-Infinity,0.9364583333333337,0.0,899.0,1,ID92711,92694,56,6.9658
92712,58,6,816.8502202643172,468.41189427312776,907.9999999999999,0.5658730667446007,1.0,1.7016521699565732,22.423671858809378,13.177588378347403,1.5617602728420028,-0.29447925686514403,-0.20397994490526897,2.0,2.0,2.0,2.0,142.0,58.0,0.0,908.0,17.000746355818674,74,4.712435512359802,Infinity,0.9583113456464376,0.0,1816.0,1,ID92712,92695,56,43.7128
92714,58,5,286.454609929078,814.4531914893618,1409.9999999999998,0.5468698322915565,1.0,1.8300418797223732,28.934203942180694,15.810678576694738,2.8175310349983125,-0.2956411056686211,0.21566972837479523,3.0,3.0,3.0,3.0,180.0,58.0,0.0,1410.0,21.185300080932173,98,4.793612771621768,Infinity,0.9631147540983604,0.0,4230.0,1,ID92714,92696,56,27.3729
92715,58,230,807.1977715877438,886.3690807799443,718.0,0.5683203641414643,0.7779612051176227,1.254643894895038,17.087811046195093,13.619650257513618,-1.5688799274205847,-0.11260762672276001,0.49330467601479716,4.0,4.0,4.0,4.0,126.0,58.0,0.0,718.0,15.117754405994354,74,4.702278236431078,Infinity,0.9441157133464828,0.0,2872.0,1,ID92715,92697,56,21.8886
92716,58,237,753.1398601398602,889.9108391608391,572.0,0.6397262363308515,0.72635814889336,1.2681601089536776,15.830382386077186,12.482952487078606,1.905091383558818,-0.17076171624158418,1.0482214694248524,5.0,5.0,5.0,5.0,106.0,58.0,0.0,572.0,13.493452297211721,48,4.432082653037581,Infinity,0.9581239530988277,0.0,2860.0,1,ID92716,92698,56,41.5434
92721,58,35,27.997721354166668,832.4182942708334,6143.999999999994,0.5519730407977257,0.5439772156140057,1.1717569616182504,56.63218848969536,48.331002370563006,-1.3568026285207442,-12.24563789264185,0.7727622166709175,9.0,9.0,9.0,9.0,374.0,58.0,0.0,6144.0,44.223251132330915,164,4.771401894796401,Infinity,0.9685504847481665,0.0,55296.0,1,ID92721,92703,56,10.2921
92727,60,6,824.1427072402938,414.26862539349423,953.0000000000002,0.6288464185824562,0.5433198380566802,1.3904282850900656,20.81991724089019,14.973744035667092,1.7365560254342438,-0.012946537801441827,0.2082806102062097,1.0,1.0,1.0,1.0,138.0,60.0,0.0,953.0,17.416926294072457,72,4.470258483902985,Infinity,0.966041561074506,0.0,953.0,1,ID92727,92712,58,54.6322
92730,60,6,836.662100456621,448.81849315068496,875.9999999999997,0.4892506959190503,0.8842086395411365,1.585211534793887,21.19674458486242,13.371555858391144,0.3601572316935502,-0.2148341076193543,0.5845817902417582,2.0,2.0,2.0,2.0,150.0,60.0,0.0,876.0,16.698486766680404,94,5.068030337996146,Infinity,0.8989225243714721,0.0,1752.0,1,ID92730,92711,58,26.6188
92731,60,5,289.6575342465753,808.7404870624049,1314.0000000000007,0.5581466666869916,1.0,1.7660596336296641,27.311565987785542,15.464690697705326,2.82099557414415,-0.08396855702372692,0.1910531627143389,3.0,3.0,3.0,3.0,172.0,60.0,0.0,1314.0,20.451386027492152,94,4.744940427986909,Infinity,0.9633431085043992,0.0,3942.0,1,ID92731,92714,58,6.5493
92733,60,230,797.5989159891599,886.8523035230352,737.9999999999998,0.584151014953204,0.732394366197183,1.2522359594260362,17.165667622672284,13.708013648274555,1.1329293048448383,-0.06765834152683416,0.2235151117931253,4.0,4.0,4.0,4.0,126.0,60.0,0.0,738.0,15.32686190985087,78,4.638124095143556,Infinity,0.9547218628719272,0.0,2952.0,1,ID92733,92715,58,9.611
92738,60,35,16.4,835.0878706199461,1854.9999999999993,0.3060099964508015,0.7226435536294692,2.061665536043746,35.98602607184703,17.454832242528912,1.720563795057449,0.6408192189201347,0.6627865936918906,7.0,7.0,7.0,7.0,276.0,60.0,0.0,1855.0,24.299482275779695,136,6.408215750933496,Infinity,0.786350148367952,0.0,12985.0,1,ID92738,92721,58,11.901
92739,62,6,823.6436567164179,397.785447761194,1071.9999999999995,0.568019450944216,0.6333164042661249,1.5417577684152515,23.2265005243746,15.064947944610491,1.813370587512243,0.10394465012568199,-0.1789367759951696,1.0,1.0,1.0,1.0,154.0,62.0,0.0,1072.0,18.472363086216756,84,4.703523607717752,Infinity,0.9499335400974743,0.0,1072.0,1,ID92739,92727,60,16.4907
92740,62,6,835.293984108967,439.1362088535755,881.0000000000003,0.49204322272224155,0.9606824925816023,1.7635864003117137,22.56628824268561,12.795680573799515,0.08161520607260964,0.08756012848917431,0.6238943604601265,2.0,2.0,2.0,2.0,150.0,62.0,0.0,881.0,16.746074457254743,86,5.053628403969067,Infinity,0.9022017409114186,0.0,1762.0,1,ID92740,92730,60,9.7785
92741,62,5,331.0492957746479,802.586854460094,1277.9999999999993,0.5690129551144775,1.0,1.6811899432964927,26.385838346889095,15.694739581389298,2.8558401477374584,-0.16369719746937036,0.14540734922171916,3.0,3.0,3.0,3.0,168.0,62.0,0.0,1278.0,20.169284433089942,92,4.69941560646146,Infinity,0.9601803155522161,0.0,3834.0,1,ID92741,92731,60,41.8467
92742,62,230,805.9090909090909,879.6515151515151,594.0000000000001,0.5015065939888034,0.9109919571045576,1.7115283038991864,17.694004327282734,10.338131298776908,-1.0984839828526312,-0.3067843348991245,-0.04295655031626204,4.0,4.0,4.0,4.0,122.0,62.0,0.0,594.0,13.750493532712625,74,5.005720633159531,Infinity,0.8925619834710744,0.0,2376.0,1,ID92742,92733,60,10.9959
107217,62,307,688.8333333333334,894.1666666666666,232.3521955581855,0.9999999999999999,0.05222713054155295,1.0,8.60000005364418,8.60000005364418,0.0,0.0,0.0,17632.0,13969.270758122744,13952.0,10096.0,54.03539397880077,62.0,0.0,-1.0,8.60000005364418,,3.544907701811032,0.9732674791705309,1.0,1424.81404926227,3869488.0,1,ID107217,,,
92761,64,6,820.3344298245614,388.54605263157896,911.9999999999994,0.5526875964648706,0.805940594059406,1.4041226799106667,20.274617188426433,14.439348839316766,1.3613270854811501,0.43136273884760445,-0.16261618528260904,1.0,1.0,1.0,1.0,144.0,64.0,0.0,912.0,17.038151783559652,82,4.768316485434159,Infinity,0.9392378990731202,0.0,912.0,1,ID92761,92739,62,9.8141
92762,64,6,840.1998132586368,436.2754435107376,1071.0000000000005,0.5128251382403094,0.9876275904732446,1.7626340105990352,24.57099507326572,13.93993019850741,0.2757527225516112,-0.12639716666059925,0.30738595888851705,2.0,2.0,2.0,2.0,162.0,64.0,0.0,1071.0,18.463745234996065,98,4.95017188395234,Infinity,0.9296875000000002,0.0,2142.0,1,ID92762,92740,62,5.679
92763,64,5,358.6336166194523,786.1397544853636,1059.0000000000005,0.607550515002117,1.0,1.2281187646508662,20.36084439830545,16.578888772287183,-0.3705862294129355,-0.1408013339409776,0.0910609539773194,3.0,3.0,3.0,3.0,148.0,64.0,0.0,1059.0,18.36001550839853,86,4.547929620586214,Infinity,0.9640418752844793,0.0,3177.0,1,ID92763,92741,62,32.1154
92764,64,230,802.9541809851088,883.2577319587629,873.0,0.576057632132722,0.7535989286909943,1.3358057088424529,19.33578543378271,14.474998351772433,-1.4664107376625148,0.087501141841071,-0.09972552992947843,4.0,4.0,4.0,4.0,138.0,64.0,0.0,873.0,16.669868944849245,80,4.6705923596146475,Infinity,0.9473684210526315,0.0,3492.0,1,ID92764,92742,62,4.6622
107213,64,307,671.5,895.5,232.3521955581855,0.9999999999999999,0.04809082500060915,1.0,8.60000005364418,8.60000005364418,0.0,0.0,0.0,14608.0,11840.653429602888,11840.0,8800.0,54.03539397880077,64.0,0.0,-1.0,8.60000005364418,,3.544907701811032,0.7967193725449181,1.0,1363.8405421387467,3279861.0,1,ID107213,107217,62,17.3845
92768,66,6,823.9002525252525,368.9861111111111,792.0000000000003,0.5077839554373709,1.0,1.6310310052885892,20.644547011406004,12.65736024911018,-0.8843066277442688,-0.19111358991389937,-0.3092250780065529,1.0,1.0,1.0,1.0,140.0,66.0,0.0,792.0,15.877702285203686,80,4.974683381630909,Infinity,0.9025641025641031,0.0,792.0,1,ID92768,92761,64,19.8823
92769,66,6,846.7348608837971,436.823240589198,1221.9999999999986,0.5440796800859868,1.0,1.6748481690045667,25.561515187543694,15.261989510808007,0.9932165697092696,0.12932673830895064,-0.345603997690182,2.0,2.0,2.0,2.0,168.0,66.0,0.0,1222.0,19.722441048627623,104,4.805888368601237,Infinity,0.9595602669807606,0.0,2444.0,1,ID92769,92762,64,6.558
92770,66,5,379.9706325301205,773.3531626506024,1327.9999999999986,0.5640934348252084,1.0,1.4866305975667842,24.947594965746497,16.781300618041243,-0.21386904693702558,0.1907117233484945,0.004168494452641853,3.0,3.0,3.0,3.0,172.0,66.0,0.0,1328.0,20.560046907827658,104,4.719863179556688,Infinity,0.961970300615718,0.0,3984.0,1,ID92770,92763,64,24.875
92771,66,230,808.4654761904762,868.4285714285714,840.0000000000001,0.5707045477974538,1.0,1.3269878636352277,18.755518402603403,14.133903494206379,-0.4051943380546616,-0.2997030340845789,-0.007832671808686862,4.0,4.0,4.0,4.0,136.0,66.0,0.0,840.0,16.35176762293252,84,4.692445803528008,Infinity,0.945945945945946,0.0,3360.0,1,ID92771,92764,64,15.8202
107209,66,307,688.8333333333334,886.1666666666666,232.3521955581855,0.9999999999999999,-0.03284157485773915,1.0,8.60000005364418,8.60000005364418,0.0,0.0,0.0,19264.0,12322.888086642599,11744.0,8928.0,54.03539397880077,66.0,0.0,-1.0,8.60000005364418,,3.544907701811032,-0.3943209136958976,1.0,2122.3599606681737,3413440.0,1,ID107209,107213,64,19.6864
92848,68,6,835.1641791044776,377.9609644087256,871.0,0.48645816911585954,1.0,1.8552005291547844,23.201585821520524,12.506241485437153,3.0275676817791637,-0.057435352384127704,0.15170046389426248,1.0,1.0,1.0,1.0,150.0,68.0,0.0,871.0,16.65076307158569,84,5.082556106787728,Infinity,0.8901379662749104,0.0,871.0,1,ID92848,92768,66,14.4022
92850,68,6,839.9463636363637,440.1736363636364,1099.9999999999998,0.5016333167293906,1.0,1.7705874998994995,24.957113348120107,14.095385486194102,0.9681955045849466,0.08996458070549564,0.028375302367391584,2.0,2.0,2.0,2.0,166.0,68.0,0.0,1100.0,18.712051592547773,106,5.005088319990877,Infinity,0.9290540540540538,0.0,2200.0,1,ID92850,92769,66,7.5703
92851,68,5,389.95637119113576,772.3164819944599,1444.0,0.5600567644177359,1.0,1.6377412174855555,27.442675411024684,16.756417386354705,-0.26038650474661684,0.30303652021969707,0.15761433278223738,3.0,3.0,3.0,3.0,180.0,68.0,0.0,1444.0,21.43920417481474,104,4.7368421052631575,Infinity,0.9613848202396804,0.0,4332.0,1,ID92851,92770,66,10.0394
92852,68,230,810.8602520045819,887.7010309278351,873.0,0.6109624385350612,0.7378898473788984,1.259805670486839,18.896019233778233,14.9991539778322,2.6600379390559628,-0.045187496477854444,0.02885201313282784,4.0,4.0,4.0,4.0,134.0,68.0,0.0,873.0,16.669868944849245,74,4.535212870930165,Infinity,0.9609246009906439,0.0,3492.0,1,ID92852,92771,66,19.4207
92859,68,307,687.8511872638963,857.3298704803022,7411.999999999986,0.5706667176847247,0.730226043652492,1.3248578495473282,56.17100714066796,42.39776151068602,-0.7507976652974351,-0.6646881629820948,0.5509552736180258,8.0,8.0,8.0,8.0,404.0,68.0,0.0,7412.0,48.57275858332788,214,4.69260133459929,Infinity,0.9613488975356661,0.0,59296.0,1,ID92859,107209,66,28.8535
92793,70,6,826.473481195757,375.09257473481193,1036.9999999999989,0.4729034085894342,1.0,2.0773112717213147,26.30254088344262,12.661819748201552,0.3451626939855461,-0.12169449532780474,-0.023645273081725256,1.0,1.0,1.0,1.0,166.0,70.0,0.0,1037.0,18.16830624941661,104,5.154881780569658,Infinity,0.9242424242424232,0.0,1037.0,1,ID92793,92848,68,9.1518
92794,70,6,841.0748189863234,436.72003218020916,1242.9999999999993,0.553429658221671,0.9890652086944927,1.794527603615576,26.700117422966315,14.878632888773339,1.3122610645036212,-0.006183037909804384,0.10940933725678863,2.0,2.0,2.0,2.0,168.0,70.0,0.0,1243.0,19.89118368841964,90,4.765118633498159,Infinity,0.9528555001916438,0.0,2486.0,1,ID92794,92850,68,3.6333
92795,70,5,420.16466165413533,758.5759398496241,1330.0000000000002,0.5921652819266476,1.0,1.3595608514888267,24.115389254910394,17.737631403921448,2.794294228630683,0.05335996724843711,0.29033644142715087,3.0,3.0,3.0,3.0,168.0,70.0,0.0,1330.0,20.575523046193545,96,4.606631375699487,Infinity,0.964467005076142,0.0,3990.0,1,ID92795,92851,68,33.1865
92796,70,307,680.2023945267958,882.6208665906499,1753.9999999999989,0.5401777780998425,0.7569282136894825,1.5488511435580063,29.682052170418345,19.163915327739637,3.0913689419058565,-1.2086836086998392,-0.011902380182032631,4.0,4.0,4.0,4.0,202.0,70.0,0.0,1754.0,23.62870162252612,114,4.823214482847355,Infinity,0.9292715231788073,0.0,7016.0,1,ID92796,92859,68,26.4223
92797,70,230,822.5995123437976,875.1374580920451,3281.000000000002,0.5111865451511663,0.7388923239996467,1.7308218843933065,42.61435867595918,24.620880438484004,-0.40112964779689325,-0.048974619036590644,-0.10943769998504396,5.0,5.0,5.0,5.0,284.0,70.0,0.0,3281.0,32.31678722535732,160,4.958099349734824,Infinity,0.9449884792626734,0.0,16405.0,1,ID92797,92852,68,17.1946
92803,72,6,795.2502424830262,372.5140640155189,1030.999999999999,0.5189844617611078,1.0,1.5009815170297638,22.71605388821129,15.1341329859699,1.0246123525544903,-0.0012646761184641957,-0.1280848846958189,1.0,1.0,1.0,1.0,158.0,72.0,0.0,1031.0,18.115669809738968,92,4.920709812927969,Infinity,0.9313459801264673,0.0,1031.0,1,ID92803,92793,70,31.3295
92804,72,6,837.5164756446991,444.06876790830944,1396.0000000000025,0.5794244080342659,1.0,1.4558376689907815,25.52460751275203,17.532591755539784,0.9331795324108503,0.1743662000348864,-0.18818301217906752,2.0,2.0,2.0,2.0,174.0,72.0,0.0,1396.0,21.07986245478306,102,4.657003229878042,Infinity,0.96542185338866,0.0,2792.0,1,ID92804,92794,70,8.1649
92805,72,5,448.4547970479705,753.7573800738007,1084.0,0.605419810931793,1.0,1.1743941359321015,20.208074007785196,17.207233406139505,-0.4839577486382365,0.10104157422389884,-0.049479998623586395,3.0,3.0,3.0,3.0,150.0,72.0,0.0,1084.0,18.575465448360347,86,4.555925544230902,Infinity,0.9622725255215269,0.0,3252.0,1,ID92805,92795,70,28.6976
92807,72,307,684.5766033254157,867.4976247030879,1684.0,0.5397859431328652,0.7529493407356004,1.372313955630933,27.50408005220761,20.04211932652275,0.09313839706416438,-0.36705884375648906,0.0066005547073479005,4.0,4.0,4.0,4.0,198.0,72.0,0.0,1684.0,23.152404806704283,102,4.824964770402936,Infinity,0.9245127642053251,0.0,6736.0,1,ID92807,92796,70,15.7431
92816,72,230,813.6568848758465,875.8073739653875,2658.0,0.4792443338637322,0.6746572260058203,1.0475558380697862,29.672717877582198,28.32566704249082,0.26494436222649675,-0.19922573739230529,0.2809770739421444,7.0,7.0,7.0,7.0,264.0,72.0,0.0,2658.0,29.087242521017966,116,5.120665870921991,Infinity,0.8858523579403434,0.0,18606.0,1,ID92816,92797,70,8.9677
92817,72,245,739.4811746987951,892.4269578313254,1328.0,0.408982947158832,0.5779389558630592,2.121664224298845,44.00906101152463,20.742707779817746,-0.3774602987240709,-9.450070499291837,11.607616072961722,8.0,8.0,8.0,8.0,202.0,72.0,0.0,1328.0,20.56004690782767,78,5.5430951294793624,Infinity,0.9588447653429601,0.0,10624.0,1,ID92817,,,
92825,74,6,784.7001067235859,361.5368196371398,936.9999999999995,0.5096385589358785,1.0,1.4253609359330657,20.928637105562665,14.683043836796623,1.0424743919321129,-0.5414210790620155,0.2590842602441914,1.0,1.0,1.0,1.0,152.0,74.0,0.0,937.0,17.270100270531486,92,4.96562355492449,Infinity,0.9236076885165103,0.0,937.0,1,ID92825,92803,72,15.2252
92826,74,6,830.2654521795706,452.52830188679246,1536.9999999999998,0.6095982715020214,1.0,1.380096008012507,26.107513935018023,18.91717227167099,1.2238587245814052,0.1127027976708314,0.08617238207288806,2.0,2.0,2.0,2.0,178.0,74.0,0.0,1537.0,22.118822189811244,98,4.540284514686341,Infinity,0.9697160883280759,0.0,3074.0,1,ID92826,92804,72,11.1419
92827,74,5,478.13922155688624,749.1661676646706,1336.0,0.6092564646822417,1.0,1.1525664624017,22.30850647937883,19.355505480258998,-0.0475883941123336,-0.006527498861292248,0.2755525690629706,3.0,3.0,3.0,3.0,166.0,74.0,0.0,1336.0,20.62188177498708,92,4.5415579378660365,Infinity,0.968466835810076,0.0,4008.0,1,ID92827,92805,72,30.0374
92828,74,307,689.2125576036866,862.5489631336405,1735.9999999999982,0.5140734137649048,0.9296035568729158,1.2843932143605252,26.99360599282395,21.01662146063544,0.20371773796742776,-0.01721366564429135,-0.006827243980638494,4.0,4.0,4.0,4.0,206.0,74.0,0.0,1736.0,23.50714704967534,118,4.944158215594391,Infinity,0.9266079530290889,0.0,6944.0,1,ID92828,92807,72,6.781
92829,74,245,734.1410256410256,894.2161172161173,546.0,0.6106477710430854,0.7080291970802921,1.071619835881464,15.48418078089082,14.449322663157186,0.4214733798195369,0.12524582466363704,2.9003787133531453,5.0,5.0,5.0,5.0,106.0,74.0,0.0,546.0,13.183216521636506,48,4.536381220615676,Infinity,0.9655172413793104,0.0,2730.0,1,ID92829,92817,72,5.6319
92834,74,230,813.9346082665022,880.760641579272,1621.0,0.48001901135536384,0.7259982253771075,1.3045033107444994,26.770672185252344,20.521735717155003,2.0742330513836023,-0.8897082937124837,0.08252476534299773,10.0,10.0,10.0,10.0,206.0,74.0,0.0,1621.0,22.715200318375462,104,5.116532215514699,Infinity,0.8824169842133913,0.0,16210.0,1,ID92834,92816,72,4.961
92843,76,6,772.4119266055046,362.92660550458714,1090.0000000000007,0.521922876453723,1.0,1.5204741804487794,23.26992903793517,15.304389470833945,0.7313988788344562,-0.003845413098686113,0.2131513533602115,1.0,1.0,1.0,1.0,162.0,76.0,0.0,1090.0,18.626802622574065,94,4.906838515804598,Infinity,0.9429065743944641,0.0,1090.0,1,ID92843,92825,74,12.3665
92844,76,6,829.4728546409807,494.4273204903678,1142.0,0.5748596074987252,1.0,1.323404900612423,22.257005500900235,16.817986309859144,1.0874911869527695,0.30338333089857555,0.10238990957955192,2.0,2.0,2.0,2.0,158.0,76.0,0.0,1142.0,19.065935330370994,90,4.6754566537602384,Infinity,0.9536534446764092,0.0,2284.0,1,ID92844,92826,74,41.9065
92845,76,5,523.724,734.1928,1250.0000000000005,0.5985354087772051,1.0,1.2494611488515188,22.509504473070326,18.015369660561785,0.6483076071249795,-0.10709696203132514,0.4129311717331889,3.0,3.0,3.0,3.0,162.0,76.0,0.0,1250.0,19.947114020071638,94,4.582051942088827,Infinity,0.9652509652509654,0.0,3750.0,1,ID92845,92827,74,47.981
92846,76,307,700.6466498103666,848.5126422250316,1582.0,0.47770084371194277,0.7876547860068741,1.2442148488301918,25.397799261690764,20.412711908694643,0.7151561554328121,0.6037360543247056,0.27015116521839183,4.0,4.0,4.0,4.0,204.0,76.0,0.0,1582.0,22.440281636885864,122,5.128931842573544,Infinity,0.9003984063745021,0.0,6328.0,1,ID92846,92828,74,18.1041
92847,76,245,721.4322429906542,888.4334112149533,856.0,0.5990651172806556,0.5469879518072289,1.2976806292710317,19.746505506490916,15.216768333502412,1.1724796906276929,0.27417243103509453,1.612650035702317,5.0,5.0,5.0,5.0,134.0,76.0,0.0,856.0,16.50676414605009,60,4.580025711065244,Infinity,0.9432506887052343,0.0,4280.0,1,ID92847,92829,74,13.9626
92869,78,6,728.7408568443051,356.2194357366771,957.0000000000006,0.5490329016591369,1.0,1.488982650633563,21.640202029773572,14.533548809696105,1.2753509210248009,-0.5495747603299861,0.15659451581835232,1.0,1.0,1.0,1.0,148.0,78.0,0.0,957.0,17.453439806464736,84,4.784160560380744,Infinity,0.9373163565132228,0.0,957.0,1,ID92869,92843,76,44.1831
92870,78,6,823.0320895522389,526.329104477612,1339.9999999999995,0.5966176524674491,1.0,1.342756139349841,24.071119268924978,17.92664994298976,1.5445411802753917,-0.05650833077246202,0.3342505490679159,2.0,2.0,2.0,2.0,168.0,78.0,0.0,1340.0,20.65272978291924,94,4.589410263548487,Infinity,0.9657657657657656,0.0,2680.0,1,ID92870,92844,76,32.5455
92871,78,5,539.4044117647059,727.5401069518716,1496.0,0.6209304544550576,1.0,1.2284849381617995,24.309255368694625,19.787996265602516,2.4997184103835735,-0.23066165367519112,0.04584900836948613,3.0,3.0,3.0,3.0,174.0,78.0,0.0,1496.0,21.821814538001895,98,4.498662902956667,Infinity,0.9720597790773229,0.0,4488.0,1,ID92871,92845,76,17.0333
92872,78,307,714.1584062196307,839.7249757045676,1029.0,0.5313443196160251,0.600207347890883,1.4004806716773581,21.46940106109866,15.330023109411943,-0.8587127135255133,-0.10706013063772622,0.10016131046409918,4.0,4.0,4.0,4.0,156.0,78.0,0.0,1029.0,18.098090310392436,100,4.863141553830687,Infinity,0.9414455626715462,0.0,4116.0,1,ID92872,92846,76,16.118
92874,78,245,714.7866666666666,882.0613333333333,750.0,0.5576791692762946,0.7357762777242045,1.2379258150169443,17.16361542624334,13.864817437390956,0.4398844331193083,0.08127366426232417,0.16723009260856858,6.0,6.0,6.0,6.0,130.0,78.0,0.0,750.0,15.450968080927584,80,4.74692883171144,Infinity,0.946969696969697,0.0,4500.0,1,ID92874,92847,76,9.2069
92915,80,6,682.474358974359,353.0230769230769,779.9999999999994,0.48610241416386374,1.0,1.8727260270074715,21.76155968833039,11.620258048692977,0.653909172556935,0.3512021345534769,0.6113724499885003,1.0,1.0,1.0,1.0,142.0,80.0,0.0,780.0,15.756957549709796,88,5.084415605679975,Infinity,0.9258160237388715,0.0,780.0,1,ID92915,92869,78,46.3768
92916,80,6,814.7303135888502,546.0487804878048,1434.9999999999993,0.5956117661383737,1.0,1.3515623509979278,24.9106227453737,18.430983022707693,1.337881092247395,0.061010354741406994,0.009110615388992835,2.0,2.0,2.0,2.0,174.0,80.0,0.0,1435.0,21.3722878202999,98,4.593283992931557,Infinity,0.9637340496977835,0.0,2870.0,1,ID92916,92870,78,21.3959
92917,80,5,567.0882768361582,719.3848870056497,1415.9999999999993,0.6304556685775432,1.0,1.0796311863374288,22.247864727754255,20.606911887409012,1.3023173388706117,0.0020812345823070046,0.05494925171299794,3.0,3.0,3.0,3.0,168.0,80.0,0.0,1416.0,21.230327337001835,90,4.464549629002965,Infinity,0.9682051282051277,0.0,4248.0,1,ID92917,92871,78,28.8601
92918,80,307,732.7886866059818,839.4408322496749,1537.9999999999995,0.49298739936956437,0.8669768853371098,1.5068289196988944,27.277219425135723,18.102399727360194,1.4821267526967188,0.38079114500714806,-0.6483766190212928,4.0,4.0,4.0,4.0,198.0,80.0,0.0,1538.0,22.126016472710806,118,5.0487866932682195,Infinity,0.9009958992384297,0.0,6152.0,1,ID92918,92872,78,18.6324
92919,80,245,707.9657738095239,876.0625,672.0,0.5492066241447298,0.6427640156453717,1.322797489560748,16.904765390331303,12.779556601626716,0.40689744428458563,-0.10833037952929482,0.2919230093069461,5.0,5.0,5.0,5.0,124.0,80.0,0.0,672.0,14.625465582862905,72,4.783403848824849,Infinity,0.9451476793248945,0.0,3360.0,1,ID92919,92874,78,9.0835
92981,82,6,666.9250780437045,388.24453694068677,961.0000000000002,0.5367236515732964,1.0,1.4548177855546671,21.57164157309129,14.827727422143687,0.7203551869860337,0.3863266973437807,-0.19784438302870377,1.0,1.0,1.0,1.0,150.0,82.0,0.0,961.0,17.489877089980446,86,4.838709677419354,Infinity,0.9235944257568477,0.0,961.0,1,ID92981,92915,80,38.5011
92982,82,6,805.1523656776263,582.9751403368083,1246.9999999999998,0.5970989237961395,1.0,1.3190544550191683,22.946038246844964,17.395823318387198,1.3967225713607776,0.07921970522821968,0.22353204806603577,2.0,2.0,2.0,2.0,162.0,82.0,0.0,1247.0,19.92316310406525,90,4.587560321487653,Infinity,0.964796905222437,0.0,2494.0,1,ID92982,92916,80,38.1483
92983,82,5,570.4364377974167,721.9415363698165,1470.9999999999993,0.6105539428498591,1.0,1.2495012451907808,24.198474115537447,19.366506603074807,3.0178986633200626,-0.06206707415930483,0.10634336312142485,3.0,3.0,3.0,3.0,174.0,82.0,0.0,1471.0,21.63871166627893,100,4.53672977630609,Infinity,0.9690382081686425,0.0,4413.0,1,ID92983,92917,80,4.2127
92984,82,307,746.7234687689509,840.1249241964828,1648.9999999999998,0.4883105180289912,1.0,1.4218726625403606,27.18276904733439,19.11758328538987,-1.4459010747511019,-0.1337884831015855,-1.0661243730566485,4.0,4.0,4.0,4.0,206.0,82.0,0.0,1649.0,22.91054347493902,122,5.072906905851877,Infinity,0.9030668127053668,0.0,6596.0,1,ID92984,92918,80,13.9516
92985,82,245,700.458452722063,872.3696275071633,697.9999999999995,0.5704556899598529,0.6754680748919827,1.3486322766460217,17.262230911742062,12.799805559060422,0.5703405788609317,-0.02736190682754055,0.02706357769317551,5.0,5.0,5.0,5.0,124.0,82.0,0.0,698.0,14.905713688256787,72,4.6934692174476815,Infinity,0.9522510231923597,0.0,3490.0,1,ID92985,92919,80,8.3664
92906,84,6,629.0768374164811,380.0456570155902,898.0,0.45203496281423394,1.0,1.939604989838008,23.63023600545404,12.183014649507367,1.265399975855361,0.06221323953472864,0.3195729955913654,1.0,1.0,1.0,1.0,158.0,84.0,0.0,898.0,16.906870727400857,94,5.272528289701399,Infinity,0.8701550387596899,0.0,898.0,1,ID92906,92981,82,38.7261
92907,84,6,797.6318252730109,612.8603744149766,1281.9999999999995,0.5846308291337079,1.0,1.2915441700837667,22.913147748412054,17.74089363658849,-1.5120680986740556,0.12104742344636134,0.11963410731740107,2.0,2.0,2.0,2.0,166.0,84.0,0.0,1282.0,20.20082359924019,98,4.636220419866949,Infinity,0.963185574755822,0.0,2564.0,1,ID92907,92982,82,30.817
92908,84,5,580.5601604278074,722.3776737967914,1496.0000000000002,0.6068985808071192,1.0,1.3514276051208545,25.9043160947729,19.168112295927497,2.808757220701138,-0.08440706092349567,1.0707986613949623,3.0,3.0,3.0,3.0,176.0,84.0,0.0,1496.0,21.821814538001895,96,4.550371671956168,Infinity,0.9730081300813012,0.0,4488.0,1,ID92908,92983,82,10.1331
92909,84,307,761.3540439207285,843.8350294590251,1867.0000000000005,0.5422849005410637,1.0,1.3162368863062799,28.46111709005444,21.623096409282457,-1.4716669276956393,0.2459319319897238,-0.2827429877014127,4.0,4.0,4.0,4.0,208.0,84.0,0.0,1867.0,24.377952282854633,112,4.813834731330911,Infinity,0.9270109235352536,0.0,7468.0,1,ID92909,92984,82,15.0937
92910,84,245,687.6238244514107,874.5705329153604,638.0,0.5567600313861911,0.6046277665995976,1.1555504022903687,15.578093988456734,13.481102994365315,0.5164317097182778,-0.371081935780617,0.17420552387309687,5.0,5.0,5.0,5.0,120.0,84.0,0.0,638.0,14.250673927406327,68,4.750845494789375,Infinity,0.9423929098966026,0.0,3190.0,1,ID92910,92985,82,13.022
92944,86,6,615.7777777777778,395.14355948869223,1016.9999999999995,0.44221449532191254,1.0,2.124581552428346,26.3769171460022,12.415111632619617,0.6217733957997263,-0.43556077238012836,-0.4989980577214852,1.0,1.0,1.0,1.0,170.0,86.0,0.0,1017.0,17.992252617416057,112,5.330751587507052,Infinity,0.9216130493883095,0.0,1017.0,1,ID92944,92906,84,20.1199
92946,86,6,790.414125200642,639.954253611557,1246.0000000000005,0.5682137387680191,1.0,1.3804881265276079,23.494104714693,17.018693796221616,1.4619868109316727,0.2962936069598123,0.07453955909020804,2.0,2.0,2.0,2.0,166.0,86.0,0.0,1246.0,19.9151730644,96,4.702719407261609,Infinity,0.9577248270561108,0.0,2492.0,1,ID92946,92907,84,28.0388
92948,86,5,621.0581304006284,715.528672427337,1273.0000000000011,0.609548460298706,1.0,1.2747915601402267,22.708907391917023,17.813820001615834,-0.17997395095581667,0.047812963293071796,0.08219774087721649,3.0,3.0,3.0,3.0,162.0,86.0,0.0,1273.0,20.129790985302503,94,4.540470022836803,Infinity,0.9687975646879765,0.0,3819.0,1,ID92948,92908,84,41.073
92950,86,307,776.4802668148972,857.5725403001668,1799.0000000000014,0.5327293037805676,0.7174224343675417,1.2499951319087415,27.218398560215697,21.7748036495576,-1.3096519434900327,0.21319953382649884,0.4022314682414689,4.0,4.0,4.0,4.0,206.0,86.0,0.0,1799.0,23.929886862345167,116,4.856815867095485,Infinity,0.9173890872004087,0.0,7196.0,1,ID92950,92909,84,20.4334
92952,86,245,686.9072642967543,864.6584234930448,647.0000000000009,0.5287748300917271,0.5381567477613123,1.170418128353978,15.624433331587452,13.349445769061125,1.4954857648287188,0.1455153915128959,0.021437157898765397,5.0,5.0,5.0,5.0,124.0,86.0,0.0,647.0,14.350836085779562,88,4.874943030618656,Infinity,0.9445255474452565,0.0,3235.0,1,ID92952,92910,84,9.938
92957,86,59,727.4192913385826,889.5465879265092,1524.0000000000002,0.4426578406130589,0.6095403639243988,1.3173020377256874,30.29848740355154,23.000410335553465,2.9652671949664686,-0.9408878024699997,6.5206092638308055,8.0,8.0,8.0,8.0,208.0,86.0,0.0,1524.0,22.02508266826931,102,5.328081403617023,Infinity,0.9189026228519745,0.0,12192.0,1,ID92957,,,
92962,88,6,628.9642857142857,429.8452380952381,1008.0000000000005,0.5482557816514047,1.0,1.6678676461802207,23.420143883968386,14.041967860942446,0.5305167558299546,-0.19567202653029084,0.4158499848985765,1.0,1.0,1.0,1.0,152.0,88.0,0.0,1008.0,17.912463964325543,90,4.78754999145021,Infinity,0.9613733905579406,0.0,1008.0,1,ID92962,92944,86,37.1226
92963,88,6,786.2570162481536,652.1410635155096,1354.0,0.5887496820706685,1.0,1.2919173923387464,23.592272513164254,18.261440439667258,1.4036583667573361,0.08862673746858572,0.15864243556877655,2.0,2.0,2.0,2.0,170.0,88.0,0.0,1354.0,20.760336844397603,100,4.619974614188474,Infinity,0.9661077417053159,0.0,2708.0,1,ID92963,92946,86,12.8763
92964,88,5,653.2093837535014,692.7640056022409,1427.9999999999995,0.6357985132265056,0.23387096774193544,1.178103195397072,23.45283629541545,19.907285191184656,0.08587398914170574,-0.09357647290717584,-0.4603602532718954,3.0,3.0,3.0,3.0,168.0,88.0,0.0,1428.0,21.320096563347292,86,4.445751441809691,Infinity,0.9694501018329937,0.0,4284.0,1,ID92964,92948,86,39.3946
92965,88,307,788.7673611111111,868.5289351851852,1728.0,0.5217870151291005,0.8272823405005288,1.3803207563237312,28.46191260254033,20.61978165013195,1.951572392331433,-0.029216554015465118,0.5724778845904438,4.0,4.0,4.0,4.0,204.0,88.0,0.0,1728.0,23.452920571340155,108,4.907477288111819,Infinity,0.907563025210084,0.0,6912.0,1,ID92965,92950,86,16.4625
92966,88,245,685.0403100775194,871.5798449612403,645.0,0.6236772119314917,0.6374714394516374,1.1745813020174112,15.690797283826692,13.358630225831828,1.7501653419748069,-0.31075621654697805,-0.16240203467081646,5.0,5.0,5.0,5.0,114.0,88.0,0.0,645.0,14.32863833686038,58,4.488745616461499,Infinity,0.9541420118343196,0.0,3225.0,1,ID92966,92952,86,7.1688
92970,88,59,724.9082568807339,883.0611620795107,1635.0,0.4748986675868447,0.5896651062297443,1.9677815047341498,46.23862917931463,23.497847229518268,-1.5374080487314778,-0.18133502793272385,20.192329871734543,9.0,9.0,9.0,9.0,208.0,88.0,0.0,1635.0,22.813080982420978,100,5.144041415026779,Infinity,0.9242509892594686,0.0,14715.0,1,ID92970,92957,86,6.9546
93016,90,6,665.4241452991453,478.14529914529913,935.9999999999998,0.44818331409237094,1.0,1.7393844339957394,22.710671875776182,13.056729399150074,-0.03882550886528206,0.19636318787176815,0.6431615488041019,1.0,1.0,1.0,1.0,162.0,90.0,0.0,936.0,17.260882175254775,104,5.2951356487309695,Infinity,0.8872037914691941,0.0,936.0,1,ID93016,92962,88,60.5163
93018,90,5,656.4664031620554,673.0308300395257,1265.0000000000002,0.6209554229361076,1.0,1.0926407386529677,21.032362411204932,19.249110587926737,-0.592406075848491,0.13297848874973825,0.04289661831570323,2.0,2.0,2.0,2.0,160.0,90.0,0.0,1265.0,20.066439794405365,90,4.498572456924266,Infinity,0.9652804273178176,0.0,2530.0,1,ID93018,92964,88,20.0002
93020,90,6,783.3848484848485,684.0583333333333,1320.0000000000007,0.5877129113858459,1.0,1.34614961929695,23.794129696544456,17.675694703959692,0.5088363036831891,0.056910863069075945,0.10248421355146567,3.0,3.0,3.0,3.0,168.0,90.0,0.0,1320.0,20.498025508877774,98,4.624047813530714,Infinity,0.9638554216867475,0.0,3960.0,1,ID93020,92963,88,32.0462
93022,90,245,670.7569974554707,850.9033078880407,786.0000000000005,0.5186498268686366,0.7029881736932382,1.4038554582053586,18.77129496215375,13.371244776260898,1.8561565338221493,0.3016865411042699,0.220975592431775,4.0,4.0,4.0,4.0,138.0,90.0,0.0,786.0,15.817445133157872,86,4.922296987544308,Infinity,0.9192982456140356,0.0,3144.0,1,ID93022,92966,88,25.1303
93025,90,307,805.1873905429072,872.3374197314653,1713.0000000000007,0.5072625332829973,0.8429263044647661,1.318522134781028,27.65298292491782,20.97271042742885,2.3198709000795312,-0.415080438159799,0.8403940370620949,6.0,6.0,6.0,6.0,206.0,90.0,0.0,1713.0,23.350906514155582,122,4.977239497763484,Infinity,0.9106858054226478,0.0,10278.0,1,ID93025,92965,88,16.8559
105661,90,59,724.8333333333334,890.1666666666666,232.3521955581855,0.9999999999999999,-0.022681067404551156,1.0,8.60000005364418,8.60000005364418,0.0,0.0,0.0,14976.0,12475.783393501804,12496.0,10144.0,54.03539397880077,90.0,0.0,-1.0,8.60000005364418,,3.544907701811032,-0.6428610958068135,1.0,900.7574328928022,3455792.0,1,ID105661,92970,88,7.1059
92997,92,6,667.3336339044184,521.3011722272317,1109.0000000000007,0.5310206146671365,1.0,1.6550380712774342,24.311717068732143,14.68952134132313,0.44431707940211707,-0.0736245332915841,0.0812941553207986,1.0,1.0,1.0,1.0,162.0,92.0,0.0,1109.0,18.7884449536896,96,4.864623589659453,Infinity,0.9410267288926609,0.0,1109.0,1,ID92997,93016,90,43.1981
92998,92,5,691.783426183844,650.2848189415042,1435.999999999999,0.6099685033200297,1.0,1.1094681978763268,22.607545531533017,20.37692073987063,2.8487169029441803,0.04683379644840235,0.2676910728133141,2.0,2.0,2.0,2.0,172.0,92.0,0.0,1436.0,21.379733313582822,100,4.538906400135633,Infinity,0.9663526244952888,0.0,2872.0,1,ID92998,93018,90,42.008
92999,92,6,773.743553008596,708.9340974212034,1395.9999999999975,0.6070122276001859,1.0,1.2650753521704674,23.711973231842283,18.74352637663841,0.8817677796077027,0.21777346730110858,-0.06663511391866797,3.0,3.0,3.0,3.0,170.0,92.0,0.0,1396.0,21.079862454783022,98,4.549945684363612,Infinity,0.9691079486289466,0.0,4188.0,1,ID92999,93020,90,26.6788
93000,92,245,673.807881773399,846.9913793103449,812.0,0.5206067825948799,0.7331910352187834,1.3934813506803385,18.98203111738557,13.622020207244242,-1.2161961738098432,-0.08207505084757553,-0.2792957476028518,4.0,4.0,4.0,4.0,140.0,92.0,0.0,812.0,16.07692842495848,76,4.913036844405175,Infinity,0.9007210205213533,0.0,3248.0,1,ID93000,93022,90,4.961
93002,92,307,822.700977198697,880.7498371335505,1534.9999999999995,0.5823384522715048,0.7243961804905448,1.1711266669179428,24.435469157353612,20.86492422007647,-1.2919334022816373,-0.2216224337641976,-2.0357162276366996,6.0,6.0,6.0,6.0,182.0,92.0,0.0,1535.0,22.10442659948723,80,4.645336704100419,Infinity,0.92303066746843,0.0,9210.0,1,ID93002,93025,90,19.4292
105666,92,59,716.8333333333334,890.1666666666666,232.3521955581855,0.9999999999999999,-0.06025462782995067,1.0,8.60000005364418,8.60000005364418,0.0,0.0,0.0,18272.0,13430.873646209386,13408.0,10384.0,54.03539397880077,92.0,0.0,-1.0,8.60000005364418,,3.544907701811032,-1.2438520311654153,1.0,1384.6683071889076,3720352.0,1,ID105666,105661,90,8.0
93006,94,6,698.7004329004329,544.5056277056277,1155.000000000001,0.5022200020617597,1.0,2.128639812803948,28.247995228314807,13.270443904318963,0.19695846950715246,-0.11883417184761605,-0.11120561688145972,1.0,1.0,1.0,1.0,170.0,94.0,0.0,1155.0,19.174147139893304,92,5.002164033860245,Infinity,0.9428571428571434,0.0,1155.0,1,ID93006,92997,92,39.017
93007,94,5,688.9383506805444,639.5804643714972,1248.999999999999,0.6449456318760107,1.0,1.1325805055275333,21.44507487430403,18.934702451297575,-0.35375825628973706,-0.033807752092626216,-0.2407854864467486,2.0,2.0,2.0,2.0,156.0,94.0,0.0,1249.0,19.939133578055852,82,4.414112312799485,Infinity,0.971984435797665,0.0,2498.0,1,ID93007,92998,92,11.076
93008,94,6,775.1570751523358,722.2586323628977,1477.0000000000005,0.5991906442861733,1.0,1.2646145918587017,24.50477567453168,19.377267850843882,1.056312540017156,0.36641460094930084,0.08463770422539499,3.0,3.0,3.0,3.0,176.0,94.0,0.0,1477.0,21.682797372420815,104,4.579545941369413,Infinity,0.9694781752543493,0.0,4431.0,1,ID93008,92999,92,13.3993
93009,94,245,686.9149214659686,835.5719895287958,764.000000000001,0.5041329105949601,0.6352448051368946,1.3438797354385104,17.853281893154417,13.28488064992576,-1.2184494913775719,0.18535690499842408,-0.07483129601019053,4.0,4.0,4.0,4.0,138.0,94.0,0.0,764.0,15.594510349620357,92,4.992664776517706,Infinity,0.9283110571081423,0.0,3056.0,1,ID93009,93000,92,17.3838
93011,94,307,841.5914221218961,878.9023702031602,1772.0000000000011,0.5679932845792386,0.7299056296778392,1.2553245275449612,27.3027976065207,21.749593039432437,1.2680692243578697,0.3822903925242604,-0.7424842702757133,6.0,6.0,6.0,6.0,198.0,94.0,0.0,1772.0,23.749634067026747,100,4.70363194764124,Infinity,0.9338603425559954,0.0,10632.0,1,ID93011,93002,92,18.9806
93019,94,59,702.6164514586322,877.6266539135979,6273.000000000002,0.303071291287486,0.6788663035769247,2.4434679322920063,74.9571878017404,30.676558841281594,-0.21505896986476297,-1.6119444964575336,-4.916762639312296,10.0,10.0,10.0,10.0,510.0,94.0,0.0,6273.0,44.68509724763861,240,6.439209162167845,Infinity,0.7206617266930898,0.0,62730.0,1,ID93019,105666,92,18.9571
93042,96,6,642.8856900931414,562.7188823031329,1181.0,0.5258249608686998,1.0,2.301096493878904,29.71116647856409,12.911742970187522,0.1490260623515395,0.22174010238605724,-0.029803872254604655,1.0,1.0,1.0,1.0,168.0,96.0,0.0,1181.0,19.388759000592504,78,4.888598080626334,Infinity,0.9574381840291852,0.0,1181.0,1,ID93042,93006,94,58.7112
93043,96,5,658.014683153014,674.3323029366306,1294.0000000000007,0.5761367479797611,1.0,1.320412001769739,23.261492128077705,17.61684390697789,2.396786438068003,0.040493264755009466,0.2079637420637073,2.0,2.0,2.0,2.0,168.0,96.0,0.0,1294.0,20.29514702390267,108,4.670271662698038,Infinity,0.9649515287099186,0.0,2588.0,1,ID93043,93007,94,46.5184
93044,96,6,754.2248603351956,744.018156424581,1431.999999999999,0.5809350051576163,1.0,1.3981828969489665,25.303301220671525,18.097275596695482,0.8263905598592355,0.16778912961850673,-0.1881774198939071,3.0,3.0,3.0,3.0,176.0,96.0,0.0,1432.0,21.349935761383172,106,4.650944518718873,Infinity,0.9656102494942677,0.0,4296.0,1,ID93044,93008,94,30.1933
93045,96,245,695.0346534653465,833.5977722772277,808.0,0.5180422171633782,0.6639780332932897,1.5058344187017798,19.593497417598314,13.011721059271837,2.0268432620298054,0.054950691773045936,-0.08226935664998215,4.0,4.0,4.0,4.0,140.0,96.0,0.0,808.0,16.03728119216293,90,4.925182813112043,Infinity,0.9395348837209302,0.0,3232.0,1,ID93045,93009,94,8.3563
93047,96,307,830.1482213438735,889.7766798418972,1012.0,0.580586516697018,0.7230419977298524,1.601071295017711,22.98751465583371,14.357583405165865,2.954082082433759,-0.3257876738510332,0.20563271833998625,6.0,6.0,6.0,6.0,148.0,96.0,0.0,1012.0,17.94796937867892,76,4.652340139618293,Infinity,0.9606074988134788,0.0,6072.0,1,ID93047,93011,94,15.786
93048,96,59,685.9984437143352,882.5851634099948,5782.999999999997,0.26265856548034183,0.7151149242664971,4.715923955900281,89.76071975030486,19.033538409371854,-0.0983382711573387,-0.8873214987205509,-1.1431603257922005,7.0,7.0,7.0,7.0,526.0,96.0,0.0,5783.0,42.904382897331836,214,6.91686258852065,Infinity,0.8053195933713965,0.0,40481.0,1,ID93048,93019,94,17.342
93049,98,6,601.7425828970331,569.1369982547993,1146.0000000000005,0.5487372627669417,1.0,1.9545684377656554,26.963378084956496,13.795054480558072,0.1932143428472064,0.08236950071219142,-0.2062043760339312,1.0,1.0,1.0,1.0,162.0,98.0,0.0,1146.0,19.09929657256058,84,4.785449149265868,Infinity,0.9606035205364629,0.0,1146.0,1,ID93049,93042,96,41.6407
93050,98,5,673.4295105916727,680.7823228634039,1369.0,0.5815089700871318,0.7779220779220779,1.2349349943218522,23.24396348782343,18.82201378590582,-0.41926478288610236,0.12973396389237749,-0.22719755641573347,2.0,2.0,2.0,2.0,172.0,98.0,0.0,1369.0,20.875014591266982,104,4.648648648648648,Infinity,0.9654442877291961,0.0,2738.0,1,ID93050,93043,96,16.7099
93051,98,6,764.6006849315069,758.972602739726,1460.0,0.5538854334308776,0.7298578199052131,1.5388238875210258,26.86834134785578,17.460309503733683,0.9202781508686443,-0.0475848666600401,-0.2744904898422957,3.0,3.0,3.0,3.0,182.0,98.0,0.0,1460.0,21.557653718072718,112,4.763157695570945,Infinity,0.9617918313570489,0.0,4380.0,1,ID93051,93044,96,18.2015
93052,98,245,703.6077170418007,834.9989281886388,933.0000000000001,0.5210855014754271,0.6872880717353629,1.4662482392655984,21.154575586754948,14.427690359819744,-0.6920026352271416,-0.23533278700362573,-0.3969274473515166,4.0,4.0,4.0,4.0,150.0,98.0,0.0,933.0,17.2331983047105,92,4.910779533537383,Infinity,0.9372174786539431,0.0,3732.0,1,ID93052,93045,96,8.6868
93054,98,307,837.8966535433071,891.6338582677165,1016.0,0.5526070180137171,0.7004184100418411,1.5799104480400243,23.09730652720665,14.619377038654484,-0.10389873785510902,0.2991281346690188,0.8756701427736338,6.0,6.0,6.0,6.0,152.0,98.0,0.0,1016.0,17.983404693292407,74,4.768664119050005,Infinity,0.9671584959543075,0.0,6096.0,1,ID93054,93047,96,7.9679
93055,98,59,707.8336380255942,898.5740402193784,547.0000000000001,0.2685079971115027,0.6987577639751553,5.067793796215154,31.419059314695996,6.199750932676285,3.0698641572953242,-1.2303547707685614,0.37919825074898905,7.0,7.0,7.0,7.0,160.0,98.0,0.0,547.0,13.195283541573994,58,6.841105996944204,Infinity,0.8937908496732028,0.0,3829.0,1,ID93055,93048,96,27.0633
93101,100,6,598.065873015873,589.1809523809524,1259.9999999999995,0.5478763658855553,1.0,2.2000400274371783,30.003578164771998,13.637741945869548,0.02559393524882081,0.6677874235675562,-0.06003666068337125,1.0,1.0,1.0,1.0,170.0,100.0,0.0,1260.0,20.026743534373633,78,4.789207443461595,Infinity,0.9633027522935778,0.0,1260.0,1,ID93101,93049,98,20.3784
93102,100,5,726.815042210284,655.1895625479663,1303.0000000000002,0.6087887013128348,1.0,1.1483063207400965,21.807223982968313,18.990772400271478,2.5271327023140673,0.09933511047136344,-0.08423381964241337,2.0,2.0,2.0,2.0,164.0,100.0,0.0,1303.0,20.36560290532739,96,4.543302357998353,Infinity,0.967334818114328,0.0,2606.0,1,ID93102,93050,98,59.2031
93104,100,6,728.4118158123371,745.1459600347524,1150.9999999999993,0.564995803794039,0.5089584850691915,1.4169279570652153,23.044750377570885,16.263882904323435,-1.530190026347696,-0.7647525914614492,0.14257255067372449,3.0,3.0,3.0,3.0,160.0,100.0,0.0,1151.0,19.14091635731014,88,4.716092567489106,Infinity,0.9469354175236523,0.0,3453.0,1,ID93104,93051,98,38.7403
93107,100,245,692.9178605539637,837.8424068767908,1047.0,0.5139449231732053,0.6905274488697524,1.359156285768658,21.680670599141028,15.951565560306207,2.5227608632559706,-0.06998731301707029,-0.23357387632142843,4.0,4.0,4.0,4.0,160.0,100.0,0.0,1047.0,18.255696394123913,100,4.9447762177233034,Infinity,0.937332139659803,0.0,4188.0,1,ID93107,93052,98,11.0616
93111,100,59,697.7755289788408,892.9530818767249,1087.0000000000002,0.41237908639682475,0.6961553465389451,2.601312950456877,38.539189160178736,14.815283625682168,2.8290216200644434,-5.799822078313491,5.81705648830144,6.0,6.0,6.0,6.0,182.0,100.0,0.0,1087.0,18.601151746109178,68,5.5202229199151525,Infinity,0.9326469326469327,0.0,6522.0,1,ID93111,93055,98,11.5222
93112,100,307,845.7881508078995,894.5619389587074,557.0,0.4702679677639115,0.7469942498693152,1.8998254783204216,18.523477282271106,9.750094150041168,3.1111902508843,-0.3457644043305931,0.35686920875869427,7.0,7.0,7.0,7.0,122.0,100.0,0.0,557.0,13.315352289908494,62,5.169305903005837,Infinity,0.9424703891708968,0.0,3899.0,1,ID93112,93054,98,8.4172
93152,102,6,541.8902127659575,616.5268085106383,1175.000000000001,0.5914711373126118,1.0,1.1816467924072749,21.162997740478183,17.90974923848817,0.830480981868898,0.41703015819551065,-0.1262368657538479,1.0,1.0,1.0,1.0,158.0,102.0,0.0,1175.0,19.33944456973763,96,4.609333731333466,Infinity,0.9615384615384621,0.0,1175.0,1,ID93152,93101,100,62.478
93154,102,5,765.7752721617418,625.6205287713841,1285.9999999999993,0.6157732285499881,1.0,1.200454595299593,22.26346729084217,18.545863690318047,-1.252686247930085,-0.010862180660786189,-0.13362373988491985,2.0,2.0,2.0,2.0,162.0,102.0,0.0,1286.0,20.232313600583463,92,4.517462230918601,Infinity,0.9661908339594285,0.0,2572.0,1,ID93154,93102,100,48.9104
93156,102,6,706.0902654867257,735.9938053097345,1130.0,0.5410760095345932,1.0,1.5882445987047753,24.00744722243632,15.115711548469651,1.3766814547783273,-0.31153728090804067,0.06304506753725245,3.0,3.0,3.0,3.0,162.0,102.0,0.0,1130.0,18.965499502720288,94,4.81920935020071,Infinity,0.9456066945606696,0.0,3390.0,1,ID93156,93104,100,24.125
93158,102,245,724.3966165413534,827.3656015037594,1064.0000000000005,0.5355959915749946,0.7049005207637868,1.490911901058114,23.2674769637001,15.606205133373043,0.1537317518213049,-0.33335392838114103,1.1918554934291323,4.0,4.0,4.0,4.0,158.0,102.0,0.0,1064.0,18.403307281560927,86,4.843800781931229,Infinity,0.9244135534317989,0.0,4256.0,1,ID93158,93107,100,33.1764
93161,102,59,692.6365105008077,884.8093699515347,1857.0,0.49103085242961414,0.5515224656516895,2.1053397133371043,38.84184258978341,18.44920434632209,-0.5314305783411437,-2.705631368906559,3.641502042354364,6.0,6.0,6.0,6.0,218.0,102.0,0.0,1857.0,24.312578198194025,118,5.058835316056568,Infinity,0.9518195797027166,0.0,11142.0,1,ID93161,93111,100,9.6296
107590,102,307,844.7528301886792,895.5603773584905,232.3521955581855,0.9999999999999999,0.02457579858671737,1.0,8.60000005364418,8.60000005364418,0.0,0.0,0.0,24512.0,15306.981949458484,14400.0,10800.0,54.03539397880077,102.0,0.0,-1.0,8.60000005364418,,3.544907701811032,0.23101027438174945,1.0,3178.716641791689,4240034.0,1,ID107590,93112,100,1.4383
93205,104,6,536.3932853717026,611.9808153477218,834.0,0.4916660298543606,1.0,1.6630196064680773,20.85842830699738,12.542502942161054,2.70152791432446,0.25864323091948366,-0.7536844457182493,1.0,1.0,1.0,1.0,146.0,104.0,0.0,834.0,16.293263794503588,86,5.055566535770439,Infinity,0.8881789137380192,0.0,834.0,1,ID93205,93152,102,7.1332
93206,104,6,696.1291448516579,742.0340314136125,1146.0,0.5102416639758933,1.0,1.5876293934458463,24.23488357397973,15.264824192615565,0.6864676653425615,0.046998032709911035,0.031598878758491517,2.0,2.0,2.0,2.0,168.0,104.0,0.0,1146.0,19.099296572560576,104,4.9626880066460854,Infinity,0.9253128784820347,0.0,2292.0,1,ID93206,93156,102,11.6494
93207,104,245,756.4075144508671,834.5221579961465,1038.0,0.5225081196004174,0.11546268656716417,1.7652496379060825,24.655098559547813,13.966918916235207,-0.02347378566683756,-0.8470692888127679,0.49424015004809085,3.0,3.0,3.0,3.0,158.0,104.0,0.0,1038.0,18.17706417050825,78,4.904089756429187,Infinity,0.9222567747667704,0.0,3114.0,1,ID93207,93158,102,32.8011
93211,104,59,692.1820987654321,884.8001543209876,1296.0,0.5140138971155627,0.4115938521118238,1.1418146903207145,22.089255392454074,19.34574461136913,2.8339720483335595,0.40679195708292326,0.16984820263476405,6.0,6.0,6.0,6.0,178.0,104.0,0.0,1296.0,20.310825007719227,124,4.944444444444445,Infinity,0.9491028927132916,0.0,7776.0,1,ID93211,93161,102,0.4545
93136,106,6,518.8238133547868,631.906677393403,1242.9999999999998,0.5042613208176798,1.0,1.9917612462818532,28.31110518448866,14.214105850959191,0.2728099020134281,-0.32226291484291825,0.5090605014593155,1.0,1.0,1.0,1.0,176.0,106.0,0.0,1243.0,19.891183688419645,96,4.992029044617118,Infinity,0.9405978055240256,0.0,1243.0,1,ID93136,93205,104,26.5655
93137,106,6,674.7883031301483,749.332784184514,1214.0000000000002,0.5278745303056068,1.0,1.5952545995541763,24.934483374033235,15.630409955252059,0.6724372533049383,0.11517172173282719,-0.23928193265040076,2.0,2.0,2.0,2.0,170.0,106.0,0.0,1214.0,19.657777133417753,108,4.879098412407477,Infinity,0.9451148306734142,0.0,2428.0,1,ID93137,93206,104,22.5545
93138,106,245,772.9284210526316,839.7305263157895,950.0000000000005,0.45488691067067594,-0.1688538932633421,1.8872362747803901,23.89046287625534,12.658967610738287,0.40674089849050804,0.1046407158055641,0.2488523229007471,3.0,3.0,3.0,3.0,162.0,106.0,0.0,950.0,17.389490845755127,94,5.255974044636705,-Infinity,0.8804448563484712,0.0,2850.0,1,ID93138,93207,104,17.3225
93139,106,59,699.4153079710145,864.692481884058,2208.0,0.45113401269031367,0.6376278624184926,2.176550724748846,39.07532626252666,17.95286726755959,-0.6161979627129807,-0.6134483922638212,0.3735710932122092,4.0,4.0,4.0,4.0,248.0,106.0,0.0,2208.0,26.510907730475957,174,5.277790490704241,Infinity,0.962301154935716,0.0,8832.0,1,ID93139,93211,104,21.3691
93177,108,6,553.3185595567867,660.3296398891966,1082.9999999999993,0.4709127811540129,1.0,2.1994010666660806,27.819254520843057,12.648559165706112,0.29624345178462574,-0.5731561069581789,0.20936295091891552,1.0,1.0,1.0,1.0,170.0,108.0,0.0,1083.0,18.566895452310952,96,5.165765566433495,Infinity,0.9252456215292606,0.0,1083.0,1,ID93177,93136,106,44.6962
93178,108,6,658.7923139820115,781.5233033524121,1222.9999999999993,0.519492673788577,1.0,1.6238473585923012,25.432322447029918,15.661769138865965,0.5473678413456091,-0.015901920937912813,0.09852734680111556,2.0,2.0,2.0,2.0,172.0,108.0,0.0,1223.0,19.730509136937542,104,4.918302295025124,Infinity,0.9286256643887619,0.0,2446.0,1,ID93178,93137,106,35.9458
93179,108,59,765.957962413452,819.419881305638,2022.0000000000032,0.5548345135434162,0.8574126052564429,1.5182471779174826,31.317185069011856,20.6271979454415,2.5952543313812924,0.003349654311811378,0.18961193886209834,3.0,3.0,3.0,3.0,214.0,108.0,0.0,2022.0,25.369717969729695,128,4.759082108176319,Infinity,0.967001434720231,0.0,6066.0,1,ID93179,93139,106,80.4831
93180,108,245,793.4412060301507,856.4090452261306,994.9999999999989,0.4884194828627876,0.5682668943324357,1.5189042155481318,21.936218196096117,14.44213398813955,0.69759583878016,0.16663989295314394,0.09326174334188551,4.0,4.0,4.0,4.0,160.0,108.0,0.0,995.0,17.79658216492345,112,5.072340999585934,Infinity,0.9191685912240174,0.0,3980.0,1,ID93180,93138,106,26.4376
93190,110,6,545.4337641357027,658.8037156704362,1238.0000000000007,0.4910101887569961,1.0,2.0956955045509047,28.71962775830754,13.704103337503694,0.28010056621105406,-0.2747745801336769,0.22763474927507574,1.0,1.0,1.0,1.0,178.0,110.0,0.0,1238.0,19.8511369723634,106,5.058941762948519,Infinity,0.9545104086353127,0.0,1238.0,1,ID93190,93177,108,8.0311
93191,110,59,786.8452570217277,799.3540010598834,1887.000000000001,0.617262113423984,1.0,1.2108492729025693,27.122123746481183,22.39925674767578,0.20087491393478477,0.03324177821011213,-0.027370084956121078,2.0,2.0,2.0,2.0,196.0,110.0,0.0,1887.0,24.508177313476686,110,4.512010704058081,Infinity,0.970928736815025,0.0,3774.0,1,ID93191,93179,108,28.9641
93192,110,6,679.3683628318585,815.6769911504425,904.0000000000005,0.49168970894133907,0.4070038910505837,1.3928925844189763,20.397175485986498,14.643753376355914,0.4080507022506914,0.06692479097341834,0.7731800248442074,3.0,3.0,3.0,3.0,152.0,110.0,0.0,904.0,16.963258446128414,88,5.055444799806818,Infinity,0.8915187376725842,0.0,2712.0,1,ID93192,93178,108,39.8729
93193,110,245,805.6373850868233,863.4310520939734,979.0,0.49280871781195446,0.6930393428447903,1.549703263144644,22.131037074858654,14.280822400767585,0.562743011622993,0.08321145565199571,-0.04551154193416233,4.0,4.0,4.0,4.0,158.0,110.0,0.0,979.0,17.652914166616544,108,5.049701899594686,Infinity,0.932825154835636,0.0,3916.0,1,ID93193,93180,108,14.0732
93230,112,6,539.5408079142621,657.7873042044517,1213.0000000000002,0.49209089473197565,1.0,2.0822622193299103,28.550137857221074,13.711115532033594,0.26769280771061044,-0.020894154466557253,0.48693861271120303,1.0,1.0,1.0,1.0,176.0,112.0,0.0,1213.0,19.649679181628848,100,5.053383609297885,Infinity,0.9465470152165432,0.0,1213.0,1,ID93230,93190,110,5.98
93231,112,59,775.9250416435314,792.9844530816213,1800.9999999999998,0.6139331997737866,1.0,1.2785965265531631,27.35067555673806,21.391169918527726,0.10001338494083743,0.023345868223059188,-0.10082494364607836,2.0,2.0,2.0,2.0,192.0,112.0,0.0,1801.0,23.943184938871582,102,4.524226844412222,Infinity,0.968019349637194,0.0,3602.0,1,ID93231,93191,110,12.6421
93232,112,6,657.8880070546737,842.1031746031746,1134.0000000000002,0.5171383465192083,1.0,1.8050661039966156,25.633484680781155,14.200856480560901,-0.6252243753902315,-0.018127052812840928,-0.40827344385984843,3.0,3.0,3.0,3.0,166.0,112.0,0.0,1134.0,18.999037105401385,102,4.929485128606938,Infinity,0.9368029739776954,0.0,3402.0,1,ID93232,93192,110,34.0551
93233,112,245,821.952380952381,872.992784992785,692.9999999999991,0.47083125193289876,0.6663660955816051,1.2105627423338,16.628254877911466,13.735971128480674,0.8014242097155941,-0.2041589560166338,0.13836164381330068,4.0,4.0,4.0,4.0,136.0,112.0,0.0,693.0,14.852230510107452,94,5.16621279950359,Infinity,0.8896020539152748,0.0,2772.0,1,ID93233,93193,110,18.9105
93292,114,6,536.656662665066,650.1920768307323,833.0,0.6007682921120977,1.0,1.2550004419822745,18.35875646940771,14.628486058865473,-0.1354598745226462,0.22093443899031096,0.07857118878189505,1.0,1.0,1.0,1.0,132.0,114.0,0.0,833.0,16.283492720884475,70,4.573528929256565,Infinity,0.9509132420091324,0.0,833.0,1,ID93292,93230,112,8.1244
93293,114,59,768.7583857442348,767.1179245283018,1907.9999999999998,0.6115864486327237,1.0,1.3267475124132415,28.630758821949957,21.57965894345114,0.4219389003609231,-0.03265183760623662,0.35688636133864665,2.0,2.0,2.0,2.0,198.0,114.0,0.0,1908.0,24.644172999690465,108,4.532898610306738,Infinity,0.9727249553912818,0.0,3816.0,1,ID93293,93231,112,26.841
93294,114,6,692.8692152917505,843.6076458752515,994.0,0.5003594131819027,1.0,1.78959265589167,23.887560411247375,13.348043384400974,-1.5376275081389805,0.5334263975306628,0.013279091978641128,3.0,3.0,3.0,3.0,158.0,114.0,0.0,994.0,17.787636910694122,86,5.011455689594855,Infinity,0.9157070474435746,0.0,2982.0,1,ID93294,93232,112,35.0135
93295,114,245,819.4452133794695,862.39907727797,867.0000000000001,0.5403215295898336,0.7078135259356533,1.8237409052857518,23.160091129494944,12.699222275691687,-0.17174482777283995,-0.7578342739491059,0.40745778566303836,4.0,4.0,4.0,4.0,142.0,114.0,0.0,867.0,16.612485404699278,70,4.822572836760403,Infinity,0.9257875066737854,0.0,3468.0,1,ID93295,93233,112,10.8863
93237,116,6,527.2314662273476,652.9670510708402,1213.9999999999989,0.481491412884485,1.0,2.067091494676203,28.208653678741086,13.646543344304067,0.458230126492251,-0.2869405975836199,-0.007698613278658689,1.0,1.0,1.0,1.0,178.0,116.0,0.0,1214.0,19.657777133417746,112,5.108703043579596,Infinity,0.9502935420743632,0.0,1214.0,1,ID93237,93292,114,9.8252
93238,116,59,753.468507751938,754.1124031007752,2064.0,0.5881403389577626,1.0,1.4969617179531167,31.50877870778259,21.048486631218857,0.34786280605488584,-0.007256396063473389,0.11292450649822447,2.0,2.0,2.0,2.0,210.0,116.0,0.0,2064.0,25.631847476983474,116,4.622367258209525,Infinity,0.9699248120300752,0.0,4128.0,1,ID93238,93293,114,20.073
93239,116,6,722.6246575342466,841.9296803652968,1095.0,0.5375068680751286,1.0,1.7248706662853848,24.767192879574807,14.358869545223632,1.9660500799557823,0.2007983566977934,-0.3498820965295438,3.0,3.0,3.0,3.0,160.0,116.0,0.0,1095.0,18.669475765839028,90,4.835183081723995,Infinity,0.9415305245055892,0.0,3285.0,1,ID93239,93294,114,29.8027
93240,116,245,839.6298969072164,868.0391752577319,969.9999999999998,0.4423493792977353,0.7263626251390435,1.6488026269262799,23.1039094480223,14.012537990124942,-0.5739336755706037,-0.7000778594658167,0.08948906104422018,4.0,4.0,4.0,4.0,166.0,116.0,0.0,970.0,17.571584720743797,110,5.3299387822638655,Infinity,0.8948339483394832,0.0,3880.0,1,ID93240,93295,114,20.9579
93248,118,6,464.03552206673845,608.1011840688913,928.9999999999993,0.6130097826475353,1.0,1.0950834644660759,18.020850404468597,16.45614328881765,0.8846480895401391,-0.12115334920077118,0.05474665441150925,1.0,1.0,1.0,1.0,138.0,118.0,0.0,929.0,17.196217149848433,82,4.5276331329810295,Infinity,0.9631933644375317,0.0,929.0,1,ID93248,93237,116,77.5027
93249,118,59,741.2802919708029,741.3362530413625,2055.0,0.6205279607004061,1.0,1.3423933533440917,29.84124974661035,22.229884908377695,0.16834433576192645,0.29198334202870196,-0.0828830123529685,2.0,2.0,2.0,2.0,204.0,118.0,0.0,2055.0,25.575903036015948,108,4.500121652856837,Infinity,0.9739336492890995,0.0,4110.0,1,ID93249,93238,116,17.6574
93250,118,6,749.2406593406594,841.4802197802197,909.9999999999993,0.5834386356666754,1.0,1.443347146268314,20.480839002777127,14.189821939738536,2.6422613685033305,-0.08693143244184706,0.026327079992151354,3.0,3.0,3.0,3.0,140.0,118.0,0.0,910.0,17.01945934591488,82,4.640954808922572,Infinity,0.9604221635883897,0.0,2730.0,1,ID93250,93239,116,26.6198
93251,118,245,850.9234234234234,875.4752252252252,887.9999999999994,0.5094474573388851,0.6927720413026212,1.588419453013445,21.572297675414294,13.580983054878073,-0.7095840851112509,-0.1746611896013627,-0.5164680710973383,4.0,4.0,4.0,4.0,148.0,118.0,0.0,888.0,16.81247093473193,94,4.966554808583782,Infinity,0.9249999999999996,0.0,3552.0,1,ID93251,93240,116,13.5218
93311,120,59,738.3216348289649,733.1346068414039,2250.9999999999995,0.6176718545925952,1.0,1.3160468692987117,30.927013840359262,23.499933446017383,3.097003059831304,0.1877292391678314,-0.08474563574660555,1.0,1.0,1.0,1.0,214.0,120.0,0.0,2251.0,26.767808162038833,114,4.510513903429875,Infinity,0.9713052858683927,0.0,2251.0,1,ID93311,93249,118,8.719
93312,120,6,778.8660855784469,832.3137876386688,1262.0000000000007,0.5896326485470436,1.0,1.1408873002484334,21.421865051295814,18.776495317838233,1.6844293751087407,0.08521389402416601,-0.16215648903198912,2.0,2.0,2.0,2.0,164.0,120.0,0.0,1262.0,20.04263147303627,100,4.616514145176518,Infinity,0.9618902439024395,0.0,2524.0,1,ID93312,93250,118,31.0111
93313,120,245,866.4144329896907,848.9298969072165,970.0000000000005,0.5417501998190402,0.6817568869196687,1.4229208242538434,21.372815679855933,15.020382944401346,2.3406399331966568,-0.14562486168997094,-0.7324833620751896,3.0,3.0,3.0,3.0,150.0,120.0,0.0,970.0,17.571584720743804,92,4.816209743009516,Infinity,0.9376510391493481,0.0,2910.0,1,ID93313,93251,118,30.7348
93317,122,59,720.640841916704,731.359158083296,2232.9999999999995,0.6127326749468082,1.0,1.34819041474935,31.161295602164365,23.11342319397646,-0.12177387051951308,0.05625922273180034,0.20191496257209157,1.0,1.0,1.0,1.0,214.0,122.0,0.0,2233.0,26.660569683493346,114,4.528656825888189,Infinity,0.972349227084694,0.0,2233.0,1,ID93317,93311,120,17.7697
93318,122,6,790.6575840145323,825.0508628519527,1101.0000000000005,0.5404521111878694,1.0,1.4375928407965728,22.337924396836502,15.53842211989524,2.5607847050229386,0.19512585081551156,0.16085308785137759,2.0,2.0,2.0,2.0,160.0,122.0,0.0,1101.0,18.720555138359376,104,4.821990197431297,Infinity,0.9462827675118184,0.0,2202.0,1,ID93318,93312,120,13.8488
93319,122,245,892.6538461538462,838.3108108108108,962.0,0.5372821569339343,0.5139010316488898,1.7371686069098122,23.671663730049215,13.626578120219373,-0.15666209754356927,-0.3901796915386225,0.2452203940483611,3.0,3.0,3.0,3.0,150.0,122.0,0.0,962.0,17.498974555922032,72,4.8361941016437076,Infinity,0.9272289156626506,0.0,2886.0,1,ID93319,93313,120,28.3067
93326,124,59,719.2323515661524,733.6577840112202,2138.9999999999995,0.6212894495218719,1.0,1.366728118475198,30.75384056414991,22.50179838142256,2.8112691835112105,-0.08315011078638027,0.14855254205466192,1.0,1.0,1.0,1.0,208.0,124.0,0.0,2139.0,26.09338702712103,110,4.49736300066987,Infinity,0.9751538636881696,0.0,2139.0,1,ID93326,93317,122,2.6958
93328,124,6,801.8150873965042,813.4038638454462,1087.0,0.5335798772581414,1.0,1.4872261641849411,22.69914291873071,15.262737749890745,0.6881272387652637,-0.022450191432650972,0.11438639956194778,2.0,2.0,2.0,2.0,160.0,124.0,0.0,1087.0,18.601151746109178,96,4.852943226299036,Infinity,0.9346517626827171,0.0,2174.0,1,ID93328,93318,122,16.1289
93330,124,245,915.9189485213582,834.3581599123768,913.0000000000005,0.5382387113393662,0.6850199938480468,1.1644754556887178,18.423810254087485,15.821553098507257,0.5167423859401605,0.2692699243396193,0.1538699422432565,3.0,3.0,3.0,3.0,146.0,124.0,0.0,913.0,17.047490316342785,90,4.831894763946914,Infinity,0.9180492709904479,0.0,2739.0,1,ID93330,93319,122,23.5985
93345,126,59,710.121789193977,740.348095659876,2257.9999999999995,0.6434209715923584,1.0,1.194458891868689,29.73474632069503,24.893905117300495,-0.2753975324225446,0.07046128438303839,-0.16454817622264822,1.0,1.0,1.0,1.0,210.0,126.0,0.0,2258.0,26.809396170055738,106,4.41933909266344,Infinity,0.975588680060488,0.0,2258.0,1,ID93345,93326,124,11.3032
93346,126,245,912.1807228915662,859.6265060240963,913.0,0.538238711339366,0.5954565312363478,1.3505934232234502,19.909515177727837,14.741309142621146,-0.8401485272673016,0.21591047053060244,-0.21733975553047755,2.0,2.0,2.0,2.0,146.0,126.0,0.0,913.0,17.04749031634278,96,4.831894763946915,Infinity,0.9530271398747392,0.0,1826.0,1,ID93346,93330,124,25.5434
93350,128,59,698.5208169677926,759.8688138256088,2546.0000000000023,0.5744394495862984,1.0,1.3540755066282928,33.20818304065108,24.524616890339377,2.451179112365402,0.24235049048514307,0.0625224726405024,1.0,1.0,1.0,1.0,236.0,128.0,0.0,2546.0,28.467823419150466,144,4.677166208207565,Infinity,0.9693508471349712,0.0,2546.0,1,ID93350,93345,126,22.7077
93351,128,245,883.5396966993756,890.1900089206066,1121.0000000000002,0.5788503229247467,0.7308286155429747,1.3060582609758493,25.614342888298257,19.611945082112918,0.4933768178112128,1.350979299507907,5.473717369124641,2.0,2.0,2.0,2.0,156.0,128.0,0.0,1121.0,18.88982219111735,70,4.659311990498091,Infinity,0.9730902777777781,0.0,2242.0,1,ID93351,93346,126,41.886
93352,130,59,689.3430944055945,769.4375,2288.0,0.5730200886011995,1.0,1.4685749796360117,32.815670035304265,22.34524657599551,2.0757547663163245,0.365800598820998,0.10197919292711934,1.0,1.0,1.0,1.0,224.0,130.0,0.0,2288.0,26.986904594423443,134,4.682955256039708,Infinity,0.9694915254237289,0.0,2288.0,1,ID93352,93350,128,13.2586
93361,130,245,882.2221810089021,885.8026706231454,2695.999999999999,0.43836932840319237,0.7097558397632385,1.3514023313740584,42.21861458436282,31.24059623416249,-0.18945923248954946,-1.5944576984561984,9.21354009683651,4.0,4.0,4.0,4.0,278.0,130.0,0.0,2696.0,29.294426998176622,122,5.354079949610852,Infinity,0.9097351105112198,0.0,10784.0,1,ID93361,93351,128,4.5809
93407,132,59,686.4076511723571,771.2003290826821,2430.999999999997,0.5675692435253253,1.0,1.5000334510758453,33.92642188844538,22.617110214517464,2.139933599702484,0.11458949335288028,0.05914771953431515,1.0,1.0,1.0,1.0,232.0,132.0,0.0,2431.0,27.817464537818577,146,4.705388703026056,Infinity,0.9714285714285703,0.0,2431.0,1,ID93407,93352,130,3.4241
93408,132,245,865.6804564907276,893.9643366619116,701.0000000000001,0.505568514730589,0.7258924907673369,1.7669318777971708,20.74338748610712,11.739777716822816,0.008691145027031943,0.29075473073794733,1.1454914384776862,2.0,2.0,2.0,2.0,132.0,132.0,0.0,701.0,14.93771167933152,64,4.9855711923632855,Infinity,0.9352901934623084,0.0,1402.0,1,ID93408,93361,130,18.4456
93394,134,59,677.5081833060557,774.9856792144026,2444.000000000004,0.5331980864842685,1.0,1.7104081562568239,36.39398141174633,21.277951276491486,2.089311944543898,0.18267853195929024,0.2154024652610619,1.0,1.0,1.0,1.0,240.0,134.0,0.0,2444.0,27.891743614073068,154,4.854680364376406,Infinity,0.9694565648552178,0.0,2444.0,1,ID93394,93407,132,9.6711
93395,134,245,875.7802850356295,886.811163895487,842.0,0.6260878140408535,0.7271794871794872,1.1819429179958734,18.429383877648203,15.592448329820737,-1.3788982196437023,-0.22701470697160217,0.9426081656613355,2.0,2.0,2.0,2.0,130.0,134.0,0.0,842.0,16.371222439596615,64,4.4800958591712545,Infinity,0.9573621375781695,0.0,1684.0,1,ID93395,93408,132,12.3764
93426,136,59,671.9962976675306,778.5138837467605,2700.9999999999986,0.5430682724701457,1.0,1.6844127876995376,37.91607566337566,22.50996664253481,2.0449850886916616,0.16871881609004175,0.13351274849652142,1.0,1.0,1.0,1.0,250.0,136.0,0.0,2701.0,29.321579128389697,156,4.810361518025282,Infinity,0.9721072521144497,0.0,2701.0,1,ID93426,93394,134,6.5444
93427,136,245,884.2033631108776,855.3914871255912,1902.999999999999,0.5978450819781373,0.2733355637336902,1.3301978424751295,28.470567025974113,21.40325755828793,0.3870266140427514,-0.14885685619392158,0.1978710926742606,2.0,2.0,2.0,2.0,200.0,136.0,0.0,1903.0,24.611861234123545,116,4.584696607711454,Infinity,0.970423253442121,0.0,3806.0,1,ID93427,93395,134,32.5291
93398,138,59,669.1715465465466,806.7563813813814,2664.000000000002,0.5622952720480525,1.0,1.7602637299975559,38.7014679684985,21.986175883174184,1.7456414920154446,0.2427359113740326,0.09213077367682132,1.0,1.0,1.0,1.0,244.0,138.0,0.0,2664.0,29.120053859730735,132,4.727403975581982,Infinity,0.9719080627508219,0.0,2664.0,1,ID93398,93426,136,28.3834
93399,138,245,880.047643442623,852.594262295082,1952.0000000000011,0.5894260726458361,1.0,1.342818420339346,29.128398116872592,21.691985808112094,0.2965927065530632,-0.1978494752980963,-0.13771562134726115,2.0,2.0,2.0,2.0,204.0,138.0,0.0,1952.0,24.92671052968602,114,4.617323048168443,Infinity,0.9646651840869783,0.0,3904.0,1,ID93399,93427,136,5.0094
93436,140,59,653.9258849557522,856.4306784660766,2711.999999999999,0.5916666164260775,0.9311654403038215,1.5326940798180366,36.595816568984276,23.87679123372681,1.503778940420358,-0.3328634020671782,0.15088296354045608,1.0,1.0,1.0,1.0,240.0,140.0,0.0,2712.0,29.381225490616284,130,4.608572235855412,Infinity,0.9739630095169688,0.0,2712.0,1,ID93436,93398,138,51.9612
93437,140,245,845.8418504572351,843.0371167294244,1859.0,0.6081029511686199,1.0,1.1785388193492567,26.480055993836928,22.46854796726864,3.1403067922974133,-0.14529441231181456,-0.342705145224464,2.0,2.0,2.0,2.0,196.0,140.0,0.0,1859.0,24.325667070312107,112,4.545863349018591,Infinity,0.9712643678160918,0.0,3718.0,1,ID93437,93399,138,35.5158
93439,142,245,826.8801515869256,847.462813832307,2110.9999999999986,0.558193930791015,1.0,1.257298761519931,29.117148510237644,23.158496135825608,1.9004999179782769,-0.039363598760400485,0.0954198487672997,1.0,1.0,1.0,1.0,218.0,142.0,0.0,2111.0,25.922040230930545,136,4.744739538929251,Infinity,0.9489772982692732,0.0,2111.0,1,ID93439,93437,140,19.4713
93440,142,59,660.764367816092,876.3579638752052,2436.000000000002,0.6100860733533755,0.7203389830508475,1.4884882712055323,35.75919153672176,24.023831580318905,1.960175642050904,-0.5996108872312736,3.3540855543054797,2.0,2.0,2.0,2.0,224.0,142.0,0.0,2436.0,27.846056861676388,114,4.538469031449402,Infinity,0.9773319959879646,0.0,4872.0,1,ID93440,93436,140,21.068
93451,144,245,797.1620411817368,847.9364368845121,2233.999999999999,0.5496372455258512,1.0,1.1829284294115334,29.39205647099335,24.846859488882938,-1.2601576971096882,0.018353132665752003,-0.05547948254917057,1.0,1.0,1.0,1.0,226.0,144.0,0.0,2234.0,26.666538690549775,130,4.781529667627223,Infinity,0.9355108877721939,0.0,2234.0,1,ID93451,93439,142,29.7219
93452,144,59,664.2704103671706,878.8207343412527,2315.0000000000005,0.612135930734818,0.7127003699136868,1.4977170354011338,36.56203118379271,24.41184170279555,-1.1550406672199571,-1.1966280578456638,5.467666967314697,2.0,2.0,2.0,2.0,218.0,144.0,0.0,2315.0,27.14566975625165,104,4.530863681677461,Infinity,0.9757639620653321,0.0,4630.0,1,ID93452,93440,142,4.2846
93469,146,245,798.2488584474886,859.5917808219178,2190.0000000000005,0.5388118029103022,0.9780219780219781,1.3806008110699053,31.099373841946168,22.525971006670286,1.9283141114562572,-0.1467337588615873,-0.13423374581769676,1.0,1.0,1.0,1.0,226.0,146.0,0.0,2190.0,26.402625830445384,144,4.829324427828777,Infinity,0.9494905701278996,0.0,2190.0,1,ID93469,93451,144,11.7059
93470,146,59,668.1423093310609,878.2530890498509,2347.0000000000014,0.6093651204938222,0.7263699889665318,1.421663694927516,34.212406274164515,24.06504885524902,2.1915412284395073,-0.5536671374604657,2.5189495076724513,2.0,2.0,2.0,2.0,220.0,146.0,0.0,2347.0,27.332641710477915,114,4.541153017526461,Infinity,0.9742631797426325,0.0,4694.0,1,ID93470,93452,144,3.9133
93445,148,245,787.2491366551554,876.5673408978787,2026.9999999999998,0.5667504724836694,0.7212001132182281,1.3717039858186006,30.289999067733728,22.082023075596275,1.9967484782669729,-0.38314668785534994,0.7643699417897133,1.0,1.0,1.0,1.0,212.0,148.0,0.0,2027.0,25.401065711787442,126,4.708786358385734,Infinity,0.9496369173108455,0.0,2027.0,1,ID93445,93469,146,20.2278
93446,148,59,672.9516666666667,879.9591666666666,2400.0,0.590478688120879,0.7144898202166924,1.4821499642868372,36.006853835477884,24.293664408515653,2.3898208513724026,-1.2794834667771604,3.675249415735678,2.0,2.0,2.0,2.0,226.0,148.0,0.0,2400.0,27.63953195770684,120,4.613205682241652,Infinity,0.9758080910754219,0.0,4800.0,1,ID93446,93470,146,5.103
93448,148,100,20.40064844835572,253.6544696618805,2159.0000000000005,0.5311847865220741,0.7143991529910004,1.1599968283448732,30.99065310981455,26.71615331399929,0.5900333455547659,-4.6221211431108316,-0.7233434007647119,4.0,4.0,4.0,4.0,226.0,148.0,0.0,2159.0,26.215091918030808,112,4.863871783493285,Infinity,0.929001721170396,0.0,8636.0,1,ID93448,,,
93493,150,59,672.0588484335309,881.0668924640136,2361.9999999999986,0.5811294422256313,0.7251369446135119,1.503800156891882,36.32918052540738,24.158250256133815,2.461085763869904,-1.448644863003673,3.9922309848205244,1.0,1.0,1.0,1.0,226.0,150.0,0.0,2362.0,27.419845936221325,118,4.6501663859955435,Infinity,0.9734185040181327,0.0,2362.0,1,ID93493,93446,148,1.4227
93494,150,245,768.863432165319,888.9550763701707,1113.0,0.6216164663903004,0.10727905819930364,1.0216683344121529,21.746584270456147,21.285365845236544,-0.6762370292359251,-0.20772092175525186,4.48820840187611,2.0,2.0,2.0,2.0,150.0,150.0,0.0,1113.0,18.822298035111416,66,4.4961798699763555,Infinity,0.9724770642201835,0.0,2226.0,1,ID93494,93445,148,22.1696
93495,150,105,1206.3827751196172,208.58054226475278,1881.0,0.5161442729847499,0.719116527037319,1.5762190953619906,31.355588759458907,19.892912636144573,1.4253450513395065,0.491825367409119,0.15350652682781404,3.0,3.0,3.0,3.0,214.0,150.0,0.0,1881.0,24.469182575470523,112,4.934229842244665,Infinity,0.9545800558233954,0.0,5643.0,1,ID93495,,,
93496,150,100,21.204545454545453,251.63257575757575,2375.999999999998,0.4933851639189202,0.7066922063929127,1.2247977352365513,33.38480276394872,27.257400796467792,1.0230554835140149,-2.9882568548202832,1.4570002165550215,4.0,4.0,4.0,4.0,246.0,150.0,0.0,2376.0,27.500987065425235,122,5.046751130152644,Infinity,0.9295774647887317,0.0,9504.0,1,ID93496,93448,148,2.1758
105983,150,104,819.5,895.5,232.3521955581855,0.9999999999999999,-0.0014829045513196065,1.0,8.60000005364418,8.60000005364418,0.0,0.0,0.0,22368.0,15768.696750902527,15559.0,11808.0,54.03539397880077,150.0,0.0,-1.0,8.60000005364418,,3.544907701811032,-0.025792046992412297,1.0,1815.9240436605487,4367929.0,1,ID105983,,,
93472,152,105,1212.885521885522,191.25420875420875,594.0000000000002,0.574363199825281,0.7167630057803468,1.3690811522833246,20.9374653956274,15.29307839839029,2.5898846460823854,6.857814914949792,-1.5697709048298203,1.0,1.0,1.0,1.0,114.0,152.0,0.0,594.0,13.750493532712625,52,4.677476657214643,Infinity,0.9611650485436897,0.0,594.0,1,ID93472,93495,150,18.5064
93473,152,245,780.8636836628511,876.5171696149844,1921.9999999999993,0.5919165846681287,0.4334369173399628,1.1584634588710938,26.619468020361364,22.978254356250183,0.7527735434567624,-0.010117665565514047,-0.2540995935811483,2.0,2.0,2.0,2.0,202.0,152.0,0.0,1922.0,24.734421384888822,124,4.607599025796214,Infinity,0.9675308331235841,0.0,3844.0,1,ID93473,93494,150,17.2832
93474,152,59,679.5770811921891,885.3992805755396,1946.0000000000023,0.5545160366336277,0.7211084905660378,1.6719933885899676,35.877211506225805,21.457747232171727,2.6444828212739213,-2.1679990715216615,4.548087049031896,3.0,3.0,3.0,3.0,210.0,152.0,0.0,1946.0,24.888371552065383,100,4.760448561175417,Infinity,0.9737302977232932,0.0,5838.0,1,ID93474,93493,150,8.6772
93475,152,104,834.0316072629455,887.1977135171486,1486.9999999999989,0.6032474529814075,0.6003587443946188,1.5803104831286707,28.31003543063362,17.91422364963745,0.14081848328704594,0.29064074215266394,0.8953503700847959,4.0,4.0,4.0,4.0,176.0,152.0,0.0,1487.0,21.756075031018266,80,4.56412135749826,Infinity,0.9706266318537853,0.0,5948.0,1,ID93475,105983,150,16.7361
93477,152,100,27.652389819987587,244.95872129112354,3222.000000000002,0.4748644928629348,0.7004134048729,1.1213688325527318,35.94515933856653,32.054715892842715,0.6179804898424957,-1.007958229375205,1.8844995531760205,6.0,6.0,6.0,6.0,292.0,152.0,0.0,3222.0,32.024903642074776,136,5.144226513128448,Infinity,0.8731707317073176,0.0,19332.0,1,ID93477,93496,150,9.2798
93478,154,105,1184.7793103448275,175.85221674876848,1015.0000000000007,0.4982369599052566,1.0,1.7471595287550923,23.66041605755628,13.542218479851746,-0.7755955183983615,0.06136188108984987,0.004320044808146525,1.0,1.0,1.0,1.0,160.0,154.0,0.0,1015.0,17.974552413802904,116,5.022118564594754,Infinity,0.9548447789275644,0.0,1015.0,1,ID93478,93472,152,32.0497
93479,154,100,26.182987141444116,257.2739861523244,1011.0,0.5646489196052055,0.9849476439790575,1.138654798735708,19.225594178170855,16.884480001768548,-0.4003590629048226,-0.22959505225699,-0.20317203697630234,2.0,2.0,2.0,2.0,150.0,154.0,0.0,1011.0,17.939099613186062,70,4.717540977918292,Infinity,0.9391546679052485,0.0,2022.0,1,ID93479,93477,152,12.4026
93480,154,104,833.7294685990338,874.9969806763285,1656.0,0.5764517932791908,0.7955544846695982,1.3545134155894099,26.614139674611142,19.648487322681945,1.094398215832939,0.12901453018855036,0.03850228289532418,3.0,3.0,3.0,3.0,190.0,154.0,0.0,1656.0,22.959119571977435,116,4.66899527823841,Infinity,0.9678550555230858,0.0,4968.0,1,ID93480,93475,152,12.2045
93481,154,245,766.940620782726,879.2141250562303,2223.000000000001,0.6582864048383554,0.6883544303797469,1.0332948184904378,27.780072426410573,26.88494312493995,0.23410138221754062,-0.31197257575724213,1.0930503020601454,4.0,4.0,4.0,4.0,206.0,154.0,0.0,2223.0,26.600805946184543,98,4.369155372433673,Infinity,0.9767135325131816,0.0,8892.0,1,ID93481,93473,152,14.1819
93483,154,59,600.9633068081343,880.525641025641,2261.9999999999995,0.3625654378785771,0.6826183982147285,2.604719852679271,52.94426676561573,20.32628065976313,0.7832744037131194,6.295573272391231,9.294043062903265,6.0,6.0,6.0,6.0,280.0,154.0,0.0,2262.0,26.833131806550913,148,5.88723986943652,Infinity,0.8641833810888251,0.0,13572.0,1,ID93483,93474,152,78.7647
93512,156,105,1187.9454545454546,186.4809917355372,605.0,0.5279620987282847,1.0,1.1705598035706968,15.144318399612189,12.937671662238603,1.2185332112253138,0.042767077061452684,0.09935531719709954,1.0,1.0,1.0,1.0,120.0,156.0,0.0,605.0,13.877228871110882,78,4.87869376909045,Infinity,0.9236641221374046,0.0,605.0,1,ID93512,93478,154,11.0903
93513,156,104,846.3459915611814,872.9150843881856,1896.0000000000014,0.56145345189992,0.9029775844764136,1.4047524613057303,29.05752911954028,20.68515978433029,0.6623505169729313,-0.2446833946149364,0.14079919073885852,2.0,2.0,2.0,2.0,206.0,156.0,0.0,1896.0,24.56655336437058,136,4.730946685398639,Infinity,0.9695729992329337,0.0,3792.0,1,ID93513,93480,154,12.7871
93514,156,245,719.3062295081967,887.96,1525.0000000000005,0.5660360109551554,0.7128416323474354,1.298068727240737,27.16360714621215,20.926170222090597,0.018257982981351343,0.05660504095097357,3.0291882733622417,3.0,3.0,3.0,3.0,184.0,156.0,0.0,1525.0,22.032307560268872,86,4.711757181530571,Infinity,0.9582155199497334,0.0,4575.0,1,ID93514,93481,154,48.4306
93515,156,100,35.295989304812835,251.7149732620321,3739.9999999999977,0.5019247522075193,0.7015468607825296,1.5521666558593987,46.58498809873055,30.012877755666977,-0.06890284121756912,-3.7706352632096563,0.45432487439445074,4.0,4.0,4.0,4.0,306.0,156.0,0.0,3740.0,34.50331830893047,120,5.0036350422831255,Infinity,0.8802071075547182,0.0,14960.0,1,ID93515,93479,154,10.6747
93519,156,59,595.3018446059251,873.1648965902739,1788.999999999999,0.3596997924654168,0.7138751397094043,2.8902333538818037,43.05282907965265,14.895969912543368,1.072711040428772,1.5878274691483396,3.1643430491456197,8.0,8.0,8.0,8.0,250.0,156.0,0.0,1789.0,23.863285322494917,134,5.91064448925562,Infinity,0.8004474272930645,0.0,14312.0,1,ID93519,93483,154,9.2862
93520,158,105,1193.3253182461103,187.8925035360679,707.0000000000005,0.5257055635711207,1.0,1.3832677938064313,17.58307971154256,12.711262266258665,0.6509375030253992,0.21627059824497954,0.16396003485257693,1.0,1.0,1.0,1.0,130.0,158.0,0.0,707.0,15.001502909106813,84,4.889153193889908,Infinity,0.9128469980632673,0.0,707.0,1,ID93520,93512,156,5.562
93521,158,104,873.8398357289527,886.1950718685831,1461.0000000000002,0.6352756909196801,0.7300177619893428,1.1262497875378616,24.41029076594186,21.673958153906643,-0.030057124725025048,-0.10129113645881394,2.289276483041312,2.0,2.0,2.0,2.0,170.0,158.0,0.0,1461.0,21.565035212457182,76,4.447580458747141,Infinity,0.9717326238776189,0.0,2922.0,1,ID93521,93513,156,30.5331
93522,158,245,716.3031400966183,894.9842995169082,828.0,0.4167983844211422,0.7255991663772142,2.310148451392802,26.498882698436038,11.470640634570348,-0.016309679844977568,0.3758284662127932,1.610504091430702,3.0,3.0,3.0,3.0,158.0,158.0,0.0,828.0,16.23454913941803,70,5.490879570169636,Infinity,0.9277310924369748,0.0,2484.0,1,ID93522,93514,156,7.6393
93523,158,100,48.505850585058504,256.71377137713773,3333.000000000001,0.3498589433130002,0.74198606271777,3.043139534630719,59.01949642385546,19.394278754627464,2.732456050029829,-0.8348275758742436,0.025100826422089263,4.0,4.0,4.0,4.0,346.0,158.0,0.0,3333.0,32.57187207776941,186,5.993195461453256,Infinity,0.8323136471469599,0.0,13332.0,1,ID93523,93515,156,14.124
93556,160,105,1164.9289026275117,194.42967542503865,647.0000000000002,0.5462538153379728,1.0,1.1344965230165056,15.374561075068318,13.55188029504841,0.35232442484538695,0.19049499641817816,0.3524711447184586,1.0,1.0,1.0,1.0,122.0,160.0,0.0,647.0,14.350836085779555,76,4.796314917221583,Infinity,0.9249463902787706,0.0,647.0,1,ID93556,93520,158,29.1392
93559,160,104,871.7779632721202,848.0634390651085,1797.0000000000005,0.587821949031743,1.0,1.2352242186678717,26.51645801957025,21.46691881427563,1.1830409445476067,0.03434466794619286,-0.1119429741285843,2.0,2.0,2.0,2.0,196.0,160.0,0.0,1797.0,23.91658139183508,120,4.623618926286501,Infinity,0.9663888141973651,0.0,3594.0,1,ID93559,93521,158,38.1873
93560,160,245,698.0315940641456,886.6548587841072,2089.000000000001,0.5523766562872722,0.6748474455480824,1.715823924077621,34.63218653861681,20.183997933957066,-0.044372591445329006,0.31339864785248306,1.2465791586293165,3.0,3.0,3.0,3.0,218.0,160.0,0.0,2089.0,25.78661187977085,100,4.769658371051725,Infinity,0.9611226132965267,0.0,6267.0,1,ID93560,93522,158,20.0806
93561,160,100,48.69075871988493,243.09349154980222,2780.999999999996,0.25527448267737624,0.8152741514360312,4.030390786327363,60.02386935380975,14.892816239416243,2.651974314496446,-1.181714899684928,0.6078333067245163,4.0,4.0,4.0,4.0,370.0,160.0,0.0,2781.0,29.75264347040647,228,7.016188195859089,Infinity,0.8696060037523438,0.0,11124.0,1,ID93561,93523,158,13.6215
93584,162,105,1159.8470588235293,221.78382352941176,679.9999999999997,0.5741152927817947,1.0,1.1363076595459631,15.638490948971132,13.762549972795076,1.0222878513906022,0.35787101351841333,-0.056420273405002205,1.0,1.0,1.0,1.0,122.0,162.0,0.0,680.0,14.712264360219251,76,4.6784864319689605,Infinity,0.9411764705882347,0.0,680.0,1,ID93584,93556,160,27.8222
93585,162,104,872.515572858732,852.0928809788654,1798.0000000000007,0.6003383559522213,1.0,1.3231408275102619,27.52220609589836,20.800662728914926,1.5023171308777918,-0.025903946623132383,0.06343800524099809,2.0,2.0,2.0,2.0,194.0,162.0,0.0,1798.0,23.923235052108982,110,4.575166317174808,Infinity,0.9684890923781315,0.0,3596.0,1,ID93585,93559,160,4.0964
93586,162,245,671.6232771822358,896.6049004594181,653.0,0.32870693843841287,0.5262952863264511,1.7488933377086084,32.00404973576314,18.29960069359901,0.05062722479280661,1.1491864857222653,10.122339668282931,3.0,3.0,3.0,3.0,158.0,162.0,0.0,653.0,14.417224270920368,62,6.183017793539175,Infinity,0.9546783625730995,0.0,1959.0,1,ID93586,93560,160,28.2206
93587,162,114,21.97702205882353,22.196691176470587,2175.9999999999995,0.5860858722746389,0.41161206616931567,1.6033748834377437,37.97402819314371,23.68381130663893,-0.7611432162130038,-2.236374347650836,-1.9905096794639565,4.0,4.0,4.0,4.0,216.0,162.0,0.0,2176.0,26.318098569918163,76,4.6304617988477395,Infinity,0.9656090525848677,0.0,8704.0,1,ID93587,,,
93590,162,100,57.37433489827856,239.6716744913928,3195.000000000008,0.29327650922481857,0.8702439024390244,3.2456161939409984,57.41673977370055,17.690551298359807,2.6313335208825053,2.0675366755884776,-1.6277950130149357,7.0,7.0,7.0,7.0,370.0,162.0,0.0,3195.0,31.89043879217114,220,6.545853673356053,Infinity,0.7950727883538653,0.0,22365.0,1,ID93590,93561,160,9.3335
93591,164,105,1147.117852975496,240.10268378063012,856.9999999999997,0.5340894473569632,1.0,1.2736354668280152,18.866580582097278,14.813171487038149,1.9567008921090019,0.21479602981999396,0.34125834971117014,1.0,1.0,1.0,1.0,142.0,164.0,0.0,857.0,16.5164031332342,90,4.850627598364602,Infinity,0.9391780821917803,0.0,857.0,1,ID93591,93584,162,22.3072
93592,164,104,854.3873456790124,868.9212962962963,1944.0000000000005,0.5870103920202383,0.8659414493681011,1.3332854687679028,28.678700448125092,21.509797503926336,1.30798033648583,0.031768099974695596,-0.0046396228850571365,2.0,2.0,2.0,2.0,204.0,164.0,0.0,1944.0,24.875578761936158,122,4.626813958590447,Infinity,0.9693343305908754,0.0,3888.0,1,ID93592,93585,162,24.7352
93593,164,114,19.647325475974615,49.62284678150499,3308.9999999999995,0.44408262167237494,0.4987544349664075,1.34974090809231,60.02527647504301,44.47170276544499,0.31274308495929737,-29.73353911044987,-4.575616584575188,3.0,3.0,3.0,3.0,306.0,164.0,0.0,3309.0,32.45438973978965,148,5.3195273104750855,Infinity,0.9395229982964222,0.0,9927.0,1,ID93593,93587,162,27.5249
93594,164,100,56.69260935143288,243.19849170437405,3315.0000000000014,0.31097911692347247,0.8932038834951456,2.9991515716209176,54.90233300414312,18.305954765224044,2.6083721909602167,2.1800584769711544,-1.2817590300048836,4.0,4.0,4.0,4.0,366.0,164.0,0.0,3315.0,32.483800157913585,208,6.356811289770654,Infinity,0.8062750820868302,0.0,13260.0,1,ID93594,93590,162,3.5921
93563,166,105,1156.4557485525227,244.65839536807277,1208.9999999999995,0.5018081012273825,1.0,1.7339733832495312,25.63304569252543,14.78283688789279,-1.2530617561963076,0.09592993760073933,0.14388737307600807,1.0,1.0,1.0,1.0,174.0,166.0,0.0,1209.0,19.617253946365754,114,5.004216584324543,Infinity,0.9538461538461535,0.0,1209.0,1,ID93563,93591,164,10.3899
93565,166,104,872.5612549800796,865.421812749004,2008.000000000001,0.6184019261257041,0.9169451073985679,1.3223588515620026,29.260661605519207,22.12762562216436,1.4991249762545218,-0.17366894956485648,0.0040070427018669835,2.0,2.0,2.0,2.0,202.0,166.0,0.0,2008.0,25.281737508665262,108,4.507850611042262,Infinity,0.9719264278799615,0.0,4016.0,1,ID93565,93592,164,18.5078
93567,166,114,10.84850863422292,61.08084772370486,2547.9999999999995,0.324750621986563,0.40734603700635186,3.352692321546405,61.43737023529848,18.324786274143086,1.4757129942499256,-1.1643599601260979,-0.2781874867945827,3.0,3.0,3.0,3.0,314.0,166.0,0.0,2548.0,28.479002615897535,70,6.22056648624007,Infinity,0.8584905660377355,0.0,7644.0,1,ID93567,93593,164,14.4466
93573,166,100,63.84298155737705,243.046875,3904.0000000000045,0.2728902127005733,0.8949923145376587,3.3468302888171615,64.19260084073673,19.180118291394965,2.5644176371611818,1.839184899909956,-1.24704489144765,7.0,7.0,7.0,7.0,424.0,166.0,0.0,3904.0,35.25169209643021,290,6.785954636443482,Infinity,0.8271186440677976,0.0,27328.0,1,ID93573,93594,164,7.152
93580,166,266,702.5048287971905,888.054433713784,1138.999999999999,0.388267581644832,0.9321458863443597,2.6528972791589247,31.62802840849563,11.922070506447573,0.2393950790538348,-0.9462790663833458,0.45214535145437584,13.0,13.0,13.0,13.0,192.0,166.0,0.0,1139.0,19.040876039808076,104,5.689044969081216,Infinity,0.8901914810472835,0.0,14807.0,1,ID93580,,,
93611,168,105,1146.1850961538462,254.40064102564102,1248.0000000000002,0.4949763453705419,1.0,1.7900619800931348,26.546343278784864,14.829845879081622,-1.2267895451694577,-0.017115948016672888,0.2236345619854903,1.0,1.0,1.0,1.0,178.0,168.0,0.0,1248.0,19.93114994066752,114,5.038632801943451,Infinity,0.9555895865237372,0.0,1248.0,1,ID93611,93563,166,14.1562
93612,168,104,842.9316081330869,883.2538508934073,1623.0000000000007,0.6437072183785174,0.7256778309409888,1.0930053856178523,24.508105427885877,22.42267581694666,0.7578512403523793,-0.19452694742746487,1.207797687814029,2.0,2.0,2.0,2.0,178.0,168.0,0.0,1623.0,22.729209077226873,80,4.418356377042632,Infinity,0.9654967281380136,0.0,3246.0,1,ID93612,93565,166,34.5818
93613,168,117,12.231304347826088,104.01507246376812,1724.9999999999998,0.28456455195559716,0.7206982543640899,3.1797821976368814,47.63579902942187,14.98083707268484,1.4836726654014283,-0.4110613600669721,-5.074359058999504,3.0,3.0,3.0,3.0,276.0,168.0,0.0,1725.0,23.432553289538017,96,6.64529909033446,Infinity,0.7671781187458304,0.0,5175.0,1,ID93613,,,
93614,168,100,59.45791552719538,250.76207839562443,3290.999999999991,0.26640679798407535,0.863005943956977,4.0525923297366,64.02984448752008,15.799725034687048,2.634501568708149,0.15379684588520875,-0.2420999077529552,4.0,4.0,4.0,4.0,394.0,168.0,0.0,3291.0,32.36599813741038,256,6.86803153649324,Infinity,0.8448209472468209,0.0,13164.0,1,ID93614,93573,166,8.8743
93617,168,266,697.212543554007,888.3175087108013,2296.0000000000014,0.41397478952262223,0.7495554991109983,2.483623142108871,43.19073481233439,17.39021274204293,0.0032363985796943773,-2.0202990323492847,0.398586070081384,7.0,7.0,7.0,7.0,264.0,168.0,0.0,2296.0,27.03404332832926,120,5.509573549455901,Infinity,0.9198717948717954,0.0,16072.0,1,ID93617,93580,166,5.2988
93636,170,105,1141.300244100895,270.81041497152154,1229.0000000000014,0.49858178864435176,1.0,1.9049928260100217,27.234007739506016,14.296120892248831,1.970553871749742,0.05521243451307205,0.231399045278636,1.0,1.0,1.0,1.0,176.0,170.0,0.0,1229.0,19.77884855394467,110,5.020381567389136,Infinity,0.9527131782945747,0.0,1229.0,1,ID93636,93611,168,17.1214
93637,170,104,845.6839565741858,880.0482509047044,1658.0000000000002,0.6154017745335395,0.726483859770913,1.4459531837681243,29.12437484240801,20.141990189827922,1.392129170796792,0.2635094500139525,2.342567507304018,2.0,2.0,2.0,2.0,184.0,170.0,0.0,1658.0,22.972979591091903,86,4.5188253861959335,Infinity,0.9707259953161596,0.0,3316.0,1,ID93637,93612,168,4.2251
93638,170,266,686.4548192771084,887.062248995984,995.9999999999997,0.5871695032793081,0.7331786542923434,1.2476532389287085,21.16692912778253,16.965394283717337,1.9601574402044433,-0.11742492073751976,2.356642283995664,3.0,3.0,3.0,3.0,146.0,170.0,0.0,996.0,17.80552292517845,80,4.6261870288286895,Infinity,0.9581529581529579,0.0,2988.0,1,ID93638,93617,168,10.8307
93639,170,117,26.325091949325707,105.77646097261953,4893.999999999996,0.502039328870806,0.7118871334460444,1.5156638274215937,50.93965062497006,33.60880539824402,-1.5368114004116644,-3.125343345159539,-0.5786862822353509,4.0,4.0,4.0,4.0,350.0,170.0,0.0,4894.0,39.4690838883229,176,5.003064038690191,Infinity,0.954089092504142,0.0,19576.0,1,ID93639,93613,168,14.2034
93640,170,100,62.99392405063291,247.8820253164557,3950.0000000000045,0.2735191646648526,0.8482414411604149,4.30658500017141,73.45993174691628,17.057583153239154,2.640196557380763,0.35100432184782554,-0.31571866704304413,5.0,5.0,5.0,5.0,426.0,170.0,0.0,3950.0,35.45876549495166,270,6.778148061177216,Infinity,0.8410518471201965,0.0,19750.0,1,ID93640,93614,168,4.5605
93661,172,117,10.455097087378642,88.25728155339806,824.0000000000001,0.5598339849822643,0.6978021978021978,1.5738066140866387,21.73096503997906,13.8079004405447,1.8948440770484483,-1.90003908213379,0.5867817594620951,1.0,1.0,1.0,1.0,136.0,172.0,0.0,824.0,16.195287778099022,70,4.737784497182999,Infinity,0.9620548744892001,0.0,824.0,1,ID93661,93639,170,23.6385
93662,172,105,1136.0398773006134,283.6480061349693,1304.000000000001,0.4947031542423733,1.0,2.255096593219156,30.87043514669152,13.68918530563868,1.921322918889848,3.5577094610950453E-4,0.6983669844385378,2.0,2.0,2.0,2.0,182.0,172.0,0.0,1304.0,20.37341629633242,102,5.0400238581575705,Infinity,0.9612974566900121,0.0,2608.0,1,ID93662,93636,170,13.8735
93663,172,266,684.9112068965517,877.0758620689655,1159.9999999999998,0.5043941146247971,0.42525597269624565,1.3131348204831257,21.915903715807175,16.689759020893167,1.368360847129299,0.16314463532284593,-0.34533812373106804,3.0,3.0,3.0,3.0,170.0,172.0,0.0,1160.0,19.215604803731708,112,4.991371865874981,Infinity,0.9317269076305221,0.0,3480.0,1,ID93663,93638,170,10.105
93664,172,104,855.5532959326788,884.390603085554,1426.0,0.6057208117927319,0.7222222222222222,1.403289327410592,28.08044684048974,20.010447091694875,1.185674345162505,1.0241738620306444,4.728758812947046,4.0,4.0,4.0,4.0,172.0,172.0,0.0,1426.0,21.305161292468206,84,4.554793415458434,Infinity,0.9700680272108844,0.0,5704.0,1,ID93664,93637,170,10.7824
93666,172,100,64.28940110323089,237.3205279747833,5076.000000000007,0.30408886767265714,0.82546152001918,3.6071194036862066,75.90770454033688,21.043856896659666,2.601735545063259,1.0347346732926597,-0.6510595949420059,6.0,6.0,6.0,6.0,458.0,172.0,0.0,5076.0,40.196280701937134,270,6.428426330807756,Infinity,0.8405365126676612,0.0,30456.0,1,ID93666,93640,170,10.6407
93672,174,117,24.717722534081798,90.26383319967923,1247.0000000000005,0.5552106064379922,1.0,1.5960424515896248,25.267278538994812,15.831207067098456,1.8128619686479384,-0.052957054228768737,-0.0778199481122044,1.0,1.0,1.0,1.0,168.0,174.0,0.0,1247.0,19.923163104065257,98,4.7574699630242305,Infinity,0.9588619761630146,0.0,1247.0,1,ID93672,93661,172,14.4031
93674,174,100,28.779936974789916,258.6265756302521,1904.0000000000007,0.5638224538066705,0.7905956112852665,1.5684188683574718,31.35207770346772,19.989607582508373,-0.4397940101801334,-1.1641198905026295,0.152977705509997,2.0,2.0,2.0,2.0,206.0,174.0,0.0,1904.0,24.618326979994755,116,4.720997259695288,Infinity,0.9655172413793106,0.0,3808.0,1,ID93674,93666,172,41.411
93675,174,105,1114.6918555835432,345.10327455919395,1191.0000000000007,0.505900060901223,1.0,2.038328091020064,28.41842453370506,13.942026633937672,1.9890667853698196,0.1966723609117646,0.8342101314204488,3.0,3.0,3.0,3.0,172.0,174.0,0.0,1191.0,19.470672162123602,98,4.9839372550778025,Infinity,0.9593233991139754,0.0,3573.0,1,ID93675,93662,172,65.0576
93677,174,266,694.5257510729614,859.7410586552218,1397.9999999999984,0.5671418555938179,0.6853526220614827,1.1162110083321548,22.18378403599973,19.874184961808247,1.8773430384457857,0.22448600222611473,-0.06746894303014833,4.0,4.0,4.0,4.0,176.0,174.0,0.0,1398.0,21.09495723828183,114,4.707161317407478,Infinity,0.958190541466757,0.0,5592.0,1,ID93677,93663,172,19.8226
93678,174,104,863.5144256940664,876.4599891126837,1837.0000000000007,0.6133601556641994,0.7379375591296121,1.3734772292103823,28.491030634043643,20.743722595549148,1.2362935072902779,0.005401789438111354,0.2806987356157025,5.0,5.0,5.0,5.0,194.0,174.0,0.0,1837.0,24.181299818653745,104,4.526339776153453,Infinity,0.9714436805922797,0.0,9185.0,1,ID93678,93664,172,11.2372
93643,176,117,21.984896661367248,95.48807631160572,1257.9999999999995,0.6023660353933789,0.9403598971722364,1.5034696632003635,24.77253407564821,16.47690983196569,1.3627342375109106,0.058479559698282224,-0.14945605930343478,1.0,1.0,1.0,1.0,162.0,176.0,0.0,1258.0,20.01084298122417,84,4.567459382920268,Infinity,0.9639846743295014,0.0,1258.0,1,ID93643,93672,174,5.8959
93644,176,100,69.84539190353144,238.62489233419467,2322.000000000001,0.5328934284195707,1.0,1.7562518077509794,36.18472860195153,20.603382978599726,2.6660819621901766,-0.4614091549385965,-0.0089805371482177,2.0,2.0,2.0,2.0,234.0,176.0,0.0,2322.0,27.186679747971475,142,4.856067889644583,Infinity,0.9677016045009377,0.0,4644.0,1,ID93644,93674,174,45.6776
93645,176,105,1119.5083532219571,348.1161495624503,1257.0000000000014,0.49854588632273383,1.0,2.0636332665861294,28.979171338319006,14.042791327094312,1.9068034917034695,0.20375395942652472,0.4379342268753623,3.0,3.0,3.0,3.0,178.0,176.0,0.0,1257.0,20.002887964817113,104,5.020562333206009,Infinity,0.9569851541682536,0.0,3771.0,1,ID93645,93675,174,5.6812
93646,176,266,719.8740088105727,844.3312775330396,1135.0000000000005,0.46044778690914473,0.4157268333246713,1.6597145343945583,24.632198832940965,14.841226200339603,-1.5181684297624198,0.22853849667686554,0.2814152829512312,4.0,4.0,4.0,4.0,176.0,176.0,0.0,1135.0,19.007412259921196,116,5.224139159320617,Infinity,0.9072741806554759,0.0,4540.0,1,ID93646,93677,174,29.6647
93647,176,104,866.6180773249739,863.9299895506792,1914.0,0.5894528319744009,0.9920208152645273,1.2461451169106423,27.443441913797233,22.022669383669484,1.0298996765106123,0.02206636241016437,-0.05780500858991487,5.0,5.0,5.0,5.0,202.0,176.0,0.0,1914.0,24.68289128436487,126,4.617218240913194,Infinity,0.9715736040609138,0.0,9570.0,1,ID93647,93678,174,12.9087
93649,176,252,718.0889192886457,890.6812585499316,731.0000000000001,0.6171739397404298,0.5610921848782223,1.3137752322133638,20.949128635918164,15.94574788917616,-1.4750268986225106,-0.30761717772161734,5.487114821337701,7.0,7.0,7.0,7.0,122.0,176.0,0.0,731.0,15.254000354017009,54,4.512333000877386,Infinity,0.9662921348314607,0.0,5117.0,1,ID93649,,,
93673,178,117,11.805019305019306,93.63610038610038,1035.9999999999998,0.57861155362116,0.7076923076923076,1.5586077265516751,24.422314394770854,15.669314336586629,1.2517326016020351,-2.2089337226873234,-0.53156611813259,1.0,1.0,1.0,1.0,150.0,178.0,0.0,1036.0,18.15954410458608,70,4.660273245009002,Infinity,0.9677720691265762,0.0,1036.0,1,ID93673,93643,176,10.347
93676,178,100,111.04073319755601,211.3645621181263,1964.0000000000007,0.559645167496631,1.0,1.5131323313198544,30.817773589671894,20.3668727128384,2.6857236102729987,-0.4709371101616279,-0.1824580336274289,2.0,2.0,2.0,2.0,210.0,178.0,0.0,1964.0,25.003212122944625,126,4.738583665268504,Infinity,0.9682031057431603,0.0,3928.0,1,ID93676,93644,176,49.3982
93679,178,105,1123.9414556962026,324.3488924050633,1263.9999999999998,0.47952821086070496,1.0,2.126419521737989,29.398659688977666,13.825427855811455,1.924007131902448,0.09824479645559955,0.34522476772552035,3.0,3.0,3.0,3.0,182.0,178.0,0.0,1264.0,20.058506827187095,112,5.1191499492134085,Infinity,0.9518072289156623,0.0,3792.0,1,ID93679,93645,176,24.1772
93683,178,266,723.9685314685315,820.395979020979,1143.9999999999995,0.6389301325700839,0.6784447976525249,1.213508459893571,21.628537777702146,17.823145443583513,2.6081646949959554,0.06341998569426498,0.627728110370145,4.0,4.0,4.0,4.0,150.0,178.0,0.0,1144.0,19.082623241951207,68,4.434842969918121,Infinity,0.9625578460244001,0.0,4576.0,1,ID93683,93646,176,24.283
93689,178,252,694.9796708615683,884.7337850919652,1033.0,0.5769360375392456,0.7308014521083497,1.4703742843512355,23.00723792154513,15.647198244966912,1.0971817161436852,0.7719330598520194,1.2396914760394524,6.0,6.0,6.0,6.0,150.0,178.0,0.0,1033.0,18.133232266417803,72,4.667035434652913,Infinity,0.944241316270567,0.0,6198.0,1,ID93689,93649,176,23.8623
93757,180,117,22.280382775119616,68.73588516746412,1044.9999999999995,0.5537129908924494,0.8105688709211666,1.3639958451460437,21.464509105725643,15.736491560520426,0.34579784499739874,0.07440461070398943,-0.14313139771319888,1.0,1.0,1.0,1.0,154.0,180.0,0.0,1045.0,18.238251864201818,88,4.763899331651045,Infinity,0.9305431878895811,0.0,1045.0,1,ID93757,93673,178,27.014
93758,180,100,133.21258341277408,204.4280266920877,2098.000000000002,0.5866021170551255,1.0,1.3596888238528522,30.09944758779839,22.137011836655212,2.617045071974273,-0.14632540462680368,-0.15527636834752476,2.0,2.0,2.0,2.0,212.0,180.0,0.0,2098.0,25.842100170334326,128,4.628423809355466,Infinity,0.972872710410388,0.0,4196.0,1,ID93758,93676,178,23.2316
93759,180,105,1131.226343679031,311.6366389099167,1320.999999999999,0.47982933233808694,1.0,2.2847010536312573,31.11725116522323,13.619834908276557,1.8854313608877287,0.0673979692785266,0.3739895920569336,3.0,3.0,3.0,3.0,186.0,180.0,0.0,1321.0,20.50578844250538,106,5.117543411418384,Infinity,0.9555153707052432,0.0,3963.0,1,ID93759,93679,178,14.6517
93760,180,266,734.2023411371238,808.8244147157191,598.0,0.5584638545917646,0.40940783659039576,1.1680999685198603,14.990024883708047,12.832827059059358,1.4218434531942,0.03506652177772073,-0.2579456416583605,4.0,4.0,4.0,4.0,116.0,180.0,0.0,598.0,13.796713809378915,74,4.7435927566352785,Infinity,0.9492063492063492,0.0,2392.0,1,ID93760,93683,178,15.4477
93765,180,252,690.5352622061483,894.0361663652803,552.9999999999999,0.5957821458968297,0.7509234828496042,1.3530035071803659,16.626078879292503,12.288274783515485,3.0816377016558887,-0.48256229797445227,1.5617485183923197,7.0,7.0,7.0,7.0,108.0,180.0,0.0,553.0,13.267455184007074,42,4.592627160075673,Infinity,0.945299145299145,0.0,3871.0,1,ID93765,93689,178,10.3096
93712,182,117,48.5859649122807,45.69649122807017,1139.999999999999,0.5198745282468227,1.0,1.7198011264412236,25.01181382832531,14.543433798117192,0.15634784625110348,0.328948750074723,-0.43259744875551615,1.0,1.0,1.0,1.0,166.0,182.0,0.0,1140.0,19.049232799499332,96,4.916495685400468,Infinity,0.9272061813745418,0.0,1140.0,1,ID93712,93757,180,34.9685
93713,182,100,148.74068554396422,191.67908594138103,2013.0000000000014,0.5736078015125857,1.0,1.3820102632584699,29.838576538269145,21.590705461127676,2.576830112151802,-0.05985052307799705,-0.42916203226748556,2.0,2.0,2.0,2.0,210.0,182.0,0.0,2013.0,25.3131942055516,130,4.6805555862659265,Infinity,0.9689530685920589,0.0,4026.0,1,ID93713,93758,180,20.0912
93714,182,105,1146.3185574755823,264.6063110443276,1331.0000000000007,0.49402880693856527,1.0,2.233603624948906,30.940578843952544,13.852314035647355,1.9255096721280847,-0.055811687303377024,0.8015928784448716,3.0,3.0,3.0,3.0,184.0,182.0,0.0,1331.0,20.58325675180256,102,5.043462491118954,Infinity,0.9582433405327577,0.0,3993.0,1,ID93714,93759,180,49.3926
93716,182,266,742.4675141242938,808.6299435028249,707.9999999999999,0.4412314220871996,0.5447272727272727,1.1299400007971365,16.531906770213826,14.630782836744512,1.0739053996108634,0.817870110389908,-0.7094165525402668,5.0,5.0,5.0,5.0,142.0,182.0,0.0,708.0,15.012108426804136,82,5.336686798820085,Infinity,0.8403560830860534,0.0,3540.0,1,ID93716,93760,180,8.2675
93718,182,252,694.8673835125448,888.468339307049,837.0000000000001,0.662512736471317,0.7317241379310345,1.0161769597906403,17.035925790321677,16.764723531845807,2.8116450001368913,-0.06316632695736336,0.9615990510955592,7.0,7.0,7.0,7.0,126.0,182.0,0.0,837.0,16.322541920173858,58,4.355197117867785,Infinity,0.969872537659328,0.0,5859.0,1,ID93718,93765,180,7.0546
93792,184,117,57.11372180451128,39.276315789473685,1063.999999999999,0.5637804998177665,1.0,1.4315555153369075,21.91126765170678,15.305915430426113,0.6282171247293812,-0.07159001248797421,0.16514577614929563,1.0,1.0,1.0,1.0,154.0,184.0,0.0,1064.0,18.403307281560917,96,4.721172914034239,Infinity,0.9568345323741001,0.0,1064.0,1,ID93792,93712,182,10.6743
93793,184,100,153.9433962264151,198.30141509433963,2120.0,0.5927533308659988,1.0,1.3500015322108758,30.409265628630976,22.52535638150737,2.2139262280364833,-0.15298749072443624,0.10148680738624005,2.0,2.0,2.0,2.0,212.0,184.0,0.0,2120.0,25.977239243415305,118,4.604345773288536,Infinity,0.9693644261545494,0.0,4240.0,1,ID93793,93713,182,8.4216
93794,184,105,1140.0382165605095,294.6449044585987,1256.0,0.509535172121485,1.0,2.1546551532097817,29.69725590562577,13.782834743362935,1.8949347248211497,0.24004678671963087,0.4574480282699734,3.0,3.0,3.0,3.0,176.0,184.0,0.0,1256.0,19.994929783493642,96,4.966127302251283,Infinity,0.9591447117220313,0.0,3768.0,1,ID93794,93714,182,30.6881
93796,184,266,758.8182487122884,813.1405445180279,1359.0000000000007,0.5640671708585719,0.8554589723751878,1.3122050223130506,23.74844984924283,18.098124489251653,-0.3084306696816138,-0.1057519266637449,0.0494059070146814,5.0,5.0,5.0,5.0,174.0,184.0,0.0,1359.0,20.798633015748216,102,4.719973060872723,Infinity,0.948360083740405,0.0,6795.0,1,ID93796,93716,182,16.9615
93799,184,252,692.4974902398216,884.648633575014,1793.000000000001,0.5207910158918733,0.6868348327159405,1.7175749959953173,33.84286057903219,19.70386193204949,2.483893884032228,-1.843576762311176,3.1228627406014176,8.0,8.0,8.0,8.0,208.0,184.0,0.0,1793.0,23.889948219440264,102,4.9121677577534255,Infinity,0.9225623874453313,0.0,14344.0,1,ID93799,93718,182,4.4952
93738,186,117,58.472854640980735,6.998248686514886,570.9999999999999,0.4820879884976542,0.7198795180722892,1.384241779246019,21.587206096252814,15.59496788777111,-0.3762888381779047,1.7676172827918075,-6.521453811978463,1.0,1.0,1.0,1.0,122.0,186.0,0.0,571.0,13.481652161769508,58,5.105541098887985,Infinity,0.9596638655462181,0.0,571.0,1,ID93738,93792,184,32.3067
93739,186,100,156.62873215058417,193.1254868022501,2311.0000000000014,0.6110782444614103,1.0,1.278869551914916,31.34640295313052,24.511024526460865,-1.3057096255544647,1.029993613233847,0.005050753709183634,2.0,2.0,2.0,2.0,218.0,186.0,0.0,2311.0,27.12220763453338,112,4.534783114660972,Infinity,0.9699895068205674,0.0,4622.0,1,ID93739,93793,184,5.8311
93740,186,105,1143.1838340486408,304.07081545064375,1398.000000000001,0.4866422747610563,1.0,2.2604450522704673,31.887850970770955,14.106890560662698,1.9042375463181291,0.12820262298651858,0.5521515966749627,3.0,3.0,3.0,3.0,190.0,186.0,0.0,1398.0,21.094957238281847,108,5.081594604019432,Infinity,0.9598352214212159,0.0,4194.0,1,ID93740,93794,184,9.9369
93742,186,266,753.8348909657321,790.9119937694704,1283.999999999999,0.5716843774389585,0.8437679494543365,1.1744943904820497,21.7283823453625,18.500201040930033,-0.13218086852577776,0.2147104628725442,-0.1855227451715367,5.0,5.0,5.0,5.0,168.0,186.0,0.0,1284.0,20.216574731145407,106,4.688422806361961,Infinity,0.9535833642777565,0.0,6420.0,1,ID93742,93796,184,22.7803
93744,186,252,682.609131403118,890.9365256124721,898.0,0.35616086389643153,0.7110193712289615,1.676996895155786,22.665437500285854,13.5154916301621,0.2747743483631971,1.155106120367181,1.3162062193997672,7.0,7.0,7.0,7.0,178.0,186.0,0.0,898.0,16.906870727400857,94,5.939936933967399,Infinity,0.8726919339164237,0.0,6286.0,1,ID93744,93799,184,11.7182
93761,188,100,156.2809884416102,201.49382223993624,2509.000000000001,0.6065140018357028,1.0,1.2903999412368206,32.42183719120652,25.125417442386805,-1.388086365782051,0.735210937084938,0.06515640977043494,1.0,1.0,1.0,1.0,228.0,188.0,0.0,2509.0,28.260210622625074,126,4.55181409532395,Infinity,0.9738016689307203,0.0,2509.0,1,ID93761,93739,186,8.3756
93766,188,266,725.4663432383262,755.1322013341419,1649.0000000000005,0.5505884032064587,1.0,1.4419431506638343,27.634587471237197,19.164824534528236,0.394390617669312,0.2589194635562625,-0.4929498089006107,3.0,3.0,3.0,3.0,194.0,188.0,0.0,1649.0,22.910543474939022,118,4.777397765705165,Infinity,0.9537304800462699,0.0,4947.0,1,ID93766,93742,186,45.6615
107303,188,105,1114.18679245283,378.24716981132076,232.3521955581855,0.9999999999999999,-0.12047456743358445,1.0,8.60000005364418,8.60000005364418,0.0,0.0,0.0,40720.0,23363.523465703973,22112.0,17888.0,54.03539397880077,188.0,0.0,-1.0,8.60000005364418,,3.544907701811032,-1.5618632411783577,1.0,4098.003310688162,6471696.0,1,ID107303,93740,186,79.6427
107332,188,308,34.91132075471698,5.658490566037735,232.3521955581855,0.9999999999999999,0.01516159237417454,1.0,8.60000005364418,8.60000005364418,0.0,0.0,0.0,40144.0,23617.617328519857,23040.0,13978.0,54.03539397880077,188.0,0.0,-1.0,8.60000005364418,,3.544907701811032,0.11363663476159504,1.0,6208.080662527853,6542080.0,1,ID107332,,,
93752,190,100,137.36740804106074,200.06971770744227,2337.9999999999977,0.6182176268069127,1.0,1.3123444602692818,31.983542232956825,24.37130128654948,2.13938203505978,1.113459565279762,0.20047525345549655,1.0,1.0,1.0,1.0,218.0,190.0,0.0,2338.0,27.280185371395515,116,4.508522487621174,Infinity,0.9757929883138555,0.0,2338.0,1,ID93752,93761,188,18.9671
93753,190,105,1091.935085007728,431.7078825347759,1294.0,0.5132206657928534,1.0,1.8635668604027036,27.861745122060874,14.950762279621214,1.8605634232623849,0.3104849412882262,0.5737325444137915,2.0,2.0,2.0,2.0,178.0,190.0,0.0,1294.0,20.295147023902665,102,4.948264023572923,Infinity,0.9602968460111319,0.0,2588.0,1,ID93753,107303,188,57.9067
93754,190,266,715.7284448025786,734.6011281224819,1240.9999999999986,0.5271385185377135,1.0,1.5392360402230891,24.485813750798982,15.907770550415472,0.8364928236606345,-0.07777157024262694,-0.08412061775987806,3.0,3.0,3.0,3.0,172.0,190.0,0.0,1241.0,19.87517468486966,106,4.882503419911474,Infinity,0.9341362438840791,0.0,3723.0,1,ID93754,93766,188,22.7234
93755,190,274,564.5468227424749,816.680602006689,2392.000000000003,0.5396933084879917,1.0,1.5090207867958243,33.66181309046699,22.307057255283226,0.8769669929526993,-0.046300383790322024,0.07951353573000107,4.0,4.0,4.0,4.0,236.0,190.0,0.0,2392.0,27.593427618757847,160,4.825378838646228,Infinity,0.9692058346839557,0.0,9568.0,1,ID93755,,,
93756,190,271,643.2963628199371,876.687471935339,2227.0000000000014,0.634587468439408,0.725464876033058,1.1027668299284765,28.27832962510834,25.64307236820174,1.3935480456322027,-0.2405800610098619,0.6286162122930962,5.0,5.0,5.0,5.0,210.0,190.0,0.0,2227.0,26.624727539099855,114,4.449991549060353,Infinity,0.9761122068814378,0.0,11135.0,1,ID93756,,,
93800,192,127,948.086,71.554,500.00000000000006,0.5809158013294736,1.0,1.3190756425856853,14.515562667316539,11.004344405043192,1.0470383974607875,-0.05678425485814208,0.15493425830155536,1.0,1.0,1.0,1.0,104.0,192.0,0.0,500.0,12.6156626101008,62,4.651021393199563,Infinity,0.9469696969696972,0.0,500.0,1,ID93800,,,
93803,192,100,98.63794926004228,201.22357293868922,1891.999999999999,0.500285607321933,1.0,1.909287601596171,33.86337774487095,17.73613242790717,-0.7464103456723954,-0.2692452588242192,0.05867254671262244,3.0,3.0,3.0,3.0,218.0,192.0,0.0,1892.0,24.540625596339872,148,5.011825339601563,Infinity,0.9655524368461338,0.0,5676.0,1,ID93803,93752,190,38.7466
93805,192,105,1039.1314387211369,523.1873889875666,1126.0,0.6124365179955171,1.0,1.096899956702786,19.983996790750908,18.21861389330489,-1.4139768267208654,-0.038976253900647,0.3941718259395128,4.0,4.0,4.0,4.0,152.0,192.0,0.0,1126.0,18.931902488734416,86,4.529751658624339,Infinity,0.9636285836542576,0.0,4504.0,1,ID93805,93753,190,105.6254
93813,192,266,708.4959349593496,725.1138211382114,614.9999999999999,0.45729691880656154,0.5350329827063648,1.131881843649298,16.166917781299155,14.283220348490994,-1.4772733360563506,1.3832598046166513,-1.7234111335480025,7.0,7.0,7.0,7.0,130.0,192.0,0.0,615.0,13.991446672986722,70,5.242105950545827,Infinity,0.8447802197802197,0.0,4305.0,1,ID93813,93754,190,11.9297
93814,192,274,544.6542256542257,796.2809952809953,2330.9999999999995,0.6052109483899013,1.0,1.245295590514675,30.427554572293502,24.434001697314237,0.5005380206719974,-0.14482693130961755,0.20753030879681886,8.0,8.0,8.0,8.0,220.0,192.0,0.0,2331.0,27.239316156879124,128,4.556711617342134,Infinity,0.9734808937147628,0.0,18648.0,1,ID93814,93755,190,28.4931
93821,192,271,623.2291220556746,866.9687366167024,2334.9999999999995,0.6174243621018572,0.9324137931034483,1.1123988233517343,28.84273459784794,25.928411638321222,-0.6158553739186449,0.09111666540992709,-0.21749750369468376,9.0,9.0,9.0,9.0,218.0,192.0,0.0,2335.0,27.262677495784434,124,4.511417825062452,Infinity,0.973119399874974,0.0,21015.0,1,ID93821,93756,190,22.2968
93804,194,127,946.3951612903226,60.92741935483871,1116.0000000000002,0.5478152189697203,0.8275109170305677,1.6342309014625571,24.930083744955866,15.254933511931915,1.367022573351608,0.5813882957975154,-0.9719665305222029,2.0,2.0,2.0,2.0,160.0,194.0,0.0,1116.0,18.847647942942654,84,4.789474720713997,Infinity,0.9230769230769232,0.0,2232.0,1,ID93804,93800,192,10.7603
93806,194,100,69.68914441629312,216.2288053011109,5131.000000000001,0.16453686273789903,0.888132474701012,5.1381057955526215,95.59594720658113,18.605289772220317,2.448218150067862,5.094525446298026,-4.570541448520344,3.0,3.0,3.0,3.0,626.0,194.0,0.0,5131.0,40.413463425064556,470,8.73923315074873,Infinity,0.7909665484815785,0.0,15393.0,1,ID93806,93803,192,32.6066
93807,194,105,1027.2487992315082,528.1392891450529,1041.0,0.6308638025437836,1.0,1.1071365569427196,19.250378341281735,17.38753744564294,1.3989631282439048,-0.1242843579176591,-0.11608951288270863,4.0,4.0,4.0,4.0,144.0,194.0,0.0,1041.0,18.203312652298376,80,4.4631052370909545,Infinity,0.9679218967921899,0.0,4164.0,1,ID93807,93805,192,12.8732
93808,194,266,720.9731002017485,713.0201748486886,1486.999999999999,0.4964978505567031,0.8140783213370746,1.8052262471618707,29.122468209562204,16.132309318761447,-0.7908574308748869,-0.07346610364045751,0.03718802680606479,5.0,5.0,5.0,5.0,194.0,194.0,0.0,1487.0,21.756075031018266,130,5.03090649633331,Infinity,0.9319962394233777,0.0,7435.0,1,ID93808,93813,192,17.3763
93820,194,274,542.3235793044953,781.371925360475,2357.9999999999977,0.5905512976056062,1.0,1.2913520016596747,31.067962213773296,24.05847683191264,0.08271558208987173,-0.019786913764421266,0.17080251861431459,7.0,7.0,7.0,7.0,224.0,194.0,0.0,2358.0,27.396618616562478,136,4.612922072006945,Infinity,0.9715698393077865,0.0,16506.0,1,ID93820,93814,192,15.0901
93827,194,271,620.3781312127237,856.420675944334,2515.0000000000014,0.6079644139564738,1.0,1.1735629805682797,30.66161896065807,26.126947993716247,0.3222371223385507,0.05158554997266984,-0.1342637928987728,8.0,8.0,8.0,8.0,228.0,194.0,0.0,2515.0,28.293981051669522,132,4.54638125380727,Infinity,0.9729206963249522,0.0,20120.0,1,ID93827,93821,192,10.9266
93836,196,127,958.8509865005192,97.21703011422638,1926.0000000000005,0.6050707450813944,1.0,1.210336213310807,27.525880634878096,22.742342443495588,0.40476313334115155,-0.6415284789313779,0.041031434084647246,1.0,1.0,1.0,1.0,200.0,196.0,0.0,1926.0,24.76014621907514,108,4.557239513497754,Infinity,0.9656555527701184,0.0,1926.0,1,ID93836,93804,194,38.3677
93842,196,100,48.332101047443004,226.6894639556377,1622.9999999999986,0.4213888327914239,1.0,2.5881838815133946,36.56304228883712,14.126910591629807,-0.6694328347384102,-0.22016279788243726,0.11957907120491905,2.0,2.0,2.0,2.0,220.0,196.0,0.0,1623.0,22.72920907722686,160,5.460889904209997,Infinity,0.9549867608120027,0.0,3246.0,1,ID93842,93806,194,23.7813
93847,196,105,1007.4665565648224,538.2683732452518,1210.9999999999995,0.5522526786902654,1.0,1.5425178873753633,24.258643865791523,15.726653197564064,1.0247162710448143,-0.02914964686854273,0.12194895336562465,3.0,3.0,3.0,3.0,166.0,196.0,0.0,1211.0,19.63347325789735,106,4.770193721646049,Infinity,0.9603489294210936,0.0,3633.0,1,ID93847,93807,194,22.2247
93854,196,266,724.6023166023166,708.6036036036036,776.9999999999998,0.45806295587150847,0.6141727739627215,1.039409455339473,16.686862177367423,16.054175851149502,-0.35963091356360327,0.4216101578791995,0.25505586311165673,6.0,6.0,6.0,6.0,146.0,196.0,0.0,777.0,15.726626515715482,98,5.23772082433948,Infinity,0.8799546998867493,0.0,4662.0,1,ID93854,93808,194,5.7164
93855,196,274,538.5478700970054,776.7157317587515,2370.9999999999977,0.6045545151904385,1.0,1.2849616126219279,31.162132167382353,24.25141098479736,0.10709627565278297,0.013841721623748832,0.261098379688019,7.0,7.0,7.0,7.0,222.0,196.0,0.0,2371.0,27.472035602440656,126,4.559184814702064,Infinity,0.9729175215428798,0.0,16597.0,1,ID93855,93820,194,5.9947
93856,196,271,609.0837894736842,858.6867368421052,2375.0,0.6280012248359362,1.0,1.0432691986499436,28.17657285824566,27.007960068894903,2.669981788608688,0.045508634018788095,0.07724006516543504,8.0,8.0,8.0,8.0,218.0,196.0,0.0,2375.0,27.495199211616978,122,4.473265615091272,Infinity,0.975359342915811,0.0,19000.0,1,ID93856,93827,194,11.5194
93859,198,127,955.4347826086956,83.04106280193237,1242.0000000000005,0.47118199200078786,1.0,1.6323892454537887,26.1333116321373,16.00924026234471,1.0305600342491865,1.2890646184030912,-0.016257449658569133,1.0,1.0,1.0,1.0,182.0,198.0,0.0,1242.0,19.88318079785697,116,5.164289619936407,Infinity,0.9159292035398235,0.0,1242.0,1,ID93859,93836,196,14.5818
93860,198,100,36.62450592885376,236.16826651609261,1770.9999999999995,0.40644025053017185,0.8978388998035365,2.5259875159901637,37.666838956871715,14.911728074042623,2.476408778884899,-0.3058362322942877,0.21762103236464686,2.0,2.0,2.0,2.0,234.0,198.0,0.0,1771.0,23.742931757293437,182,5.560406941304564,Infinity,0.951638903815153,0.0,3542.0,1,ID93860,93842,196,15.0637
93861,198,105,1035.3233695652175,552.7853260869565,736.0,0.5825679498720302,1.0,1.3225869385644353,18.560922771033233,14.033801657817417,0.7161679481998443,-1.5100852036520096,-0.2009530576463772,3.0,3.0,3.0,3.0,126.0,198.0,0.0,736.0,15.306079714651624,62,4.644421618879259,Infinity,0.9435897435897436,0.0,2208.0,1,ID93861,93847,196,31.4125
93862,198,266,704.4004237288135,698.4223163841808,1416.0000000000011,0.5616077764781152,0.7475188975163265,1.3282496419308294,25.32259289998341,19.06463371085337,1.3159182431019665,0.6232688929547264,0.8878993506792768,4.0,4.0,4.0,4.0,178.0,198.0,0.0,1416.0,21.230327337001846,92,4.73029663072933,Infinity,0.9361983471074388,0.0,5664.0,1,ID93862,93854,196,22.6224
93876,198,274,531.0274145929988,763.8709405314213,2371.0000000000005,0.6045545151904392,1.0,1.3725988296507037,32.4872502587054,23.66842340013702,0.10787293804518694,0.017535706456301717,0.742484525654054,6.0,6.0,6.0,6.0,222.0,198.0,0.0,2371.0,27.472035602440673,122,4.5591848147020615,Infinity,0.9755194404443533,0.0,14226.0,1,ID93876,93855,196,14.8844
93877,198,271,592.976869062371,851.0718711276332,2421.0000000000023,0.6063293857095741,1.0,1.0934407299699878,29.034070812303572,26.55294431285771,-0.8918808096325336,0.102128337006806,-0.08932925998906818,7.0,7.0,7.0,7.0,224.0,198.0,0.0,2421.0,27.76019154204376,134,4.552507014344368,Infinity,0.9726797910807562,0.0,16947.0,1,ID93877,93856,196,17.8163
93870,200,127,1000.3183486238532,97.68990825688073,1090.0,0.44219214778058813,1.0,2.341820887500869,29.04738841639246,12.403761778464231,1.7563359881819212,0.5267513840750533,-0.23221453286034568,1.0,1.0,1.0,1.0,176.0,200.0,0.0,1090.0,18.626802622574058,92,5.330886288775368,Infinity,0.8647362157873858,0.0,1090.0,1,ID93870,93859,198,47.2136
93871,200,100,34.35626822157435,231.065306122449,1714.9999999999977,0.4372884831512449,0.8828911253430923,2.348751697646534,35.75847004505701,15.224457349360197,2.4646012755653905,-0.21705208523269326,0.11315724242808692,2.0,2.0,2.0,2.0,222.0,200.0,0.0,1715.0,23.364534123435895,164,5.360692701420881,Infinity,0.957031249999999,0.0,3430.0,1,ID93871,93860,198,5.5844
93872,200,105,1032.8733153638814,563.8369272237197,742.0000000000001,0.5192830806334655,0.6339613408367998,1.0768754881963043,16.022052494999247,14.87827763805371,0.5397259543570341,0.12274953600634562,0.02946624236639261,3.0,3.0,3.0,3.0,134.0,200.0,0.0,742.0,15.368341990871127,94,4.91929475803616,Infinity,0.9446212603437304,0.0,2226.0,1,ID93872,93861,198,11.3199
93874,200,266,714.9985517740768,690.685734974656,1381.000000000001,0.6004898899110737,0.6909513897391945,1.176775975612724,22.630848352663367,19.231229071344636,2.00321317201284,0.2194362075140352,-0.23529058420777807,5.0,5.0,5.0,5.0,170.0,200.0,0.0,1381.0,20.96630517806643,86,4.574589007864659,Infinity,0.9576976421636624,0.0,6905.0,1,ID93874,93862,198,13.1215
93879,200,274,524.9358310083699,756.1020326823435,2508.9999999999995,0.6065140018357025,1.0,1.4157678899654675,33.92246540250766,23.960470952152388,0.16687669482143488,0.07025067409565339,0.5921940622450058,7.0,7.0,7.0,7.0,228.0,200.0,0.0,2509.0,28.260210622625067,122,4.551814095323952,Infinity,0.9753158406219627,0.0,17563.0,1,ID93879,93876,198,9.8724
93881,200,271,584.6329913180742,840.6400947119179,2533.9999999999995,0.6125573856722479,1.0,1.1524702383538041,30.601354121471495,26.552836770156134,1.7209609717617165,0.3163220582381966,-0.009622467932031085,8.0,8.0,8.0,8.0,228.0,200.0,0.0,2534.0,28.40065583027486,132,4.529304739215366,Infinity,0.9729314647725089,0.0,20272.0,1,ID93881,93877,198,13.3582
93882,202,127,1008.141604010025,77.37844611528823,798.0000000000002,0.42283537486332534,1.0,1.7826098568411353,21.395915025871425,12.002578659463909,1.0967707602094254,0.5248903002614137,0.006047713388460858,1.0,1.0,1.0,1.0,154.0,202.0,0.0,798.0,15.937731619482902,98,5.451540905616872,Infinity,0.8566827697262482,0.0,798.0,1,ID93882,93870,200,21.766
93883,202,100,43.54377637130802,217.59862869198312,1896.0000000000014,0.4748453181765188,1.0,2.0415056971481205,34.94861801648316,17.119040160066465,-0.6453660643178056,-0.3160912624745426,0.1187961944716873,2.0,2.0,2.0,2.0,224.0,202.0,0.0,1896.0,24.56655336437058,158,5.144330376355802,Infinity,0.9617042860765921,0.0,3792.0,1,ID93883,93871,200,16.3022
93884,202,105,1034.722699386503,597.7840490797546,815.0,0.5537192933987201,0.6910662824207494,1.0265699583682353,16.467044755182577,16.0408402963179,0.32782168587547167,0.15379185545262505,-0.1335343404501483,3.0,3.0,3.0,3.0,136.0,202.0,0.0,815.0,16.106599803800595,84,4.7638722199076,Infinity,0.9432870370370371,0.0,2445.0,1,ID93884,93872,200,33.9975
93886,202,266,707.9109792284867,685.0749258160238,1347.9999999999995,0.5346379115060017,0.7330933401902803,1.4438452868217708,25.668856463162133,17.778121172293382,1.0952707976828953,0.7084589684171374,0.3452139724137885,5.0,5.0,5.0,5.0,178.0,202.0,0.0,1348.0,20.714287981384967,94,4.848138925255307,Infinity,0.9213943950786051,0.0,6740.0,1,ID93886,93874,200,9.0396
93888,202,274,513.3068783068783,747.8356009070295,2646.0000000000023,0.5970018788709135,1.0,1.44329406676202,35.237183905336494,24.414417489008244,0.12573550669723937,0.09747386634728156,0.6921578014267273,7.0,7.0,7.0,7.0,236.0,202.0,0.0,2646.0,29.02150855559219,126,4.587933169022459,Infinity,0.9727941176470597,0.0,18522.0,1,ID93888,93879,200,14.2677
93889,202,271,572.6362912853164,841.6422602467171,2513.0000000000023,0.6182803930199042,1.0,1.130161675888765,30.121853888144535,26.652694504488974,-1.137815847388351,0.09741682077625259,-0.028832097930212693,8.0,8.0,8.0,8.0,226.0,202.0,0.0,2513.0,28.28272872231155,128,4.508293635090658,Infinity,0.9738422786281735,0.0,20104.0,1,ID93889,93881,200,12.0385
93926,204,127,1010.6872727272727,56.03151515151515,825.0000000000003,0.40497092800180945,1.0,2.217501348217657,23.91108509056205,10.782895401520666,0.05405778308565776,-0.3540503396049182,-0.396615761610452,1.0,1.0,1.0,1.0,160.0,204.0,0.0,825.0,16.205112036071437,94,5.5704849905823295,Infinity,0.845720143516146,0.0,825.0,1,ID93926,93882,202,21.4982
93927,204,100,42.62931492299522,221.7546468401487,1882.9999999999984,0.4632797373881726,0.9824530619406914,2.0325975519467128,34.72480597339219,17.08395542449347,-0.5910123482214467,-0.06200305391653032,-0.04898111456230601,2.0,2.0,2.0,2.0,226.0,204.0,0.0,1883.0,24.48218772258879,162,5.208147544924965,Infinity,0.9580259475960308,0.0,3766.0,1,ID93927,93883,202,4.2554
93928,204,105,1092.0807754442649,636.5936995153473,1238.0,0.5927894688529437,1.0,1.254311187173283,22.345736769183052,17.815145872645388,-0.19991641197831267,-0.22004722357560588,0.24094072755060936,3.0,3.0,3.0,3.0,162.0,204.0,0.0,1238.0,19.851136972363392,96,4.604205424705957,Infinity,0.964925954793453,0.0,3714.0,1,ID93928,93884,202,69.2542
93929,204,266,735.4126297577855,679.8079584775087,1156.0,0.6125284377719347,0.6915010364589684,1.2898111119225752,22.037079925286584,17.0855094374543,-1.4322067045008282,0.039068599877157176,-0.4906087217346543,4.0,4.0,4.0,4.0,154.0,204.0,0.0,1156.0,19.182445840623714,70,4.529411764705882,Infinity,0.9522240527182867,0.0,4624.0,1,ID93929,93886,202,28.0015
93931,204,274,498.4023545706371,746.5799861495844,2887.9999999999995,0.5997038524401693,1.0,1.5163709264143401,37.99991726138472,25.059776997466283,0.106963521370388,0.019055956891066397,0.9743978114492768,6.0,6.0,6.0,6.0,246.0,204.0,0.0,2888.0,30.31961331050888,124,4.5775860045234396,Infinity,0.972881926899107,0.0,17328.0,1,ID93931,93888,202,14.9573
93932,204,271,562.5780184516647,846.1668672282391,2492.9999999999977,0.6133597372855625,1.0,1.069313389621119,29.139378815060045,27.250550772009653,-0.3672300882929405,-0.13276571012557584,0.012254712173711152,7.0,7.0,7.0,7.0,226.0,204.0,0.0,2493.0,28.169958222478595,132,4.526341319883362,Infinity,0.9726882559500576,0.0,17451.0,1,ID93932,93889,202,11.0291
93948,206,127,1001.1810193321617,38.8207381370826,569.0,0.5135208905178376,1.0,1.5686089459235242,16.785491705023325,10.700877199919836,1.9696520348476405,-0.09516326326384059,-0.24829230108038003,1.0,1.0,1.0,1.0,118.0,206.0,0.0,569.0,13.458020851469092,74,4.946817336173758,Infinity,0.9289795918367347,0.0,569.0,1,ID93948,93926,204,19.6616
93949,206,100,36.47255921432698,215.14384748700172,1730.9999999999968,0.4577137348172647,0.8740526885600867,2.269644485243279,35.16624605484333,15.494164959969018,-0.5395632674154658,0.09633773692872159,-0.026766039408613298,2.0,2.0,2.0,2.0,218.0,206.0,0.0,1731.0,23.473270180870426,150,5.2397185507473285,Infinity,0.9579413392363018,0.0,3462.0,1,ID93949,93927,204,9.0337
93950,206,105,1126.33984375,646.7890625,1280.0,0.5837187685578364,1.0,1.208380279248329,22.267398953727756,18.42747629709677,0.2150203667139272,-0.14883023328090697,0.2884259593082904,3.0,3.0,3.0,3.0,166.0,206.0,0.0,1280.0,20.185060176161283,100,4.639841053312064,Infinity,0.9573672400897532,0.0,3840.0,1,ID93950,93928,204,35.7439
93951,206,266,771.524838012959,671.8110151187905,1851.9999999999998,0.6058131606047789,1.0,1.088392952413818,25.941847554783017,23.83500140941712,1.2684149609285331,-0.34345239962708857,-0.05830661550824451,4.0,4.0,4.0,4.0,196.0,206.0,0.0,1852.0,24.279825147895533,94,4.5544462409336965,Infinity,0.9439347604485216,0.0,7408.0,1,ID93951,93929,204,36.9871
93952,206,274,487.55162431650047,741.0514634930846,3108.9999999999995,0.5961432836920572,1.0,1.5575190942504036,39.554302450105624,25.395709494747578,0.06014735554320571,-0.12606467859786016,0.37605605405292974,5.0,5.0,5.0,5.0,256.0,206.0,0.0,3109.0,31.45831267161996,134,4.591235864933247,Infinity,0.9752195734002506,0.0,15545.0,1,ID93952,93931,204,12.178
93953,206,271,553.965102753005,846.7173322993408,2579.000000000002,0.6234354765780303,1.0,1.1521618831815201,30.816191715663095,26.746407918450537,2.1586535200241164,0.015230381455796867,-0.11868131824964491,6.0,6.0,6.0,6.0,228.0,206.0,0.0,2579.0,28.651722399674277,130,4.4896157813657585,Infinity,0.9770789922333784,0.0,15474.0,1,ID93953,93932,204,8.6305
94009,208,100,37.74891774891775,212.45238095238096,1848.0000000000016,0.4712006512323628,0.8950606733891643,2.224380893388511,36.08868859732683,16.22414969693033,-0.5419132415700669,0.1109111079565941,-0.07072110424166395,1.0,1.0,1.0,1.0,222.0,208.0,0.0,1848.0,24.25359086130641,146,5.164187367711511,Infinity,0.9637548891786187,0.0,1848.0,1,ID94009,93949,206,2.9788
94010,208,105,1168.2602427921092,630.6684370257966,1317.9999999999998,0.5227394416653638,1.0,1.6840997524035108,26.450964018175682,15.70629292025335,-0.9643723525591096,-0.1661786691200335,-0.1154057191115204,2.0,2.0,2.0,2.0,178.0,208.0,0.0,1318.0,20.48249081508975,120,4.903004560242033,Infinity,0.9578488372093024,0.0,2636.0,1,ID94010,93950,206,44.9132
94011,208,266,782.1419525065963,653.2569920844327,1894.9999999999984,0.5953318078552653,1.0,1.2124210692218316,27.329431908144677,22.541205033401088,-1.3471661371854415,0.3505518150787243,0.34793249617413863,3.0,3.0,3.0,3.0,200.0,208.0,0.0,1895.0,24.560073988452945,110,4.594363875393968,Infinity,0.9585230146686894,0.0,5685.0,1,ID94011,93951,206,21.377
94012,208,274,483.62959349593496,740.0803252032521,3075.000000000001,0.5989458372985688,1.0,1.5310932347009856,39.06250828775743,25.51282142879178,3.116487885128849,-0.021456880200459955,0.19679810586171115,4.0,4.0,4.0,4.0,254.0,208.0,0.0,3075.0,31.28582586436159,132,4.580481744110555,Infinity,0.9751070239416523,0.0,12300.0,1,ID94012,93952,206,4.0405
94013,208,271,548.9464170432537,858.3266623628148,1549.0000000000005,0.6143576594382769,0.6310413814888912,1.0496470839874503,22.826590678881335,21.746919538104727,0.5695276366238526,0.2461440010490708,-0.012830500899819552,5.0,5.0,5.0,5.0,178.0,208.0,0.0,1549.0,22.20499974552335,102,4.522663680360862,Infinity,0.968730456535335,0.0,7745.0,1,ID94013,93953,206,12.6477
94015,208,136,1187.1703832752614,20.670383275261322,2870.000000000001,0.525398922895094,0.4613034623217923,1.7449237790170653,42.12053893484344,24.138899040375506,0.2716384425710432,0.361420888923204,-1.6313408627500423,7.0,7.0,7.0,7.0,262.0,208.0,0.0,2870.0,30.224979294409444,100,4.89057972379995,Infinity,0.9531717037529062,0.0,20090.0,1,ID94015,,,
94016,208,127,970.9475186947654,70.74493541808293,7355.000000000006,0.5045509207606111,1.0,1.1965345479958407,54.38183004439929,45.44944409293255,0.17336801481427402,0.48074498773329916,-2.506339992417626,8.0,8.0,8.0,8.0,428.0,208.0,0.0,7355.0,48.385630231317464,234,4.990596187422332,Infinity,0.9332572008628356,0.0,58840.0,1,ID94016,93948,206,43.9684
94017,208,134,23.828832487309644,96.13116751269035,4925.000000000003,0.5752656089727,0.7067113318701628,1.3054576149469557,53.88749898935448,41.27862779485497,1.3326710005227287,-10.962615232325756,-1.7611240293418167,9.0,9.0,9.0,9.0,328.0,208.0,0.0,4925.0,39.59389080975966,132,4.673806479206871,Infinity,0.9826416600159622,0.0,44325.0,1,ID94017,,,
106182,208,271,594.1666666666666,859.5,232.3521955581855,0.9999999999999999,-0.11550475753970751,1.0,8.60000005364418,8.60000005364418,0.0,0.0,0.0,65504.0,38521.70397111913,36032.0,24720.0,54.03539397880077,208.0,0.0,-1.0,8.60000005364418,,3.544907701811032,-1.0252251356147868,1.0,9813.425083454356,1.0670512E7,1,ID106182,93953,206,42.1849
93938,210,127,968.203656998739,78.11160151324086,1585.9999999999995,0.5638938375501823,-0.08745684695051786,1.4316208337770457,27.008974710436235,18.866011218332474,2.2913299673309844,0.282702999087879,-0.10153770517354839,1.0,1.0,1.0,1.0,188.0,210.0,0.0,1586.0,22.46863323585776,114,4.7206984329471595,-Infinity,0.9635479951397325,0.0,1586.0,1,ID93938,94016,208,7.8611
93939,210,134,9.476888387824125,84.15896279594138,887.0,0.5527856940555735,0.7019507515190279,1.8064773232075257,24.67766555996689,13.660656152688363,1.718287609271299,-1.8221129319991722,0.3459300556243549,2.0,2.0,2.0,2.0,142.0,210.0,0.0,887.0,16.80300178673508,60,4.76789337289883,Infinity,0.9646547036432843,0.0,1774.0,1,ID93939,94017,208,18.6899
93940,210,100,37.680888369374635,215.75160724722386,1711.0000000000005,0.44423677936298656,0.9428463285389858,2.3526712901553615,35.76933003558607,15.203709156166903,2.5283100460614767,-0.3653016052947723,0.08219622671781424,3.0,3.0,3.0,3.0,220.0,210.0,0.0,1711.0,23.33727094714517,154,5.318604247326961,Infinity,0.9580067189249722,0.0,5133.0,1,ID93940,94009,208,3.2999
93941,210,105,1171.3654237288135,623.0013559322034,1475.0000000000011,0.5850081004980366,1.0,1.6556503740968347,28.015048637783536,16.920872350882583,1.7059086827820313,-0.0912516264912754,0.022080649180921456,4.0,4.0,4.0,4.0,178.0,210.0,0.0,1475.0,21.668112103298053,94,4.634725230917328,Infinity,0.9672131147540991,0.0,5900.0,1,ID93941,94010,208,8.272
93942,210,266,784.2478176527643,636.3001939864209,2062.0,0.6226416812478041,1.0,1.1479473184005424,27.910717928421036,24.3135878110762,-1.2079351912258864,0.2480648068249768,0.1759260604371583,5.0,5.0,5.0,5.0,204.0,210.0,0.0,2062.0,25.619425936405687,106,4.492476737356967,Infinity,0.9687573408503644,0.0,10310.0,1,ID93942,94011,208,17.0871
93943,210,274,473.35627788400257,734.0959209687699,3137.999999999999,0.6017039640481425,0.9756558237145855,1.5348882154625396,39.49434275761021,25.73108735850745,0.08623098468637479,0.014551940226770952,0.3209379242167121,6.0,6.0,6.0,6.0,256.0,210.0,0.0,3138.0,31.60468988686228,134,4.569971542364813,Infinity,0.9762015865608955,0.0,18828.0,1,ID93943,94012,208,11.8892
93944,210,271,572.8305978898007,733.6277842907385,1705.999999999999,0.6065591972639411,0.686326194398682,1.1012511362435378,24.647516543314627,22.38137671974571,0.1307287274202989,0.19346682267799195,0.17223529758961165,7.0,7.0,7.0,7.0,188.0,210.0,0.0,1706.0,23.303147122857602,104,4.551644511695096,Infinity,0.9673943861638783,0.0,11942.0,1,ID93944,94013,208,126.9656
93945,210,271,562.5247581104155,774.0996015936255,1756.9999999999998,0.5747374315240802,0.7295434969853575,1.184658961543572,25.866287991596693,21.834374981550607,1.0992299272326307,0.08282889924190481,-0.4475985777583224,8.0,8.0,8.0,8.0,196.0,210.0,0.0,1757.0,23.648899974944293,112,4.6759535746914045,Infinity,0.9643249176728869,0.0,14056.0,1,ID93945,106182,208,91.0738
93946,210,136,1176.5608991113434,21.390747516989023,3826.000000000001,0.3970053340148815,0.43807554970870133,1.5882338046629283,50.45922342354211,31.77065195023418,0.27893848122693754,-2.57591056826402,-6.314133816012398,9.0,9.0,9.0,9.0,348.0,210.0,0.0,3826.0,34.897759591973575,138,5.626091112157716,Infinity,0.8830929024812466,0.0,34434.0,1,ID93946,94015,208,10.6339
93992,212,127,983.9683885890516,77.25905936777178,1296.9999999999998,0.5639647988520361,1.0,1.6860070210386875,26.491364436994985,15.712487615072101,-1.379093043299808,-0.06539030421509288,0.01712812002126502,1.0,1.0,1.0,1.0,170.0,212.0,0.0,1297.0,20.318659463172672,94,4.7204014308600595,Infinity,0.9533259830944506,0.0,1297.0,1,ID93992,93938,210,15.7878
93993,212,134,23.644894204231832,99.31922723091077,1087.0,0.5471737244755817,0.9474469991042102,1.3120989860648564,21.350221724877784,16.27180719719149,-0.9724137349241395,-0.2912991555438746,-0.20436523339413706,2.0,2.0,2.0,2.0,158.0,212.0,0.0,1087.0,18.601151746109178,104,4.792281435970298,Infinity,0.9501748251748252,0.0,2174.0,1,ID93993,93939,210,20.7501
93994,212,100,35.557993730407524,214.31347962382446,1595.0000000000005,0.41411903160956376,0.9174514125425766,2.5935648927058192,36.41385362520323,14.040078090050532,-0.5956878677201196,-0.07893622651731635,-0.13118121271691793,3.0,3.0,3.0,3.0,220.0,212.0,0.0,1595.0,22.532293901490505,154,5.508613944197478,Infinity,0.9548039509129007,0.0,4785.0,1,ID93994,93940,210,2.5642
93995,212,266,790.1006423982869,608.2639186295503,1867.9999999999995,0.6237108169737201,1.0,1.1088831809786839,26.08802517431604,23.52639630740105,-1.0815014145145254,0.49350474260287813,0.17197759913930097,4.0,4.0,4.0,4.0,194.0,212.0,0.0,1868.0,24.384480051691092,104,4.488624689812652,Infinity,0.9686284677210265,0.0,7472.0,1,ID93995,93942,210,28.6407
93996,212,105,1165.527512839325,695.101247248716,1363.0000000000005,0.5789603551707531,1.0,1.435800609365689,25.131554844207603,17.50351314818725,2.0418908311850985,-0.0764594243743337,-0.5245083518262903,5.0,5.0,5.0,5.0,172.0,212.0,0.0,1363.0,20.82921925729591,96,4.658869214995823,Infinity,0.9632508833922264,0.0,6815.0,1,ID93996,93941,210,72.3359
93997,212,271,561.1356736242884,721.095825426945,2107.9999999999986,0.5893981233327946,0.6363636363636365,1.0406137838966172,26.470643098984425,25.437528801381156,1.425002926798395,0.1371238088086133,0.03288045827638943,6.0,6.0,6.0,6.0,212.0,212.0,0.0,2108.0,25.903614421069317,130,4.617432523811742,Infinity,0.9689726499655248,0.0,12648.0,1,ID93997,93944,210,17.1412
93998,212,274,467.00626442466205,732.8305308275635,3032.9999999999964,0.5907651136671729,0.8171262285494202,1.5536631331158255,38.98596590794609,25.092933646279477,0.055436599865747005,-0.09758782162627537,0.3010993280554926,7.0,7.0,7.0,7.0,254.0,212.0,0.0,3033.0,31.071431972077438,136,4.612087217284076,Infinity,0.9738320757746016,0.0,21231.0,1,ID93998,93943,210,6.4749
93999,212,271,538.8271366489619,763.7160791887977,2071.000000000001,0.5682800581347248,0.7493400908035055,1.2331871597510344,28.921964586872107,23.45302118837428,1.4590090102600932,-0.4089705155329913,0.1690513652110043,8.0,8.0,8.0,8.0,214.0,212.0,0.0,2071.0,25.67527554451229,130,4.702444991092822,Infinity,0.9666277712952165,0.0,16568.0,1,ID93999,93945,210,25.8727
106596,212,136,1187.5,14.166666666666666,232.3521955581855,0.9999999999999999,-0.019597427096668032,1.0,8.60000005364418,8.60000005364418,0.0,0.0,0.0,19392.0,15005.862815884477,14992.0,10736.0,54.03539397880077,212.0,0.0,-1.0,8.60000005364418,,3.544907701811032,-0.3467191759314689,1.0,1730.2454701311701,4156624.0,1,ID106596,93946,210,13.1092
93972,214,127,1010.925178919974,75.11841249186728,1536.9999999999998,0.6095982715020214,1.0,1.3924846114751166,26.604360911380706,19.105676782451194,1.3332349666625811,-0.5066082558966712,0.15643429735464467,1.0,1.0,1.0,1.0,178.0,214.0,0.0,1537.0,22.118822189811244,92,4.540284514686341,Infinity,0.9624295554164056,0.0,1537.0,1,ID93972,93992,212,27.0417
93973,214,134,55.2,132.04110671936758,1264.9999999999989,0.5768783142387988,1.0,1.1910883902679694,21.790277733073808,18.294425427294662,2.619877957938156,-0.2545667355171143,-0.1079387961248469,2.0,2.0,2.0,2.0,166.0,214.0,0.0,1265.0,20.066439794405355,106,4.667268924058928,Infinity,0.9619771863117862,0.0,2530.0,1,ID93973,93993,212,45.4582
93974,214,100,30.145818935729096,216.62059433310299,1446.9999999999984,0.4284932198835353,0.8355179704016914,2.6765608195098674,35.31837528348582,13.195431624809233,2.587048013462565,-0.013714351385631762,-0.11181549577259724,3.0,3.0,3.0,3.0,206.0,214.0,0.0,1447.0,21.46146326110931,136,5.415430103568363,Infinity,0.9601857996018568,0.0,4341.0,1,ID93974,93994,212,5.8834
93975,214,266,803.196106362773,595.803893637227,2106.0,0.600108310971438,1.0,1.2958946010357475,29.896781526796932,23.070380494603373,-1.3199292950085726,0.3527304232061945,0.3774466513327907,4.0,4.0,4.0,4.0,210.0,214.0,0.0,2106.0,25.891323262882167,110,4.576043153224294,Infinity,0.9625228519195614,0.0,8424.0,1,ID93975,93995,212,18.076
93976,214,105,1174.8189209164818,686.6917960088692,1352.9999999999993,0.5488862164652619,1.0,1.492032860543712,25.513171102294663,17.099604021453924,1.9638719909519458,-0.30149412636978484,-0.09942959044419813,5.0,5.0,5.0,5.0,176.0,214.0,0.0,1353.0,20.752669129696752,108,4.7847997808779255,Infinity,0.9558459908159654,0.0,6765.0,1,ID93976,93996,212,12.5319
93978,214,274,459.8564493758669,731.3238557558946,2883.999999999998,0.5798626056289893,0.6731773351382713,1.5704601559657563,38.2431216332635,24.351538934616173,3.1194661808436743,-0.20127064740327208,0.10579043102931743,7.0,7.0,7.0,7.0,250.0,214.0,0.0,2884.0,30.298609072926958,132,4.655243267024118,Infinity,0.9712072739518431,0.0,20188.0,1,ID93978,93998,212,7.3068
106192,214,271,531.5,736.8333333333334,232.3521955581855,0.9999999999999999,-0.04839194432982567,1.0,8.60000005364418,8.60000005364418,0.0,0.0,0.0,65504.0,40564.50541516246,36080.0,25664.0,54.03539397880077,214.0,0.0,-1.0,8.60000005364418,,3.544907701811032,-0.36904773018854015,1.0,11179.145388968156,1.1236368E7,1,ID106192,93999,212,27.8634
106194,214,271,576.8333333333334,742.1666666666666,232.3521955581855,0.9999999999999999,0.06405799033734436,1.0,8.60000005364418,8.60000005364418,0.0,0.0,0.0,65504.0,54058.570397111915,54480.0,37456.0,54.03539397880077,214.0,0.0,-1.0,8.60000005364418,,3.544907701811032,0.9615346424570378,1.0,6769.204408617179,1.4974224E7,1,ID106194,93997,212,26.2754
106602,214,136,1187.5,14.166666666666666,232.3521955581855,0.9999999999999999,8.663024819513222E-4,1.0,8.60000005364418,8.60000005364418,0.0,0.0,0.0,17328.0,12814.960288808665,12880.0,8720.0,54.03539397880077,214.0,0.0,-1.0,8.60000005364418,,3.544907701811032,0.015402484415074861,1.0,1440.2900932677185,3549744.0,1,ID106602,106596,212,0.0
94019,216,127,1019.1563636363636,69.19878787878788,824.9999999999998,0.5141467842117792,1.0,1.63152246488877,21.012077661156283,12.878816022057528,1.1401845624447136,-0.4303037492993846,0.12329658968893785,1.0,1.0,1.0,1.0,142.0,216.0,0.0,825.0,16.205112036071434,82,4.943805429141819,Infinity,0.9151414309484192,0.0,825.0,1,ID94019,93972,214,10.1388
94022,216,134,39.27993254637437,130.74367622259697,1185.9999999999993,0.5821763886183582,1.0,1.2649031433744722,21.75059879207238,17.195465839421317,2.0789052801432693,-0.028284599726010707,0.05394503867379057,2.0,2.0,2.0,2.0,160.0,216.0,0.0,1186.0,19.429758748218557,100,4.645983233112329,Infinity,0.9642276422764222,0.0,2372.0,1,ID94022,93973,214,15.9728
94025,216,100,35.75611681136543,222.17127071823205,1267.0000000000005,0.3825834190790339,0.9279736241440527,3.0448069022976787,35.02391670925613,11.502836742397786,2.5959874720644898,0.46225707768038315,-0.26838443175969307,3.0,3.0,3.0,3.0,204.0,216.0,0.0,1267.0,20.082296327732617,138,5.731151117653934,Infinity,0.9462285287528007,0.0,3801.0,1,ID94025,93974,214,7.8921
94029,216,266,798.3970777825526,598.1882251826386,2327.0,0.5827874764750837,1.0,1.3493552123733787,32.03336787169117,23.739759240524762,1.8924776489634063,0.17546084836080486,0.16849649169771033,4.0,4.0,4.0,4.0,224.0,216.0,0.0,2327.0,27.215934765311314,124,4.643546797289357,Infinity,0.9611730689797604,0.0,9308.0,1,ID94029,93975,214,5.3587
94035,216,271,559.8181268882175,734.5776435045317,1655.0000000000005,0.6278632824165088,0.5862619808306709,1.108925884566674,24.337715114099847,21.9471070635258,1.5389024219611527,-0.34641789193835326,0.0832020162838836,5.0,5.0,5.0,5.0,182.0,216.0,0.0,1655.0,22.952186423828422,94,4.473756979382543,Infinity,0.9686859818554291,0.0,8275.0,1,ID94035,106194,214,18.6309
94037,216,105,1200.3683753258038,729.7393570807993,1151.0000000000002,0.5943414109601993,0.7581466395112016,1.343239194163107,22.444968355262052,16.709584155073873,-0.09643182122444381,0.14183037699850537,0.2163944692972864,6.0,6.0,6.0,6.0,156.0,216.0,0.0,1151.0,19.140916357310147,86,4.598190253301877,Infinity,0.9555832295558326,0.0,6906.0,1,ID94037,93976,214,50.0586
94040,216,271,517.5747581354442,741.4925241864556,2274.000000000001,0.6012946464323873,0.6067427071767437,1.12649298299566,29.015568978653693,25.757434282007846,1.3095529924777012,0.037606011273912984,-0.30064114080471893,7.0,7.0,7.0,7.0,218.0,216.0,0.0,2274.0,26.90421307494312,114,4.571526729691235,Infinity,0.9570707070707076,0.0,15918.0,1,ID94040,106192,214,14.684
94042,216,274,456.5205668855859,738.5589353612168,2893.000000000002,0.6007421208827601,0.6933808106921614,1.708757843863249,40.13082802266433,23.485380428121086,-0.12794229354911343,0.16349622939857533,-0.17329526241107493,8.0,8.0,8.0,8.0,246.0,216.0,0.0,2893.0,30.345848162964682,106,4.5736285506804135,Infinity,0.9722735674676529,0.0,23144.0,1,ID94042,93978,214,7.9671
106606,216,136,1187.5,14.166666666666666,232.3521955581855,0.9999999999999999,-0.029452691664037522,1.0,8.60000005364418,8.60000005364418,0.0,0.0,0.0,17824.0,13002.570397111913,12720.0,9392.0,54.03539397880077,216.0,0.0,-1.0,8.60000005364418,,3.544907701811032,-0.4194778312252953,1.0,1881.3018252067611,3601712.0,1,ID106606,106602,214,0.0
94028,218,134,11.585635359116022,96.45580110497238,1085.9999999999995,0.5906803361839532,0.7062058130400629,1.3625472309466706,24.5404280123013,18.010698972432024,1.8458099771451804,-3.5090863125739546,0.6818290788377338,1.0,1.0,1.0,1.0,152.0,218.0,0.0,1086.0,18.592593589803347,66,4.612418180661475,Infinity,0.9726824899238689,0.0,1086.0,1,ID94028,94022,216,44.0753
94030,218,127,1003.5189058728881,101.73612228479485,1243.0000000000005,0.45149724458458945,1.0,1.9259482871000473,27.843767723878297,14.4571730769591,0.1900319325513823,-0.5832193668093315,0.5558403188586628,2.0,2.0,2.0,2.0,186.0,218.0,0.0,1243.0,19.89118368841965,112,5.275667058515816,Infinity,0.8900823487289656,0.0,2486.0,1,ID94030,94019,216,36.1
94032,218,100,12.432956381260096,222.36510500807753,618.9999999999999,0.5401794034922448,0.7170596393897365,1.548030789379933,17.71047022549867,11.44064468678471,-0.8177073255499229,-0.6036253135133264,0.061660580266030975,3.0,3.0,3.0,3.0,120.0,218.0,0.0,619.0,14.036873567421145,74,4.8232072263488455,Infinity,0.9501151189562547,0.0,1857.0,1,ID94032,94025,216,23.324
94034,218,266,800.6747930082797,580.9517019319227,2174.0000000000005,0.5855471904067396,1.0,1.2744032338257654,29.75523303514246,23.34836592168484,-1.284193983004859,0.28483465601345576,-0.20841295584851077,4.0,4.0,4.0,4.0,216.0,218.0,0.0,2174.0,26.306001075107577,128,4.632591236439649,Infinity,0.9707524000893059,0.0,8696.0,1,ID94034,94029,216,17.3864
94036,218,271,526.4922566371681,740.8180309734513,1808.0000000000002,0.6163193921104977,0.5812489067692846,1.1499992150968004,25.83516885672343,22.465379556410195,-1.0747886981049752,-0.1739989118400451,0.2197855110531175,5.0,5.0,5.0,5.0,192.0,218.0,0.0,1808.0,23.98967015655475,104,4.515460168241267,Infinity,0.9678800856531053,0.0,9040.0,1,ID94036,94035,216,33.9051
94038,218,105,1162.3064396743152,739.9881569207994,1350.9999999999995,0.560746687144908,1.0,1.3656470426012928,24.326027940977998,17.81282218767276,1.1608988275870478,-0.08527368850795553,-0.24880849320516232,6.0,6.0,6.0,6.0,174.0,218.0,0.0,1351.0,20.737325194785875,108,4.733927187581207,Infinity,0.9477376359172218,0.0,8106.0,1,ID94038,94037,216,39.4176
94039,218,271,478.62020360219265,748.0058731401723,2553.999999999998,0.6283677372753016,0.5792588666578331,1.1506896026656221,31.386048825344123,27.27586027772997,0.5030159448155103,-0.06558784676729297,-2.1860177320254338E-4,7.0,7.0,7.0,7.0,226.0,218.0,0.0,2554.0,28.512513907289915,96,4.4719608483625395,Infinity,0.9594290007513143,0.0,17878.0,1,ID94039,94040,216,39.4953
94041,218,274,428.4578947368421,744.6584210526315,1900.0000000000023,0.6343953705835491,0.703908527015918,1.3696692455106945,29.20997229545987,21.326296396885695,-0.3176446162142882,0.6697740985521463,0.0820713461799933,8.0,8.0,8.0,8.0,194.0,218.0,0.0,1900.0,24.59245379682969,80,4.450665237088896,Infinity,0.9698825931597765,0.0,15200.0,1,ID94041,94042,216,28.7179
94043,218,136,1152.6548619447778,51.5984393757503,11662.000000000024,0.40980809528041345,0.5551752494832529,1.3676329475994327,72.07924259541262,52.703645902894685,0.34456627063296913,0.5576077815084499,-0.09679971504319108,9.0,9.0,9.0,9.0,598.0,218.0,0.0,11662.0,60.927250821577154,286,5.537511809774199,Infinity,0.8668698431576617,0.0,104958.0,1,ID94043,106606,216,51.1402
94084,220,134,16.52974504249292,94.81090651558074,1411.999999999999,0.613969387801908,0.7070320370743503,1.3087688317400366,24.5029744763193,18.722156183794553,1.4075864531784514,-0.4351956545868491,0.04400148723647184,1.0,1.0,1.0,1.0,170.0,220.0,0.0,1412.0,21.200319792199178,88,4.524093511004972,Infinity,0.9694473051836588,0.0,1412.0,1,ID94084,94028,218,5.2106
94085,220,127,1028.8087649402391,150.02959590210585,1756.9999999999998,0.6116097830866777,1.0,1.0724639096663073,24.462564283724305,22.809685308045218,1.4195547128544181,0.17181669380887063,0.004153059997349868,2.0,2.0,2.0,2.0,190.0,220.0,0.0,1757.0,23.648899974944293,112,4.5328121387314635,Infinity,0.9704501518917429,0.0,3514.0,1,ID94085,94030,218,54.5146
94086,220,266,814.7474931631723,577.0296262534184,2194.0,0.602031119047603,1.0,1.3728246266582051,30.894515563754204,22.504342480334945,1.5958167766644376,-0.24068988116793374,-0.14314811320081247,3.0,3.0,3.0,3.0,214.0,220.0,0.0,2194.0,26.42672681750876,120,4.56872966951121,Infinity,0.9720868409393,0.0,6582.0,1,ID94086,94034,218,14.609
94087,220,271,484.9956220357534,715.7767238234221,2741.000000000003,0.5785478005569493,0.5982507288629737,1.1580082913090892,32.01029016121608,27.642539696351857,0.6728851882033451,0.6549652794021867,0.21663435484582685,4.0,4.0,4.0,4.0,244.0,220.0,0.0,2741.0,29.537897657581713,152,4.660530007297853,Infinity,0.9737122557726476,0.0,10964.0,1,ID94087,94036,218,48.4669
94088,220,105,1157.5897810218978,732.8678832116789,1370.000000000001,0.5433634560558035,1.0,1.626891970779895,26.661376194749195,16.387920448072737,0.4602699956014753,0.1721956398255908,-0.2647901530744412,5.0,5.0,5.0,5.0,178.0,220.0,0.0,1370.0,20.882637383046077,106,4.809054719928861,Infinity,0.9497400346620453,0.0,6850.0,1,ID94088,94038,218,8.5408
94090,220,271,464.565478424015,761.8637898686679,2665.0000000000014,0.4805064521244722,0.7953516224409597,1.0535483059443294,30.136628595049935,28.604885438107654,-0.794372238413495,-0.58934442081932,-0.5804090075114421,6.0,6.0,6.0,6.0,264.0,220.0,0.0,2665.0,29.125518822500013,178,5.113936371891993,Infinity,0.926151172893137,0.0,15990.0,1,ID94090,94039,218,19.7377
94091,220,136,1152.2580295432986,53.00257487464426,7378.999999999987,0.3769155207927784,0.7575324520662141,1.227778533212878,55.57812978817315,45.267227178777155,0.4135297365999233,-2.4683481837276533,0.2801302548446325,7.0,7.0,7.0,7.0,496.0,220.0,0.0,7379.0,48.46450918094794,288,5.774081656225568,Infinity,0.8382369646711334,0.0,51653.0,1,ID94091,94043,218,1.4591
106220,220,274,424.8333333333333,759.5,232.3521955581855,0.9999999999999999,-0.11731099724155548,1.0,8.60000005364418,8.60000005364418,0.0,0.0,0.0,20640.0,16196.274368231047,16176.0,12416.0,54.03539397880077,220.0,0.0,-1.0,8.60000005364418,,3.544907701811032,-2.7809175651426394,1.0,1548.0608102640592,4486368.0,1,ID106220,94041,218,15.2778
94095,222,127,1011.098643649815,135.96670776818743,811.0000000000008,0.3883297732146509,1.0,2.4072993672522034,25.609010698021567,10.638066476647984,2.4500440821004035,0.019295625738484288,-0.07324756650253222,1.0,1.0,1.0,1.0,162.0,222.0,0.0,811.0,16.06702578870945,102,5.688589396487048,Infinity,0.8527865404837022,0.0,811.0,1,ID94095,94085,220,22.6144
94096,222,266,812.4857997010463,552.8221225710015,2007.0,0.6305176455754714,1.0,1.1581279944634169,27.416542579974124,23.673154185929803,-1.2376149312017615,0.33737903287414217,-0.09109390537114992,2.0,2.0,2.0,2.0,200.0,222.0,0.0,2007.0,25.275441471334737,108,4.464330201216167,Infinity,0.9733268671193016,0.0,4014.0,1,ID94096,94086,220,24.3129
94097,222,271,462.1199569661108,713.2759548144163,1858.9999999999995,0.6337045077065347,0.4373093939263777,1.0678964111070726,25.220113262103247,23.616628916242846,0.7092483895888947,0.009069775913463625,0.0663890697126163,3.0,3.0,3.0,3.0,192.0,222.0,0.0,1859.0,24.325667070312107,94,4.453090627610048,Infinity,0.9732984293193715,0.0,5577.0,1,ID94097,94087,220,23.012
94098,222,105,1115.558277654046,737.3244246473645,1346.999999999999,0.546452131248121,1.0,1.667014790709529,27.01000418217471,16.202618196733866,0.479600396598411,0.40309660891245114,-0.3104246661227827,4.0,4.0,4.0,4.0,176.0,222.0,0.0,1347.0,20.706603214664778,106,4.795444509898222,Infinity,0.9570159857904079,0.0,5388.0,1,ID94098,94088,220,42.2671
94102,222,136,1161.3557692307693,78.32305709754164,10088.000000000005,0.4042396261404828,0.741161579840635,1.512885316777321,71.66617582950069,47.370527715980934,2.5495284226863544,1.6350278377135117,-1.9144772495016051,6.0,6.0,6.0,6.0,560.0,222.0,0.0,10088.0,56.66665802588046,272,5.575521440534687,Infinity,0.8654770075497602,0.0,60528.0,1,ID94102,94091,220,26.9053
94105,222,134,27.44746162927981,140.75914994096811,2541.000000000002,0.359568800178896,0.7078525820544416,2.5129798473652,44.76883298473685,17.815038601155482,0.8434517038760662,-2.183836608284275,-2.118054215536786,7.0,7.0,7.0,7.0,298.0,222.0,0.0,2541.0,28.439856202045267,158,5.911721026393246,Infinity,0.7918354627609853,0.0,17787.0,1,ID94105,94084,220,47.2275
94107,222,145,24.115814074266424,255.41625551804725,3851.0000000000027,0.3995994619161812,0.7066568183916535,1.4690659045426024,45.049932314562305,30.66569864242321,1.4090409611102563,-1.5992240506148183,1.5702991049316695,8.0,8.0,8.0,8.0,348.0,222.0,0.0,3851.0,35.01158910552017,188,5.607799591240581,Infinity,0.8965196135490638,0.0,30808.0,1,ID94107,,,
106228,222,271,440.8333333333333,759.5,232.3521955581855,0.9999999999999999,-0.2111923931142709,1.0,8.60000005364418,8.60000005364418,0.0,0.0,0.0,63008.0,38343.393501805054,37328.0,23024.0,54.03539397880077,222.0,0.0,-1.0,8.60000005364418,,3.544907701811032,-2.4917981657020967,1.0,8239.765684130702,1.062112E7,1,ID106228,94090,220,23.8496
106230,222,274,398.1666666666667,764.8333333333334,232.3521955581855,0.9999999999999999,-0.12174183180584079,1.0,8.60000005364418,8.60000005364418,0.0,0.0,0.0,26112.0,17942.007220216605,17296.0,12912.0,54.03539397880077,222.0,0.0,-1.0,8.60000005364418,,3.544907701811032,-1.6488532084643588,1.0,3016.731538248096,4969936.0,1,ID106230,106220,220,27.1948
94059,224,136,1175.231301939058,54.41759002770083,1444.0,0.46285683009730244,1.0,2.271280081607845,32.466666026985145,14.294435234954339,-0.5474543029655756,0.04295986760305182,-0.36736522381917236,1.0,1.0,1.0,1.0,198.0,224.0,0.0,1444.0,21.43920417481474,122,5.2105263157894735,Infinity,0.9468852459016394,0.0,1444.0,1,ID94059,94102,222,27.6406
94060,224,127,1011.1324828263002,102.63297350343474,1018.9999999999997,0.4536965581077095,1.0,1.862459222762666,25.11777600246761,13.486349497203665,2.9394711065113257,-0.5440759503003716,-0.31153164964367097,2.0,2.0,2.0,2.0,168.0,224.0,0.0,1019.0,18.009935425239107,102,5.262864513283765,Infinity,0.8868581375108787,0.0,2038.0,1,ID94060,94095,222,33.3338
94061,224,145,9.341441441441441,276.3927927927928,1109.9999999999995,0.41199998174440794,0.7116422513492676,2.5320813823043338,29.490241193709135,11.646640348846683,1.605138014353204,-0.037673335873036354,0.4982076986850048,3.0,3.0,3.0,3.0,184.0,224.0,0.0,1110.0,18.796913939900016,92,5.522762071726511,Infinity,0.9536082474226802,0.0,3330.0,1,ID94061,94107,222,25.6573
94062,224,266,822.0443651198368,530.5135135135135,1960.999999999999,0.5807015923922689,1.0,1.1811462345305748,27.18487821924875,23.015675302942388,-1.2909645063811204,0.13676073879319714,-0.13272902731900746,4.0,4.0,4.0,4.0,206.0,224.0,0.0,1961.0,24.984108685450703,122,4.6518791474245935,Infinity,0.9579872984855882,0.0,7844.0,1,ID94062,94096,222,24.2702
94063,224,271,430.99443731279416,721.400513478819,2337.0,0.5852919349042847,0.360540257320836,1.1140534091446872,28.89387050138285,25.935803673511554,2.9203190321901547,0.08431335706419134,0.27162798368153196,5.0,5.0,5.0,5.0,224.0,224.0,0.0,2337.0,27.27435066159264,136,4.633601301191079,Infinity,0.9689054726368159,0.0,11685.0,1,ID94063,94097,222,32.1684
94064,224,271,466.91050295857985,760.1320266272189,2703.9999999999986,0.5998775888218909,0.5857429097365892,1.2306624339402958,32.70100630079477,26.571873325241373,1.9796518049603038,-0.21641917548589526,0.01059431945693679,6.0,6.0,6.0,6.0,238.0,224.0,0.0,2704.0,29.33785834448332,140,4.576923076923078,Infinity,0.9693493457608883,0.0,16224.0,1,ID94064,106228,222,26.0848
94065,224,105,1122.7232897770946,762.740199846272,1301.000000000001,0.552624667701504,1.0,1.5935154351257939,25.819975393771625,16.203153621623606,1.1780711640163641,-0.005313606829332453,-0.2385438379845061,7.0,7.0,7.0,7.0,172.0,224.0,0.0,1301.0,20.349967123440567,102,4.768587967812276,Infinity,0.9590858827865838,0.0,9107.0,1,ID94065,94098,222,26.4064
94066,224,274,416.44871794871796,762.8444055944055,1715.999999999999,0.6101146439067544,0.5566390747250256,1.3716492252953252,27.899725320795763,20.34027709583605,3.1020836645449155,0.7544542755885854,-0.08195572574658602,8.0,8.0,8.0,8.0,188.0,224.0,0.0,1716.0,23.371344948277677,80,4.538362766101517,Infinity,0.9533333333333327,0.0,13728.0,1,ID94066,106230,222,18.3899
94068,224,134,26.402540033130865,139.59690778575373,1810.9999999999986,0.29875153831396295,0.72202852614897,1.9197854938649914,33.69817148032118,17.553092044923535,0.6469447460041646,-0.30333784785897555,-1.5543067613302572,10.0,10.0,10.0,10.0,276.0,224.0,0.0,1811.0,24.00956484151357,148,6.48559547359811,Infinity,0.7248349009405638,0.0,18110.0,1,ID94068,94105,222,1.5629
94121,226,127,1005.4093959731543,73.72184936614467,1340.999999999999,0.47678539480125737,1.0,1.7038560044052684,27.262666880529764,16.00056977235339,-0.591525952498465,0.5387547985055997,-0.0703666400185224,1.0,1.0,1.0,1.0,188.0,226.0,0.0,1341.0,20.660434588179964,116,5.133853368585989,Infinity,0.8981915606162082,0.0,1341.0,1,ID94121,94060,224,29.4721
94122,226,145,14.885235732009926,269.24937965260546,1611.9999999999995,0.5167072092221963,0.7342657342657343,1.677512180097827,30.282012896887036,18.051739508157304,1.7097278322702572,-0.9262329764000539,0.09445219740171293,2.0,2.0,2.0,2.0,198.0,226.0,0.0,1612.0,22.652053693391036,106,4.931541265728508,Infinity,0.9449003516998826,0.0,3224.0,1,ID94122,94061,224,9.0422
94123,226,266,825.6734417344173,506.78726287262873,2214.0,0.6190357898760949,1.0,1.065966100119296,27.73481805126065,26.0184803702076,1.568683559357114,0.3162405267002986,0.03569564184983191,3.0,3.0,3.0,3.0,212.0,226.0,0.0,2214.0,26.546903548453866,110,4.50554210564759,Infinity,0.9636561479869423,0.0,6642.0,1,ID94123,94062,224,24.0022
94124,226,271,397.9819301848049,745.3622176591376,2435.0,0.5493951530803753,0.6427266338721012,1.479653342343198,34.63306342968479,23.406200924629704,1.2539329121152272,1.4848209328008974,0.12262688497870128,4.0,4.0,4.0,4.0,236.0,226.0,0.0,2435.0,27.840340746074396,126,4.782583048522674,Infinity,0.9613106987761547,0.0,9740.0,1,ID94124,94063,224,40.792
94125,226,271,443.07867425510545,752.4921325744895,2986.9999999999995,0.6304714630658903,0.7568865797470836,1.12664580766291,33.44393189585595,29.684512797532463,-1.2467754315226467,-1.1504539209187634,0.271180437887145,5.0,5.0,5.0,5.0,244.0,226.0,0.0,2987.0,30.834909275543243,108,4.4644937059970395,Infinity,0.9734397914290366,0.0,14935.0,1,ID94125,94064,224,25.0265
94126,226,105,1126.03893129771,798.5282442748091,1309.9999999999998,0.5437292081123832,1.0,1.7727655598649885,27.259350315230765,15.376737303779075,1.96655336550025,0.10347302773788099,0.15323717715425594,6.0,6.0,6.0,6.0,174.0,226.0,0.0,1310.0,20.42023386008999,100,4.807436986761179,Infinity,0.9537677466326901,0.0,7860.0,1,ID94126,94065,224,35.9413
94127,226,136,1170.4697393609188,76.00721543218967,6790.999999999993,0.4251944298176073,0.772104553559779,2.0884833828037577,69.17422279694259,33.121749192027195,-0.5260548170277253,1.594821324962296,-0.3774468510464806,7.0,7.0,7.0,7.0,448.0,226.0,0.0,6791.0,46.49346660633212,242,5.436396807524154,Infinity,0.9080698000936006,0.0,47537.0,1,ID94127,94059,224,22.1085
106252,226,274,370.1666666666667,780.8333333333334,232.3521955581855,0.9999999999999999,-0.024997881646988206,1.0,8.60000005364418,8.60000005364418,0.0,0.0,0.0,18208.0,14066.714801444043,13776.0,10768.0,54.03539397880077,226.0,0.0,-1.0,8.60000005364418,,3.544907701811032,-0.4712912367478453,1.0,1530.4916403302254,3896480.0,1,ID106252,94066,224,49.6551
94114,228,127,938.8099352051836,76.31749460043197,925.9999999999995,0.43264646002738655,1.0,1.7061437970678175,22.487237782068462,13.180153877249431,1.8716592053808854,-0.5995121485989257,-0.17807790629383474,1.0,1.0,1.0,1.0,164.0,228.0,0.0,926.0,17.168429008100595,102,5.389374395186356,Infinity,0.8534562211981562,0.0,926.0,1,ID94114,94121,226,66.65
94115,228,136,1177.1695568400771,71.61175337186899,1038.0000000000005,0.45134576808667226,1.0,2.24173168535994,27.083256209295065,12.08139956541966,-0.5597353222263798,0.1678927743887584,-0.14488956020095228,2.0,2.0,2.0,2.0,170.0,228.0,0.0,1038.0,18.177064170508253,112,5.2765522695757054,Infinity,0.9309417040358748,0.0,2076.0,1,ID94115,94127,226,8.013
94116,228,145,20.44395924308588,260.24163027656476,2060.9999999999986,0.5655360694426202,0.7261306532663316,1.3275134381019027,29.764669140069252,22.421369370563355,-1.3960502190340598,-0.4345695183162011,0.2695073952737815,3.0,3.0,3.0,3.0,214.0,228.0,0.0,2061.0,25.61321290710699,108,4.713839349912975,Infinity,0.9521829521829516,0.0,6183.0,1,ID94116,94122,226,10.5848
94117,228,266,836.958440445587,501.4044558697515,2334.000000000003,0.5742405241975556,1.0,1.3645265380817717,31.855865111869363,23.345727783830277,1.885103612733382,0.2630087304842775,-0.09697582283709065,4.0,4.0,4.0,4.0,226.0,228.0,0.0,2334.0,27.256839038174775,136,4.677976257746257,Infinity,0.9714880332986485,0.0,9336.0,1,ID94117,94123,226,12.503
94120,228,105,1117.4902634593357,815.7319587628866,873.0000000000001,0.5931250836037824,1.0,1.0717175543392934,17.612170374571864,16.433593257161537,2.27582122268513,-0.02465624760258328,-0.7044225007374838,7.0,7.0,7.0,7.0,136.0,228.0,0.0,873.0,16.669868944849245,72,4.602902615272406,Infinity,0.9422558014031303,0.0,6111.0,1,ID94120,94126,226,19.2106
106266,228,274,455.5,764.8333333333334,232.3521955581855,0.9999999999999999,-0.13418251468648437,1.0,8.60000005364418,8.60000005364418,0.0,0.0,0.0,27152.0,18579.46570397112,17952.0,14720.0,54.03539397880077,228.0,0.0,-1.0,8.60000005364418,,3.544907701811032,-2.345117497006979,1.0,2455.6597042462236,5146512.0,1,ID106266,106252,226,86.8204
106268,228,271,414.1666666666667,758.1666666666666,232.3521955581855,0.9999999999999999,0.03795092678187448,1.0,8.60000005364418,8.60000005364418,0.0,0.0,0.0,65504.0,54887.220216606496,55200.0,38960.0,54.03539397880077,228.0,0.0,-1.0,8.60000005364418,,3.544907701811032,0.5997412620631268,1.0,6692.415059734691,1.520376E7,1,ID106268,94125,226,29.4636
106270,228,271,372.8333333333333,764.8333333333334,232.3521955581855,0.9999999999999999,0.01472789306634332,1.0,8.60000005364418,8.60000005364418,0.0,0.0,0.0,65504.0,51266.657039711194,50512.0,29040.0,54.03539397880077,228.0,0.0,-1.0,8.60000005364418,,3.544907701811032,0.13497312606608095,1.0,11025.764498193916,1.4200864E7,1,ID106270,94124,226,31.8053
94195,230,127,925.7212598425197,73.80708661417323,1269.9999999999998,0.4420856144109736,1.0,2.266454234483462,30.374538059142257,13.40178751328936,1.7978665633530384,-0.2148251901024736,-1.0093908018694928,1.0,1.0,1.0,1.0,190.0,230.0,0.0,1270.0,20.106057680545288,106,5.331528566029982,Infinity,0.883478260869565,0.0,1270.0,1,ID94195,94114,228,13.3272
94196,230,145,34.43619582664527,246.93699839486356,2492.0000000000014,0.5818110057034608,0.8119243819680078,1.1151893976510152,30.365418793566324,27.22893425773835,-0.009146194366042654,1.1398173021005726,-0.49603153133316674,2.0,2.0,2.0,2.0,232.0,230.0,0.0,2492.0,28.164307844681836,122,4.647441865247021,Infinity,0.956254796623178,0.0,4984.0,1,ID94196,94116,228,19.3079
94197,230,266,849.1739690721649,493.3453608247423,2328.000000000001,0.5164626578318651,1.0,1.5434033706928567,34.07846332394819,22.080075741087608,1.9847216159856007,0.3684450023214647,-0.08527322291660433,3.0,3.0,3.0,3.0,238.0,230.0,0.0,2328.0,27.22178199596538,138,4.932708700123585,Infinity,0.9434650455927057,0.0,6984.0,1,ID94197,94117,228,14.6345
94198,230,271,416.572818086225,757.6487907465826,3803.9999999999995,0.5530389399905397,0.7195811044978527,1.1845174619174164,37.80397305183688,31.91508294917187,0.7608504659836541,0.052275136869923314,0.5884897773272774,4.0,4.0,4.0,4.0,294.0,230.0,0.0,3804.0,34.79728160421644,172,4.7668015981725835,Infinity,0.963037974683544,0.0,15216.0,1,ID94198,106268,228,2.4613
94199,230,271,368.8011363636364,777.9982954545454,1760.0000000000016,0.501515017715922,0.23039638338032767,1.2239634432144568,26.852601033061696,21.93905478299217,1.2556311963113547,-0.47468401636187174,-0.7714556953635558,5.0,5.0,5.0,5.0,210.0,230.0,0.0,1760.0,23.669081090812803,126,5.005678593539357,Infinity,0.9336870026525209,0.0,8800.0,1,ID94199,106270,228,13.7686
94200,230,105,1097.378612716763,830.4414739884393,1384.0000000000011,0.5250530410057092,1.0,1.6907108690824115,27.219874554500745,16.09966260480339,-0.8057700107838202,-0.1131071566186475,0.4008877345949375,6.0,6.0,6.0,6.0,182.0,230.0,0.0,1384.0,20.989065783840086,116,4.892190308191278,Infinity,0.9564616447823091,0.0,8304.0,1,ID94200,94120,228,24.9168
94201,230,149,61.04457831325301,20.776506024096385,1660.0000000000002,0.2586314126641072,0.7154667585256631,1.6071326636481356,31.648812676017624,19.69271945738189,2.4955558373140567,3.472991799058761,-1.6042006331918586,7.0,7.0,7.0,7.0,284.0,230.0,0.0,1660.0,22.986831253243512,148,6.970505850168186,Infinity,0.6949968599539461,0.0,11620.0,1,ID94201,,,
94202,230,136,1167.7232947232947,101.59900717043574,5438.999999999996,0.356271187900062,0.7042143192856024,2.0977171373017933,60.67243209465914,28.92307595517839,0.03755036471867168,0.357776675255858,-0.6493422729413929,8.0,8.0,8.0,8.0,438.0,230.0,0.0,5439.0,41.60874272257738,266,5.939017173422781,Infinity,0.8147704291813341,0.0,43512.0,1,ID94202,94115,228,31.4399
106539,230,274,464.8333333333333,766.1666666666666,232.3521955581855,0.9999999999999999,-0.15523138838990086,1.0,8.60000005364418,8.60000005364418,0.0,0.0,0.0,20800.0,17369.29963898917,17296.0,14928.0,54.03539397880077,230.0,0.0,-1.0,8.60000005364418,,3.544907701811032,-5.738935249341327,1.0,1112.3020848704346,4811296.0,1,ID106539,106266,228,9.4281
94148,232,136,1200.6328273244783,100.60626185958255,1053.9999999999998,0.517381040138069,0.9175257731958764,1.2941582508209581,20.878369073648834,16.132779017098176,2.040594512703832,0.06476741431981382,-0.034797526727737615,1.0,1.0,1.0,1.0,160.0,232.0,0.0,1054.0,18.316621414379764,98,4.92832882906958,Infinity,0.9161234245980007,0.0,1054.0,1,ID94148,94202,230,32.9245
94149,232,127,929.3841554559043,107.59267563527654,1338.0000000000014,0.4860042745407732,1.0,2.0148220446395437,29.592414099549952,14.687358706582001,1.1418758388815315,-0.08022671002374489,-0.7920158538509537,2.0,2.0,2.0,2.0,186.0,232.0,0.0,1338.0,20.637311542783678,112,5.084928931868413,Infinity,0.9330543933054403,0.0,2676.0,1,ID94149,94195,230,33.9836
94150,232,145,36.34233485666805,238.34524304113003,2407.000000000002,0.5430776728806835,0.9887083448085926,1.3465671141472777,32.420423004140034,24.0763513853303,1.5401275247425834,0.20213744221314656,-0.6898462061904386,3.0,3.0,3.0,3.0,236.0,232.0,0.0,2407.0,27.679810260267043,136,4.810319885335295,Infinity,0.9441066875858019,0.0,7221.0,1,ID94150,94196,230,8.8007
94151,232,266,851.7294580419581,479.87194055944053,2288.0000000000005,0.5435133452864611,1.0,1.5941307699187786,34.32233135998435,21.530436528574803,1.9662900817958753,0.5766772861615328,-0.14518908069525813,4.0,4.0,4.0,4.0,230.0,232.0,0.0,2288.0,26.986904594423443,128,4.808391557540771,Infinity,0.9549248747913188,0.0,9152.0,1,ID94151,94197,230,13.7136
94152,232,271,405.2735170017374,768.5251923554232,4029.000000000002,0.5407098466962826,0.7022984620584756,1.3717249436664434,41.838041200531286,30.500313779163054,0.1418296770920776,-0.12238187081278816,0.19588053931421975,5.0,5.0,5.0,5.0,306.0,232.0,0.0,4029.0,35.8115977224487,172,4.8208408321696234,Infinity,0.9619195416020059,0.0,20145.0,1,ID94152,94198,230,15.6834
94153,232,271,355.7852090032154,790.5543408360129,1555.0000000000002,0.3825809833449862,0.430052607385464,1.400267906394267,26.894602936183862,19.20675523117451,-1.4364769239404773,-1.1808976262984041,0.11006148074603184,9.0,6.001929260450161,6.0,6.0,226.0,232.0,0.0,1555.0,22.247963345344548,126,5.731169361553002,47.44979943389999,0.8631695809048016,0.07607746940114606,9333.0,1,ID94153,94199,230,18.085
94154,232,105,1079.4883720930231,836.7493540051679,1548.000000000001,0.5168652808754387,1.0,1.6206844718968914,28.25112745700416,17.43160247838884,-0.8834319817111592,0.02762534970227858,0.3103226844212139,7.0,7.0,7.0,7.0,194.0,232.0,0.0,1548.0,22.197831060995764,124,4.930787107420882,Infinity,0.949984657870513,0.0,10836.0,1,ID94154,94200,230,18.9697
94155,232,149,52.473193473193476,33.36208236208236,2574.0000000000005,0.34544232946046943,0.7405612532401668,2.0453885194879713,40.2657627231985,19.68611945337327,-0.8619659427457276,0.8122830799808899,0.7897976350204963,8.0,8.0,8.0,8.0,306.0,232.0,0.0,2574.0,28.62393486292682,160,6.031386439088641,Infinity,0.7817767653758544,0.0,20592.0,1,ID94155,94201,230,15.2271
106281,232,274,471.5,768.8333333333334,232.3521955581855,0.9999999999999999,-0.17197582224814154,1.0,8.60000005364418,8.60000005364418,0.0,0.0,0.0,20096.0,15174.469314079422,14992.0,12000.0,54.03539397880077,232.0,0.0,-1.0,8.60000005364418,,3.544907701811032,-4.407298562750242,1.0,1430.1955159099314,4203328.0,1,ID106281,106539,230,7.1802
94167,234,127,942.1039531478771,150.8272327964861,1366.0000000000007,0.4560968822195408,1.0,2.0318547907587132,30.034520380793587,14.781824231434582,2.88845305026675,0.28421286383502387,0.5605401588547667,1.0,1.0,1.0,1.0,194.0,234.0,0.0,1366.0,20.852129496218325,114,5.248997673264724,Infinity,0.8870129870129875,0.0,1366.0,1,ID94167,94149,232,45.0668
94169,234,145,53.71388443017656,235.6219903691814,2491.9999999999964,0.6024045008268508,0.0327036640535967,1.3297176890029527,33.040307458856354,24.847610686167975,1.5547465089890227,0.5952435468368386,-0.6779471917038009,2.0,2.0,2.0,2.0,228.0,234.0,0.0,2492.0,28.164307844681808,122,4.567313557225526,Infinity,0.9704049844236746,0.0,4984.0,1,ID94169,94150,232,17.5837
94171,234,266,859.5571734475375,461.1010706638116,2335.0000000000014,0.5847910432184448,1.0,1.128402108655949,28.870658828342428,25.58543502079286,-1.4163596085937187,-0.03369825128716828,-0.06747537996602536,3.0,3.0,3.0,3.0,224.0,234.0,0.0,2335.0,27.262677495784445,138,4.635585288137563,Infinity,0.9676750932449241,0.0,7005.0,1,ID94171,94151,232,20.3376
94175,234,271,390.58756633813493,778.0088450846602,3956.999999999998,0.5174310980334986,0.6926531921719602,1.4250543087529826,42.619139129046225,29.907028010982128,0.18301547248103356,0.04444011004076119,0.8095002136650402,4.0,4.0,4.0,4.0,310.0,234.0,0.0,3957.0,35.49017074669068,198,4.9280904323660675,Infinity,0.9610200364298722,0.0,15828.0,1,ID94175,94152,232,17.4819
94177,234,105,1119.6075230660042,773.3449254790631,1409.0000000000014,0.5716043451585773,1.0,1.4045914177646888,25.171170680570405,17.920635397750473,2.1039400260355787,0.33814229263823925,0.10426619063558062,5.0,5.0,5.0,5.0,176.0,234.0,0.0,1409.0,21.177786230693744,106,4.688751015934318,Infinity,0.9604635310156792,0.0,7045.0,1,ID94177,94154,232,75.0311
94178,234,271,346.1160409556314,811.2690557451649,1758.0000000000002,0.5106249893686073,0.7599555061179087,1.208824212334993,26.2005804226124,21.67443384675655,-1.4978682531961394,0.2652833099929116,-0.18335019478731515,6.0,6.0,6.0,6.0,208.0,234.0,0.0,1758.0,23.65562892656004,154,4.960824915805709,Infinity,0.9577771724325796,0.0,10548.0,1,ID94178,94153,232,22.8603
94180,234,149,63.66332665330661,20.9873079492318,1497.0000000000002,0.35561165991863297,0.4519213005726953,2.8554770541588734,45.10559311899288,15.796167247535266,2.179859965052672,6.703850252131201,-11.50672263019579,7.0,7.0,7.0,7.0,230.0,234.0,0.0,1497.0,21.829106706806275,128,5.9445219613830504,Infinity,0.811822125813449,0.0,10479.0,1,ID94180,94155,232,16.6839
94183,234,136,1213.0420918367347,125.09821428571429,1568.0,0.37247767718932295,0.7390018484288354,2.2785255547258183,46.44737464914343,20.38483814798934,-1.4186757042909086,8.56564806078284,-4.901303172758718,9.0,9.0,9.0,9.0,230.0,234.0,0.0,1568.0,22.34076770248023,74,5.808377131175212,Infinity,0.9690976514215079,0.0,14112.0,1,ID94183,94148,232,27.4562
106285,234,274,454.1666666666667,786.1666666666666,232.3521955581855,0.9999999999999999,-0.10597306129315168,1.0,8.60000005364418,8.60000005364418,0.0,0.0,0.0,33184.0,21157.83393501805,20288.0,16928.0,54.03539397880077,234.0,0.0,-1.0,8.60000005364418,,3.544907701811032,-1.6162984071355448,1.0,3103.305491298351,5860720.0,1,ID106285,106281,232,24.513
106623,234,161,8.833333333333334,274.1666666666667,232.3521955581855,0.9999999999999999,0.03141316724731492,1.0,8.60000005364418,8.60000005364418,0.0,0.0,0.0,20320.0,14852.3321299639,14640.0,10624.0,54.03539397880077,234.0,0.0,-1.0,8.60000005364418,,3.544907701811032,0.40519518026194035,1.0,2232.7465777813563,4114096.0,1,ID106623,,,
94165,236,127,955.806976744186,132.19767441860466,1290.000000000001,0.41349398256615,1.0,2.1960929103335936,29.992986856510672,13.65743075594859,2.6047435714416185,1.120215856670125,-0.07238299714199842,1.0,1.0,1.0,1.0,198.0,236.0,0.0,1290.0,20.263754666327024,128,5.512775859258073,Infinity,0.8692722371967663,0.0,1290.0,1,ID94165,94167,234,23.1265
94166,236,145,91.355871886121,210.86405693950178,2810.000000000002,0.6029557650834864,0.6683158519691272,1.164710320013486,32.54624714762516,27.943641082572626,0.6659973905881992,0.2565841219248537,-0.4420593635235372,2.0,2.0,2.0,2.0,242.0,236.0,0.0,2810.0,29.90736999765196,132,4.565225201322495,Infinity,0.9713100587625311,0.0,5620.0,1,ID94166,94169,234,45.0541
94168,236,266,856.5593795443529,425.4507998061076,2063.0,0.6109063667033409,1.0,1.0671653145942095,26.491187412288475,24.82388346960262,1.9482903602709942,-0.07483646010987081,0.027606924193023918,3.0,3.0,3.0,3.0,206.0,236.0,0.0,2063.0,25.625637459332797,122,4.535420997634915,Infinity,0.9728837538316433,0.0,6189.0,1,ID94168,94171,234,35.7761
94173,236,105,1104.530941704036,780.8780269058296,1115.0,0.5209511910696936,1.0,1.2529850735617316,21.027837773067382,16.78219335310493,-0.9225538123118362,0.028266899053037826,-0.18238762949608497,5.0,5.0,5.0,5.0,164.0,236.0,0.0,1115.0,18.83920176374059,116,4.911412535530935,Infinity,0.9453158117846543,0.0,5575.0,1,ID94173,94177,234,16.8538
94174,236,271,380.79196840026333,820.5641869651087,1518.9999999999998,0.6024591895976386,0.5222559363082148,1.1700525964798034,24.159515788884217,20.64823056807023,-0.12813130436135156,0.16129450665558426,-0.348121194420105,6.0,6.0,6.0,6.0,178.0,236.0,0.0,1519.0,21.98892260009976,90,4.56710625153799,Infinity,0.9632213062777424,0.0,9114.0,1,ID94174,94178,234,35.9001
94176,236,149,47.837929965912615,42.73442826154323,3227.0000000000036,0.331034105898262,0.7411870503597121,3.762282339778703,68.00337954425744,18.075033557491434,-1.0608244709164798,4.955492833024182,-8.732345210095444,7.0,7.0,7.0,7.0,350.0,236.0,0.0,3227.0,32.04974263102738,210,6.16124617645283,Infinity,0.8469816272965888,0.0,22589.0,1,ID94176,94180,234,26.8957
94179,236,161,27.588268313219196,261.4353073252877,3563.0000000000027,0.3454782291586556,0.6718215409880937,1.525271344722582,46.38668759188132,30.412088807921698,2.323289571492488,-2.165510326495512,-0.5526589981114283,8.0,8.0,8.0,8.0,360.0,236.0,0.0,3563.0,33.67696726952781,210,6.031073061052392,Infinity,0.8613562190257471,0.0,28504.0,1,ID94179,106623,234,22.6679
106491,236,274,395.5,783.5,232.3521955581855,0.9999999999999999,-0.17888141886882133,1.0,8.60000005364418,8.60000005364418,0.0,0.0,0.0,35376.0,23887.768953068593,22800.0,17488.0,54.03539397880077,236.0,0.0,-1.0,8.60000005364418,,3.544907701811032,-2.605647448732367,1.0,3994.3791164753056,6616912.0,1,ID106491,106285,234,58.7272
106493,236,271,366.1666666666667,786.1666666666666,232.3521955581855,0.9999999999999999,-0.13116256219327288,1.0,8.60000005364418,8.60000005364418,0.0,0.0,0.0,61664.0,46436.38989169675,47200.0,28432.0,54.03539397880077,236.0,0.0,-1.0,8.60000005364418,,3.544907701811032,-1.9183663874147416,1.0,7308.500043847022,1.286288E7,1,ID106493,94175,234,25.7474
94265,238,127,1009.7354925775978,111.61538461538461,1481.9999999999995,0.6012190486337903,1.0,1.156617318074782,23.406025043892093,20.236619907137477,-1.2389218350030653,0.02493425347423061,-0.253501435349151,1.0,1.0,1.0,1.0,176.0,238.0,0.0,1482.0,21.719467104981597,104,4.571814134501954,Infinity,0.9670473083197387,0.0,1482.0,1,ID94265,94165,236,57.7227
94266,238,145,127.62670713201821,204.24506828528072,2635.999999999998,0.5656197141494904,0.5355339805825242,1.1432873382940987,31.012906793988304,27.126082617395838,0.8294307201444283,-0.08490343436434167,0.15932331073458433,2.0,2.0,2.0,2.0,242.0,238.0,0.0,2636.0,28.96661630188227,134,4.713490792146301,Infinity,0.9492257832193007,0.0,5272.0,1,ID94266,94166,236,36.8698
94267,238,266,864.1442577030813,417.3557422969188,2142.0,0.5663909994099265,1.0,1.2048624115732987,28.562325388536753,23.705881363864876,-1.2543561419910616,-0.07038419706698078,-0.05023863370184142,3.0,3.0,3.0,3.0,218.0,238.0,0.0,2142.0,26.11167892353304,140,4.710280391145728,Infinity,0.960753532182104,0.0,6426.0,1,ID94267,94168,236,11.0933
94268,238,105,1124.9833795013851,767.2617728531856,722.0,0.5537670644267164,0.5885588558855884,1.0667476171773564,15.7582909849608,14.772276714015703,1.7712195163045128,0.04443523978218107,0.23319012998848707,4.0,4.0,4.0,4.0,128.0,238.0,0.0,722.0,15.159806655254442,72,4.763666736414636,Infinity,0.9437908496732024,0.0,2888.0,1,ID94268,94173,236,24.5704
94273,238,149,45.12328490718321,62.7092413236481,4955.999999999999,0.2843475270507526,0.6531020680453635,2.4291678908534626,61.99489821654008,25.52104300817134,2.0439469031452515,0.8102281045520283,2.803514737173498,7.0,7.0,7.0,7.0,468.0,238.0,0.0,4956.0,39.71830555206083,268,6.647834579807493,Infinity,0.7160814911140009,0.0,34692.0,1,ID94273,94176,236,20.1584
94274,238,161,46.511802762720755,255.6749431718832,5719.000000000013,0.3923217832535607,0.782036301316507,2.227793680495209,63.10375339812181,28.32567214397281,2.298170595710853,2.158125794817711,-2.326655243570487,8.0,8.0,8.0,8.0,428.0,238.0,0.0,5719.0,42.66631269614358,292,5.659573712829077,Infinity,0.926528959092752,0.0,45752.0,1,ID94274,94179,236,19.7808
106297,238,271,347.5,807.5,232.3521955581855,0.9999999999999999,-0.050944634408990025,1.0,8.60000005364418,8.60000005364418,0.0,0.0,0.0,65504.0,52232.202166064984,52384.0,31216.0,54.03539397880077,238.0,0.0,-1.0,8.60000005364418,,3.544907701811032,-0.5557491788809704,1.0,10090.121681782819,1.446832E7,1,ID106297,106493,236,28.3471
106299,238,271,371.5,828.8333333333334,232.3521955581855,0.9999999999999999,-0.19909470902520252,1.0,8.60000005364418,8.60000005364418,0.0,0.0,0.0,65504.0,34705.61732851985,32672.0,22192.0,54.03539397880077,238.0,0.0,-1.0,8.60000005364418,,3.544907701811032,-1.8964897127582936,1.0,9098.249332206884,9613456.0,1,ID106299,94174,236,12.4386
106301,238,274,324.8333333333333,780.8333333333334,232.3521955581855,0.9999999999999999,0.061186756589503094,1.0,8.60000005364418,8.60000005364418,0.0,0.0,0.0,57456.0,40175.71119133574,38656.0,27392.0,54.03539397880077,238.0,0.0,-1.0,8.60000005364418,,3.544907701811032,0.6926430307281822,1.0,6688.823117626602,1.1128672E7,1,ID106301,106491,236,70.717
94232,240,149,31.750925925925927,65.30648148148148,1079.9999999999998,0.6195982589256712,1.0,1.0951343283402168,19.48807639691021,17.795147035931468,1.7021181615024021,-0.018933534925234082,0.3439623509561732,1.0,1.0,1.0,1.0,148.0,240.0,0.0,1080.0,18.5411616971131,84,4.503496583931366,Infinity,0.9660107334525935,0.0,1080.0,1,ID94232,94273,238,13.6222
94233,240,127,999.003717472119,94.83271375464685,1345.0000000000014,0.5848362794572008,1.0,1.167932351389136,22.414511853177782,19.191618270114716,-0.284899758318036,0.05002357536991486,-0.4826094196835735,2.0,2.0,2.0,2.0,170.0,240.0,0.0,1345.0,20.691225118808187,104,4.6354060067682985,Infinity,0.964157706093191,0.0,2690.0,1,ID94233,94265,238,19.9206
94234,240,145,143.87911025145067,213.6619922630561,2068.0,0.5468238033518804,0.6272786885245902,1.5498847934556197,31.99598561491979,20.644105774843826,0.6495511711871823,0.20091087056891035,0.08077664675999871,3.0,3.0,3.0,3.0,218.0,240.0,0.0,2068.0,25.65667251667837,134,4.793814518755613,Infinity,0.9582947173308621,0.0,6204.0,1,ID94234,94266,238,18.7835
94235,240,266,857.4448455675893,414.4757320497393,2492.9999999999995,0.5721375181093836,1.0,1.1061103668909287,29.48003082777464,26.651979504213077,-1.160520886737547,-0.06814604116985182,-0.16197014392835635,4.0,4.0,4.0,4.0,234.0,240.0,0.0,2493.0,28.169958222478606,148,4.686565791383655,Infinity,0.9629200463499422,0.0,9972.0,1,ID94235,94267,238,7.2922
94236,240,105,1129.424447174447,743.9514742014742,1627.999999999999,0.5013736731736281,1.0,1.9763013082758913,31.980860918842616,16.18217869153892,2.011626870523712,0.08295916066156951,0.20662380326053056,5.0,5.0,5.0,5.0,202.0,240.0,0.0,1628.0,22.76419325843134,126,5.00638413067576,Infinity,0.9565217391304343,0.0,8140.0,1,ID94236,94268,238,23.7296
94238,240,161,55.78447586022939,238.095492131235,7498.000000000001,0.3622554666146293,0.8211131993638859,2.154489004942525,72.37637562824501,33.59329078134506,2.213143481466279,4.016316564947342,-4.473523233675041,7.0,7.0,7.0,7.0,510.0,240.0,0.0,7498.0,48.85373605576203,312,5.889758099174459,Infinity,0.8792213883677299,0.0,52486.0,1,ID94238,94274,238,19.8751
106310,240,274,280.8333333333333,790.1666666666666,232.3521955581855,0.9999999999999999,-0.08448437145552799,1.0,8.60000005364418,8.60000005364418,0.0,0.0,0.0,53840.0,35485.342960288806,33552.0,26656.0,54.03539397880077,240.0,0.0,-1.0,8.60000005364418,,3.544907701811032,-1.1174915427474459,1.0,5860.644421094221,9829440.0,1,ID106310,106301,238,44.979
106313,240,271,319.5,810.1666666666666,232.3521955581855,0.9999999999999999,0.09158448927532924,1.0,8.60000005364418,8.60000005364418,0.0,0.0,0.0,65504.0,63879.85559566787,65504.0,51376.0,54.03539397880077,240.0,0.0,-1.0,8.60000005364418,,3.544907701811032,3.5312356995318743,1.0,3035.510831484117,1.769472E7,1,ID106313,106297,238,28.1267
106315,240,271,319.5,840.8333333333334,232.3521955581855,0.9999999999999999,0.014655358122976815,1.0,8.60000005364418,8.60000005364418,0.0,0.0,0.0,65504.0,47449.58844765343,46672.0,32624.0,54.03539397880077,240.0,0.0,-1.0,8.60000005364418,,3.544907701811032,0.16967195186473025,1.0,8078.491494704381,1.3143536E7,1,ID106315,106299,238,53.3667
94244,242,127,992.1199469847581,71.57521537442014,1509.0000000000007,0.5481169284619031,1.0,1.979665568467357,31.932064089881777,16.130029535545923,-0.10347609826621175,-0.5231884945893285,-0.0678388900845537,1.0,1.0,1.0,1.0,186.0,242.0,0.0,1509.0,21.916423482204856,88,4.78815636251456,Infinity,0.9481621112158346,0.0,1509.0,1,ID94244,94233,240,24.2548
94245,242,149,25.73100983020554,84.85790884718499,1119.0,0.5929232888121064,0.4043087220246811,1.4042580577899686,22.504719613094366,16.0260569545974,1.4005447325942837,-0.44203133314104576,-0.08616281285344932,2.0,2.0,2.0,2.0,154.0,242.0,0.0,1119.0,18.8729638011538,82,4.603685821780823,Infinity,0.9584582441113488,0.0,2238.0,1,ID94245,94232,240,20.4572
94246,242,145,153.52902476780187,207.28444272445822,2584.000000000002,0.5637413483941688,0.5342393455601002,1.313798589402931,32.82552883262591,24.98520633025174,0.924920167687264,-0.06523244675151306,-0.20420437911992675,3.0,3.0,3.0,3.0,240.0,242.0,0.0,2584.0,28.67948301310391,148,4.7213368521878,Infinity,0.9588126159554736,0.0,7752.0,1,ID94246,94234,240,11.5669
94247,242,266,866.6573482428115,404.0443290734824,2504.0,0.584612663836864,1.0,1.1925569915065428,30.769395355276192,25.801194889986423,0.020730921960597337,-0.013219672539333191,-0.012838863177792568,4.0,4.0,4.0,4.0,232.0,242.0,0.0,2504.0,28.2320377409108,138,4.636292448469103,Infinity,0.9660493827160496,0.0,10016.0,1,ID94247,94235,240,13.9171
94248,242,105,1162.5431034482758,676.3289124668435,1508.0000000000002,0.6117667512414009,1.0,1.4060527388543334,26.35408813075615,18.743314103729666,-1.5178972709311924,-0.47347545634075444,-0.05173397127209526,5.0,5.0,5.0,5.0,176.0,242.0,0.0,1508.0,21.909160375631842,90,4.5322305830965215,Infinity,0.9614281160344278,0.0,7540.0,1,ID94248,94236,240,75.2971
94251,242,271,302.1484049930652,826.1174294960703,2162.9999999999986,0.5719438523453176,0.6060461416070008,1.4159526280756933,31.46975106623024,22.225144007111478,0.03401139001690197,-0.0870282630430383,-0.35542103087661114,7.0,7.0,7.0,7.0,218.0,242.0,0.0,2163.0,26.239365156488425,120,4.687359182659086,Infinity,0.9645484949832768,0.0,15141.0,1,ID94251,106315,240,22.7516
94254,242,158,57.97863446353925,39.95680445889457,2152.9999999999977,0.3711302597080284,0.7354156171284635,1.8245274165605552,36.23321790584261,19.858960505042127,1.925589250229089,0.6986608247229479,0.26809501303599226,8.0,8.0,8.0,8.0,270.0,242.0,0.0,2153.0,26.17863986065167,152,5.818911462503391,Infinity,0.7985905044510377,0.0,17224.0,1,ID94254,,,
94258,242,161,62.194448047736415,240.87534051109094,7709.000000000009,0.3397233481536246,0.876095139204361,2.3666759666911394,77.54632736008591,32.76592505754127,-0.9087506735798768,2.311359971978169,-2.226287405411305,10.0,10.0,10.0,10.0,534.0,242.0,0.0,7709.0,49.53635950078331,368,6.08194143959525,Infinity,0.8802237953870757,0.0,77090.0,1,ID94258,94238,240,6.9868
94261,242,155,17.35422077922078,522.2538961038961,3080.000000000004,0.4358409699138136,0.7258124766529699,1.8953181587889547,48.09357249645451,25.37493363498649,1.481668789608553,-4.780605936399087,-0.4901932772425951,11.0,11.0,11.0,11.0,298.0,242.0,0.0,3080.0,31.311251163856046,138,5.369587277665528,Infinity,0.9517923362175538,0.0,33880.0,1,ID94261,,,
106325,242,271,320.8333333333333,782.1666666666666,232.3521955581855,0.9999999999999999,0.07766119789911533,1.0,8.60000005364418,8.60000005364418,0.0,0.0,0.0,65504.0,52244.10108303249,53888.0,26912.0,54.03539397880077,242.0,0.0,-1.0,8.60000005364418,,3.544907701811032,0.603773948204226,1.0,12471.386131770423,1.4471616E7,1,ID106325,106313,240,28.0317
106327,242,274,272.8333333333333,782.1666666666666,232.3521955581855,0.9999999999999999,-0.07966518040326312,1.0,8.60000005364418,8.60000005364418,0.0,0.0,0.0,59936.0,35139.81227436823,32640.0,27152.0,54.03539397880077,242.0,0.0,-1.0,8.60000005364418,,3.544907701811032,-0.8811226230459838,1.0,6904.238279890183,9733728.0,1,ID106327,106310,240,11.3137
94286,244,127,951.1211631663974,83.01130856219709,618.9999999999998,0.578075461525589,0.8431761786600497,1.3272826856153612,16.421829559738015,12.372518482846363,-0.20363217006413312,0.5562272201518014,-0.09362585858000547,2.0,2.0,2.0,2.0,116.0,244.0,0.0,619.0,14.036873567421143,60,4.662433652137217,Infinity,0.9428789032749427,0.0,1238.0,1,ID94286,94244,242,42.5639
94287,244,149,9.845786963434023,94.37042925278219,628.9999999999997,0.4677069299663855,0.40715883668903813,1.9133548346491527,19.688614458631548,10.290100979749427,1.2788307913167325,-0.03729376306495631,0.6172340049642572,3.0,3.0,3.0,3.0,130.0,244.0,0.0,629.0,14.149802769282836,78,5.183439448387851,Infinity,0.9437359339834953,0.0,1887.0,1,ID94287,94245,242,18.5156
94289,244,145,150.06087981146896,200.19402985074626,2546.0000000000027,0.5843008909372213,0.6350208712405009,1.2448015739745415,31.89293243779598,25.620896618860037,1.0298430681849007,-0.04156887578988217,-0.273443184369747,4.0,4.0,4.0,4.0,234.0,244.0,0.0,2546.0,28.46782341915047,132,4.637529206443093,Infinity,0.9594874693800651,0.0,10184.0,1,ID94289,94246,242,7.8932
94291,244,266,847.9767891682785,412.57575757575756,1551.0000000000007,0.5514497743003363,0.7304473948454758,1.7542101649266637,29.84063068516875,17.010864081052834,1.2804089041282356,0.4150780792104754,0.08434408698698481,5.0,5.0,5.0,5.0,188.0,244.0,0.0,1551.0,22.219330176021497,92,4.77366513151884,Infinity,0.9422843256379106,0.0,7755.0,1,ID94291,94247,242,20.5365
94293,244,155,18.075780089153046,507.76077265973254,1345.9999999999993,0.5460464503785976,0.7827814569536424,1.516643471625572,25.568828318546927,16.858825951455614,1.4673863706737504,0.11193552367322003,0.014796750856503251,7.0,7.0,7.0,7.0,176.0,244.0,0.0,1346.0,20.698915594865884,96,4.797225547846314,Infinity,0.950900741787354,0.0,9422.0,1,ID94293,94261,242,14.5111
94294,244,105,1132.288331726133,670.6219864995178,1037.0,0.564029013464788,1.0,1.1577613898206502,19.83822172704642,17.134982995174486,0.7287553624386012,-0.5335657893266776,-0.12113943840507699,8.0,8.0,8.0,8.0,152.0,244.0,0.0,1037.0,18.16830624941662,82,4.72013271473848,Infinity,0.9312977099236641,0.0,8296.0,1,ID94294,94248,242,30.7883
94296,244,158,51.931985796230535,49.40590002731494,3661.0000000000045,0.3324479912357569,0.6972384911375192,1.8941525855322237,47.41092383486851,25.030150261916134,2.047572750488306,-0.15470688996393125,3.406067547863775,10.0,10.0,10.0,10.0,372.0,244.0,0.0,3661.0,34.13696666839131,200,6.148130474465961,Infinity,0.7204565581029233,0.0,36610.0,1,ID94296,94254,242,11.2182
94300,244,161,64.15948082947934,230.13053856482173,6702.999999999993,0.2784541561257833,0.9010618320577883,2.395704145759569,76.24670810268584,31.826429084594444,2.1863936599055016,0.8895897716613433,-1.2020121558544088,11.0,11.0,11.0,11.0,550.0,244.0,0.0,6703.0,46.191245567639186,380,6.717815619344544,Infinity,0.8425087983911506,0.0,73733.0,1,ID94300,94258,242,10.923
94304,244,271,280.65968586387436,826.0324607329843,954.9999999999999,0.5194288407510824,0.32042862080884893,1.4256379831146182,21.151940667386175,14.83682457812686,3.0877877051500784,-0.4169770818425011,-0.39878343511370384,12.0,12.0,12.0,12.0,152.0,244.0,0.0,955.0,17.435192608787553,88,4.918604492848359,Infinity,0.9339853300733493,0.0,11460.0,1,ID94304,94251,242,21.4889
106337,244,271,288.8333333333333,790.1666666666666,232.3521955581855,0.9999999999999999,0.07232337024028647,1.0,8.60000005364418,8.60000005364418,0.0,0.0,0.0,65504.0,63962.45487364621,65504.0,50160.0,54.03539397880077,244.0,0.0,-1.0,8.60000005364418,,3.544907701811032,2.6987449325997095,1.0,3197.025970055572,1.77176E7,1,ID106337,106325,242,32.9848
106339,244,274,256.8333333333333,790.1666666666666,232.3521955581855,0.9999999999999999,-0.09022821837580253,1.0,8.60000005364418,8.60000005364418,0.0,0.0,0.0,43824.0,31506.59927797834,30720.0,20496.0,54.03539397880077,244.0,0.0,-1.0,8.60000005364418,,3.544907701811032,-1.1449552356374109,1.0,5458.243891463181,8727328.0,1,ID106339,106327,242,17.8885
94319,246,127,941.0870138431114,73.76598549769281,1517.0,0.48625610197895275,1.0,1.9353682512605217,30.635392361741523,15.82923164198257,-0.26838537008273416,-0.1940903148680734,-0.09078840516257808,2.0,2.0,2.0,2.0,198.0,246.0,0.0,1517.0,21.974441911930562,114,5.083612043034658,Infinity,0.901634472511144,0.0,3034.0,1,ID94319,94286,244,13.6441
94320,246,149,15.42418772563177,95.75451263537906,1108.0000000000002,0.4706442212246473,0.721833721833722,1.8340418682074766,25.50470235263425,13.906281418516135,0.9750800180211789,-0.21835755324718217,0.34661939827853516,3.0,3.0,3.0,3.0,172.0,246.0,0.0,1108.0,18.779972148319075,116,5.167239205884543,Infinity,0.9593073593073597,0.0,3324.0,1,ID94320,94287,244,5.7475
94321,246,145,159.39546697928878,200.34075810863618,2559.000000000001,0.5582871944816863,0.8027474462839028,1.3811885883869996,33.56431322357291,24.301035720813832,1.3886008927493874,0.05110432284480623,-0.2898107612270785,4.0,4.0,4.0,4.0,240.0,246.0,0.0,2559.0,28.540409926003527,134,4.744343210294673,Infinity,0.9467258601553833,0.0,10236.0,1,ID94321,94289,244,9.3357
94322,246,266,852.519955654102,396.00443458980044,902.0,0.6128279787063134,0.617067049121549,1.0478239505698481,17.838260750810257,17.024100986725017,0.08758017140078045,0.14059883670555598,0.4453660964199509,5.0,5.0,5.0,5.0,136.0,246.0,0.0,902.0,16.94448338952177,66,4.528304675841783,Infinity,0.9509752240379546,0.0,4510.0,1,ID94322,94291,244,17.1828
94325,246,105,1131.5283400809717,688.8137651821862,988.0,0.5668176664986698,0.8001822046765867,1.2988816947910045,20.378989869133687,15.68964282956713,1.1418482500292217,-0.4341856258423831,-0.043484916767023415,8.0,8.0,8.0,8.0,148.0,246.0,0.0,988.0,17.733870630789692,84,4.708507246020756,Infinity,0.940952380952381,0.0,7904.0,1,ID94325,94294,244,18.2076
94327,246,161,75.88191356926907,226.73146007469322,5623.000000000005,0.3398194731289516,0.7054725965767206,2.008962027032837,63.77850822856432,31.746995398794482,-0.9041966370455448,-1.2861057245951426,0.785105751763847,10.0,10.0,10.0,10.0,456.0,246.0,0.0,5623.0,42.30669556951307,330,6.081081177211354,Infinity,0.9243794180503049,0.0,56230.0,1,ID94327,94300,244,12.2053
94328,246,310,18.76103896103896,265.96796536796535,2310.0000000000014,0.4499397997267299,0.44183847172309443,2.08928421574022,40.39050515573028,19.33222146199012,1.953013472909987,-2.1131910054867866,1.7311482880209166,11.0,11.0,11.0,11.0,254.0,246.0,0.0,2310.0,27.116338932174397,120,5.2847899039606405,Infinity,0.960099750623442,0.0,25410.0,1,ID94328,,,
94329,246,155,40.343020695728754,485.6686481726112,4542.000000000005,0.4260836045449209,0.7175269427112875,1.433813841556345,45.91991647814412,32.02641455065043,0.31515760079341776,-0.023687549154523965,1.1052843082350483,12.0,12.0,12.0,12.0,366.0,246.0,0.0,4542.0,38.02319690724043,204,5.430721358917561,Infinity,0.8731257208765869,0.0,54504.0,1,ID94329,94293,244,31.3671
106348,246,274,294.1666666666667,772.8333333333334,232.3521955581855,0.9999999999999999,-0.08174765906416276,1.0,8.60000005364418,8.60000005364418,0.0,0.0,0.0,59120.0,42310.35379061372,41584.0,27680.0,54.03539397880077,246.0,0.0,-1.0,8.60000005364418,,3.544907701811032,-1.0250665399153711,1.0,7349.162930084584,1.1719968E7,1,ID106348,106339,244,41.1609
106350,246,271,296.8333333333333,788.8333333333334,232.3521955581855,0.9999999999999999,0.07933179443164008,1.0,8.60000005364418,8.60000005364418,0.0,0.0,0.0,65504.0,64432.115523465705,65504.0,50864.0,54.03539397880077,246.0,0.0,-1.0,8.60000005364418,,3.544907701811032,3.2806540477576305,1.0,2887.1161657823645,1.7847696E7,1,ID106350,106337,244,8.1104
106352,246,271,294.1666666666667,819.5,232.3521955581855,0.9999999999999999,0.0033730401561883343,1.0,8.60000005364418,8.60000005364418,0.0,0.0,0.0,65504.0,46836.73646209386,46224.0,29760.0,54.03539397880077,246.0,0.0,-1.0,8.60000005364418,,3.544907701811032,0.031032735155952958,1.0,10147.420340736877,1.2973776E7,1,ID106352,94304,244,15.0037
107413,246,158,33.37169811320754,61.08490566037736,232.3521955581855,0.9999999999999999,-0.12354403974470766,1.0,8.60000005364418,8.60000005364418,0.0,0.0,0.0,32704.0,20163.17689530686,19888.0,12400.0,54.03539397880077,246.0,0.0,-1.0,8.60000005364418,,3.544907701811032,-1.298866898959593,1.0,4376.389891161919,5585200.0,1,ID107413,94296,244,21.9291
94307,248,127,917.1310741687979,46.95332480818414,1564.000000000001,0.5222075576803528,1.0,1.813377623353052,30.573757826765945,16.860116410961936,-0.2906253814194134,-0.4509843099132287,-0.5114666521324234,1.0,1.0,1.0,1.0,194.0,248.0,0.0,1564.0,22.312253628700283,106,4.905500853014483,Infinity,0.9312295325989883,0.0,1564.0,1,ID94307,94319,246,35.9556
94309,248,145,149.70054305663305,197.82467028704423,2578.0000000000045,0.6231937412245692,0.7319449109842122,1.1863659856263291,31.879498200001102,26.871554466533922,1.5025411948678409,0.9114626371779918,-0.3643807111537879,3.0,3.0,3.0,3.0,228.0,248.0,0.0,2578.0,28.646167048696302,118,4.490486452523241,Infinity,0.9684447783621353,0.0,7734.0,1,ID94309,94321,246,10.0161
94310,248,266,870.3429586850289,407.43758329631277,2251.0,0.5952129503602915,1.0,1.2518472086529886,30.057971727460195,24.010894875743777,0.15774897761647683,-0.17914666443327096,-0.3362046169617547,4.0,4.0,4.0,4.0,218.0,248.0,0.0,2251.0,26.767808162038836,128,4.594822574522023,Infinity,0.9702586206896552,0.0,9004.0,1,ID94310,94322,246,21.1749
94311,248,105,1126.7057877813504,711.3609324758843,1244.0000000000002,0.5956624388150744,1.0,1.2582663121084936,22.399427012807482,17.801817307873772,0.6971726050799838,-0.3725691105359877,0.013782124539532124,5.0,5.0,5.0,5.0,162.0,248.0,0.0,1244.0,19.899183360445615,84,4.593088614702315,Infinity,0.9521622655951016,0.0,6220.0,1,ID94311,94325,246,23.0571
94314,248,310,34.26054674316571,224.16199797502532,2963.0,0.21935477030319908,0.48108344528101477,4.2335954027740215,63.49117956549992,14.996988026748602,-1.002890741797826,0.47247203151760336,-0.8048366845643886,8.0,8.0,8.0,8.0,412.0,248.0,0.0,2963.0,30.710783004713047,294,7.56887599987285,Infinity,0.7531774275546517,0.0,23704.0,1,ID94314,94328,246,44.5867
94316,248,161,63.9349123461395,240.1072361059306,5362.0000000000055,0.27388819928051,0.6252315360522682,2.6571859387972037,70.07476836816353,26.371797074872163,-0.8058157288489268,2.330016708718514,-3.2522134344743105,9.0,9.0,9.0,9.0,496.0,248.0,0.0,5362.0,41.31316508956301,386,6.773580112611197,Infinity,0.8806043685334217,0.0,48258.0,1,ID94316,94327,246,17.9344
94317,248,155,63.750297872340425,489.615829787234,5875.000000000005,0.4030233391527655,0.8155129789864031,2.3519766980705885,67.35752389642713,28.638686748760282,0.4235831125217133,3.472889155381149,0.9582569094084156,10.0,10.0,10.0,10.0,428.0,248.0,0.0,5875.0,43.244312705022516,260,5.583928305337463,Infinity,0.8829275623685011,0.0,58750.0,1,ID94317,94329,246,23.7378
106362,248,274,263.5,764.8333333333334,232.3521955581855,0.9999999999999999,0.10308324442329363,1.0,8.60000005364418,8.60000005364418,0.0,0.0,0.0,65504.0,62853.660649819496,65504.0,43536.0,54.03539397880077,248.0,0.0,-1.0,8.60000005364418,,3.544907701811032,2.259246266826047,1.0,5199.682070862335,1.7410464E7,1,ID106362,106348,246,31.693
106364,248,271,231.5,784.8333333333334,232.3521955581855,0.9999999999999999,0.13432481841935126,1.0,8.60000005364418,8.60000005364418,0.0,0.0,0.0,65504.0,54724.06859205776,61552.0,21600.0,54.03539397880077,248.0,0.0,-1.0,8.60000005364418,,3.544907701811032,0.9676976778089847,1.0,13393.297113262286,1.5158567E7,1,ID106364,106352,246,71.6163
106366,248,271,276.8333333333333,792.8333333333334,232.3521955581855,0.9999999999999999,-0.030542984076366454,1.0,8.60000005364418,8.60000005364418,0.0,0.0,0.0,65504.0,47155.638989169674,45696.0,33184.0,54.03539397880077,248.0,0.0,-1.0,8.60000005364418,,3.544907701811032,-0.3556099072542723,1.0,8355.50466040613,1.3062112E7,1,ID106366,106350,246,20.3961
107407,248,158,13.356603773584904,87.25849056603774,232.3521955581855,0.9999999999999999,-0.043803452635538746,1.0,8.60000005364418,8.60000005364418,0.0,0.0,0.0,20608.0,13861.83393501805,13696.0,10736.0,54.03539397880077,248.0,0.0,-1.0,8.60000005364418,,3.544907701811032,-0.7694824518428727,1.0,1650.4909198993882,3839728.0,1,ID107407,107413,246,32.9494
94330,250,127,907.1510379384395,41.17895490336435,1397.0000000000002,0.47621581348360914,1.0,1.770482795653502,28.143349146540988,15.895861408894973,2.6470898437751296,-0.5576354711942634,-0.09649832415520326,1.0,1.0,1.0,1.0,192.0,250.0,0.0,1397.0,21.087411197175335,120,5.136922642058561,Infinity,0.9036222509702456,0.0,1397.0,1,ID94330,94307,248,11.5302
94331,250,145,155.15256166982923,204.49070208728654,2634.9999999999964,0.5561741898823632,0.6774535809018567,1.08610975073076,30.477536048610897,28.061193657551552,1.6727376182518205,0.566837988534788,-0.05531383550402,2.0,2.0,2.0,2.0,244.0,250.0,0.0,2635.0,28.961121354227416,144,4.753346968229811,Infinity,0.9442752194947127,0.0,5270.0,1,ID94331,94309,248,8.6116
94332,250,266,868.1489868891538,401.49821215733016,2517.0000000000014,0.6084478846633974,1.0,1.1514223965841694,30.58100891181566,26.559331312763966,2.3306105981369014,0.7176517899157302,0.16610628599362998,3.0,3.0,3.0,3.0,228.0,250.0,0.0,2517.0,28.305228907829054,128,4.544574624984174,Infinity,0.9671469740634014,0.0,7551.0,1,ID94332,94310,248,6.3316
94333,250,105,1143.4536500579375,716.1193511008112,1726.0,0.5532485379140887,1.0,1.453509273198781,28.314948468510323,19.480404418883943,0.26632280178617407,0.2689628758284694,-0.1488537474262273,4.0,4.0,4.0,4.0,198.0,250.0,0.0,1726.0,23.43934434990072,122,4.765898562471049,Infinity,0.9604897050639954,0.0,6904.0,1,ID94333,94311,248,17.4107
94335,250,158,21.757856434005955,127.38934832947403,3022.9999999999955,0.33251757962963235,0.46048446621485606,3.44384600462348,65.31188956099706,18.96481128172213,1.0958199992210356,-5.946802678968292,-8.178702516369832,6.0,6.0,6.0,6.0,338.0,250.0,0.0,3023.0,31.020167406601754,186,6.147487108614295,Infinity,0.8706797235023028,0.0,18138.0,1,ID94335,107407,248,41.0008
94337,250,310,44.47637318255251,225.2134491114701,4952.000000000002,0.28411802945022757,0.4087716327429133,2.7916243880306246,66.15200666341919,23.696600068065276,2.2748439091645634,1.998751051787692,-1.5010042219249005,7.0,7.0,7.0,7.0,468.0,250.0,0.0,4952.0,39.70227394472679,334,6.650518946797492,Infinity,0.8029836225068917,0.0,34664.0,1,ID94337,94314,248,10.2698
94338,250,161,61.335481004221286,260.7522772717174,4500.999999999997,0.26046360282575937,0.6216532684816141,3.8763647753883927,74.36916146619988,19.185284609534317,2.4487970918390283,1.272064344938358,-0.7091513571632495,8.0,8.0,8.0,8.0,466.0,250.0,0.0,4501.0,37.851192817575,370,6.945946121179554,Infinity,0.9196036367351105,0.0,36008.0,1,ID94338,94316,248,20.808
94339,250,155,120.48207826372904,501.31453469253535,6081.999999999987,0.5129578383079568,1.0,1.1240545297481794,47.469608475236754,42.23069897318177,1.2299132757520932,0.4616269594392051,-1.0463085521059887,9.0,9.0,9.0,9.0,386.0,250.0,0.0,6082.0,43.99955372239371,238,4.949531548057395,Infinity,0.9556131667845057,0.0,54738.0,1,ID94339,94317,248,57.9254
106377,250,271,259.5,744.8333333333334,232.3521955581855,0.9999999999999999,0.08891857806926748,1.0,8.60000005364418,8.60000005364418,0.0,0.0,0.0,65504.0,64001.96389891697,65504.0,45760.0,54.03539397880077,250.0,0.0,-1.0,8.60000005364418,,3.544907701811032,2.6959966361750665,1.0,3877.0468757744834,1.7728544E7,1,ID106377,106364,248,48.8262
106379,250,274,284.8333333333333,776.8333333333334,232.3521955581855,0.9999999999999999,-0.1296396616561782,1.0,8.60000005364418,8.60000005364418,0.0,0.0,0.0,45264.0,31843.87003610108,31648.0,24368.0,54.03539397880077,250.0,0.0,-1.0,8.60000005364418,,3.544907701811032,-2.45871274211928,1.0,3858.218712725097,8820752.0,1,ID106379,106362,248,24.4767
106381,250,271,262.1666666666667,796.8333333333334,232.3521955581855,0.9999999999999999,-0.027477143781717842,1.0,8.60000005364418,8.60000005364418,0.0,0.0,0.0,63008.0,47126.52707581227,46560.0,33808.0,54.03539397880077,250.0,0.0,-1.0,8.60000005364418,,3.544907701811032,-0.44194166586743844,1.0,6025.627118438369,1.3054048E7,1,ID106381,106366,248,15.2023
94382,252,127,901.7024147727273,32.125,1407.9999999999995,0.47012035883243997,1.0,2.2732988568058494,32.27026654073564,14.195347190768274,2.783826242324883,0.20148465505408755,-0.13750478661532903,1.0,1.0,1.0,1.0,194.0,252.0,0.0,1408.0,21.170269713604906,108,5.170117371623554,Infinity,0.9128038897893028,0.0,1408.0,1,ID94382,94330,250,10.567
94383,252,145,149.94648692810458,209.77696078431373,2448.0,0.5815212715302694,1.0,1.3511852704824363,32.297830409246345,23.90333221861907,0.9605882352381281,0.0028120624999969338,0.11186753615729161,2.0,2.0,2.0,2.0,230.0,252.0,0.0,2448.0,27.914558950087667,132,4.648599479863049,Infinity,0.961319458079717,0.0,4896.0,1,ID94383,94331,250,7.4194
94384,252,310,26.93193950177936,247.29670818505338,2247.999999999998,0.5731921341830898,0.2179880801878273,1.5047772219308893,32.841730557930696,21.82497852791065,2.470574238217804,0.13202407885532752,0.0864763129088537,3.0,3.0,3.0,3.0,222.0,252.0,0.0,2248.0,26.74996493719498,126,4.682252400766537,Infinity,0.9685480396380862,0.0,6744.0,1,ID94384,94337,250,28.2042
94385,252,266,860.5567544238239,395.2132067328442,2316.999999999998,0.6126647738715213,1.0,1.0872985789675484,28.490099625883552,26.202645875741432,-0.8993455019609637,0.0938624987238454,-0.5500183807883133,4.0,4.0,4.0,4.0,218.0,252.0,0.0,2317.0,27.157393215988947,128,4.528907772377741,Infinity,0.9743481917577791,0.0,9268.0,1,ID94385,94332,250,9.8561
94386,252,155,130.38937409024746,514.8457059679768,1374.0,0.532907198275602,1.0,1.3688021763308251,25.027492405333636,18.2842289690258,2.5829295795206635,-0.058457021120447775,-0.4392509024923732,5.0,5.0,5.0,5.0,180.0,252.0,0.0,1374.0,20.91310076522677,100,4.856005150965233,Infinity,0.9459552495697074,0.0,6870.0,1,ID94386,94339,250,16.7704
94387,252,105,1119.1881130986728,714.0311598384304,1733.000000000002,0.5786353564322583,1.0,1.3656986888566613,27.879130835941066,20.413822656065502,2.3063024031088593,-0.06047073133002891,0.2932259738570846,6.0,6.0,6.0,6.0,194.0,252.0,0.0,1733.0,23.486826791980857,108,4.660177391253012,Infinity,0.9614424410540926,0.0,10398.0,1,ID94387,94333,250,24.3552
94389,252,158,16.44795918367347,122.42091836734694,1960.0,0.36435039059384583,0.6891697787991957,2.9583781013060055,54.80504083698883,18.52536726552789,1.01530699512216,-9.255422743481551,-9.903068788060539,8.0,8.0,8.0,8.0,260.0,252.0,0.0,1960.0,24.977737626138797,144,5.872801368884133,Infinity,0.8925318761384335,0.0,15680.0,1,ID94389,94335,250,7.2719
94390,252,161,18.017006802721088,295.43197278911566,1176.0,0.3769526538742574,0.6568566061365059,2.369821259516767,32.43301476691834,13.685848515652102,2.386015306205797,-3.6051041411874007,2.3189651475261983,9.0,9.0,9.0,9.0,198.0,252.0,0.0,1176.0,19.347672370394786,116,5.773797250846062,Infinity,0.8925996204933588,0.0,10584.0,1,ID94390,94338,250,55.4903
106392,252,271,255.5,754.1666666666666,232.3521955581855,0.9999999999999999,0.10018238470252366,1.0,8.60000005364418,8.60000005364418,0.0,0.0,0.0,65504.0,62499.75451263538,65504.0,40048.0,54.03539397880077,252.0,0.0,-1.0,8.60000005364418,,3.544907701811032,1.8448094728741982,1.0,6169.975867083058,1.7312432E7,1,ID106392,106377,250,10.1544
106394,252,274,282.1666666666667,788.8333333333334,232.3521955581855,0.9999999999999999,-0.12085925083224479,1.0,8.60000005364418,8.60000005364418,0.0,0.0,0.0,60160.0,35757.86281588447,33776.0,21424.0,54.03539397880077,252.0,0.0,-1.0,8.60000005364418,,3.544907701811032,-1.089088697947266,1.0,9027.339707715868,9904928.0,1,ID106394,106379,250,12.2927
106396,252,271,259.5,800.8333333333334,232.3521955581855,0.9999999999999999,0.07256620405068472,1.0,8.60000005364418,8.60000005364418,0.0,0.0,0.0,64736.0,51241.47292418773,51504.0,36960.0,54.03539397880077,252.0,0.0,-1.0,8.60000005364418,,3.544907701811032,1.1094582070390508,1.0,6249.581710943879,1.4193888E7,1,ID106396,106381,250,4.8074
94400,254,127,901.412658227848,26.876582278481013,1580.0000000000007,0.5168384415526734,0.9983136593591905,2.0230564813814205,32.23855683140551,15.935569336844114,-0.22719749898805733,-0.048488511834180924,-0.010921020759410439,1.0,1.0,1.0,1.0,196.0,254.0,0.0,1580.0,22.426092396366993,104,4.9309151331809495,Infinity,0.9427207637231507,0.0,1580.0,1,ID94400,94382,252,5.2564
94401,254,145,184.9623878536922,217.49413388543823,2898.0000000000036,0.6017803893253507,0.9972432804962095,1.196977749620739,33.24622190046025,27.775137767593655,1.0541920664113364,-0.041326899073373655,0.08162160709370604,2.0,2.0,2.0,2.0,246.0,254.0,0.0,2898.0,30.372060354224022,146,4.56968134311789,Infinity,0.9755933344554801,0.0,5796.0,1,ID94401,94383,252,35.8562
94402,254,310,99.98639455782313,214.8626700680272,2351.999999999998,0.5685615513421967,1.0,1.3841154254045374,32.13677657263111,23.218277885486646,2.2737788535450125,0.007903932894997764,0.056480653590911666,3.0,3.0,3.0,3.0,228.0,254.0,0.0,2352.0,27.361740666563506,142,4.70128076340124,Infinity,0.9671052631578944,0.0,7056.0,1,ID94402,94384,252,79.9307
94403,254,266,860.2679516250945,403.5604686318972,2646.0,0.5870103920202382,1.0,1.1104367269850475,30.865526359221207,27.79584429184395,-1.1245703253164123,1.0061166452851733,-0.01916744000269619,4.0,4.0,4.0,4.0,238.0,254.0,0.0,2646.0,29.02150855559218,140,4.626813958590447,Infinity,0.9704749679075741,0.0,10584.0,1,ID94403,94385,252,8.3523
94404,254,155,110.2384,547.288,624.9999999999998,0.4947078378668733,1.0,2.5326195727942578,22.7888182346474,8.998121344179745,1.7807094213120203,-5.471343144714668E-4,-0.3240455336058091,5.0,5.0,5.0,5.0,126.0,254.0,0.0,625.0,14.104739588693905,62,5.040000000000001,Infinity,0.9426847662141773,0.0,3125.0,1,ID94404,94386,252,38.1912
94405,254,105,1132.634172469202,718.2506695232994,1867.0000000000014,0.5749782848987499,1.0,1.4904818415488843,30.14435413576527,20.224569864225753,2.318064759948621,0.027481707072109344,0.6516442216928415,6.0,6.0,6.0,6.0,202.0,254.0,0.0,1867.0,24.377952282854636,118,4.674974114080981,Infinity,0.9683609958506232,0.0,11202.0,1,ID94405,94387,252,14.0926
94407,254,169,17.766410140334994,30.880036215482118,2209.000000000001,0.47399618685744527,0.2462916382613601,2.5066145304808027,48.75999077962564,19.452528574576167,-1.2056543540964306,-0.9841823146081261,-3.396882997309887,8.0,8.0,8.0,8.0,242.0,254.0,0.0,2209.0,26.516910426744552,96,5.148936170212766,Infinity,0.9673746441865562,0.0,17672.0,1,ID94407,,,
94408,254,158,23.379093886462883,134.542576419214,3664.0000000000036,0.3716036764835038,0.4830227712234098,2.723501031606335,67.32310348967167,24.71932366038582,1.0185465853298694,-7.4267482011394925,-5.969097915407315,9.0,9.0,9.0,9.0,352.0,254.0,0.0,3664.0,34.15095054280935,190,5.815203684004787,Infinity,0.8973793779084014,0.0,32976.0,1,ID94408,94389,252,13.9634
106406,254,271,239.5,776.8333333333334,232.3521955581855,0.9999999999999999,0.09172297233456717,1.0,8.60000005364418,8.60000005364418,0.0,0.0,0.0,65504.0,65093.429602888085,65504.0,53008.0,54.03539397880077,254.0,0.0,-1.0,8.60000005364418,,3.544907701811032,6.140737652546358,1.0,1781.198320254374,1.803088E7,1,ID106406,106392,252,27.7449
106408,254,274,283.5,790.1666666666666,232.3521955581855,0.9999999999999999,-0.18944609299503778,1.0,8.60000005364418,8.60000005364418,0.0,0.0,0.0,41744.0,26214.584837545128,25456.0,19408.0,54.03539397880077,254.0,0.0,-1.0,8.60000005364418,,3.544907701811032,-3.1927001323200885,1.0,3838.1204437567826,7261440.0,1,ID106408,106394,252,1.8856
106410,254,271,267.5,815.5,232.3521955581855,0.9999999999999999,0.006530868425970819,1.0,8.60000005364418,8.60000005364418,0.0,0.0,0.0,65504.0,47562.45487364621,47840.0,26272.0,54.03539397880077,254.0,0.0,-1.0,8.60000005364418,,3.544907701811032,0.060021751842612076,1.0,10283.227090803544,1.31748E7,1,ID106410,106396,252,16.7066
94364,256,127,933.5274193548387,13.406451612903226,1239.9999999999998,0.526713749384984,0.7799043062200958,2.224935664432723,29.90880132091731,13.442546586416897,0.10042820778132794,0.14574622423685668,-0.32727241297964954,1.0,1.0,1.0,1.0,172.0,256.0,0.0,1240.0,19.867165345562018,82,4.884471774524758,Infinity,0.9560524286815727,0.0,1240.0,1,ID94364,94400,254,34.8253
94366,256,310,88.27970749542962,188.87812309567337,1641.0000000000002,0.5155353544540852,0.9311562224183583,1.400316818645796,27.273395192227994,19.47658903261854,0.6823626521712002,0.10048055744447969,0.35004207998315423,2.0,2.0,2.0,2.0,200.0,256.0,0.0,1641.0,22.85490151428355,126,4.937142986113124,Infinity,0.9480069324090122,0.0,3282.0,1,ID94366,94402,254,28.4999
94369,256,145,196.87399193548387,216.6391129032258,2976.0000000000055,0.579662703024567,1.0,1.2053674088837512,33.67895172000037,27.94081826983299,0.8382749477576869,-0.09821124692813234,0.1509439429570534,3.0,3.0,3.0,3.0,254.0,256.0,0.0,2976.0,30.778080207884358,160,4.656045901927963,Infinity,0.971913781841935,0.0,8928.0,1,ID94369,94401,254,11.9423
94370,256,266,866.6078728236184,397.0344436033308,2641.9999999999955,0.5763949854711263,1.0,1.1588584088761684,31.151219588270813,26.88095400583103,-1.105331134490539,0.3172388304325113,0.23467968721321844,4.0,4.0,4.0,4.0,240.0,256.0,0.0,2642.0,28.99956412254456,154,4.66922535384578,Infinity,0.9713235294117629,0.0,10568.0,1,ID94370,94403,254,9.0985
94372,256,155,130.065625,573.7270833333333,959.9999999999998,0.47123889803846886,1.0,1.9952930356174314,24.607175814849573,12.332612491295059,-0.9882750102882292,-0.039987824395271175,0.11295671269591971,5.0,5.0,5.0,5.0,160.0,256.0,0.0,960.0,17.480774889473263,102,5.163977794943223,Infinity,0.9177820267686422,0.0,4800.0,1,ID94372,94404,254,33.0476
94373,256,105,1138.3560767590618,732.72921108742,1876.0000000000011,0.5147722786386981,1.0,1.8024546078066954,32.69298392988376,18.13803453817125,-0.9471406244430667,0.35263553483589477,-0.24638369553829423,6.0,6.0,6.0,6.0,214.0,256.0,0.0,1876.0,24.43663942690958,138,4.940800932973827,Infinity,0.9660144181256444,0.0,11256.0,1,ID94373,94405,254,15.5682
94378,256,169,29.981220657276996,30.063518365092516,3620.9999999999977,0.5485969810305089,0.2317373926354282,1.6077407076242056,48.049706163948734,29.88647730077872,1.791514150504292,0.8650518192259249,-7.764906591731056,8.0,8.0,8.0,8.0,288.0,256.0,0.0,3621.0,33.949964622536875,146,4.78606095376874,Infinity,0.9689590580679682,0.0,28968.0,1,ID94378,94407,254,12.2421
94381,256,158,22.044679600235156,113.63521457965902,3402.000000000001,0.3698165469727502,0.43601528973102277,2.856391196017422,57.54616319028266,20.146457274660943,1.2141030680197185,-0.6012734780564137,-1.334792579839593,9.0,9.0,9.0,9.0,340.0,256.0,0.0,3402.0,32.90729756144154,172,5.829237665234583,Infinity,0.909625668449198,0.0,30618.0,1,ID94381,94408,254,20.9499
106421,256,271,247.5,807.5,232.3521955581855,0.9999999999999999,0.05867720304725003,1.0,8.60000005364418,8.60000005364418,0.0,0.0,0.0,65504.0,60281.12635379061,65504.0,39120.0,54.03539397880077,256.0,0.0,-1.0,8.60000005364418,,3.544907701811032,0.9038980526216497,1.0,7392.609164764692,1.6697872E7,1,ID106421,106406,254,31.693
106423,256,274,294.1666666666667,792.8333333333334,232.3521955581855,0.9999999999999999,-0.11049836730458996,1.0,8.60000005364418,8.60000005364418,0.0,0.0,0.0,63296.0,35094.12274368231,33568.0,20400.0,54.03539397880077,256.0,0.0,-1.0,8.60000005364418,,3.544907701811032,-0.8569479742976657,1.0,10174.639752164627,9721072.0,1,ID106423,106408,254,10.9949
106425,256,271,282.1666666666667,824.8333333333334,232.3521955581855,0.9999999999999999,-0.1757057222294514,1.0,8.60000005364418,8.60000005364418,0.0,0.0,0.0,65504.0,34300.30324909747,31504.0,19840.0,54.03539397880077,256.0,0.0,-1.0,8.60000005364418,,3.544907701811032,-1.4996675569830293,1.0,9750.717620288537,9501184.0,1,ID106425,106410,254,17.3845
94447,258,127,955.3959731543624,14.354586129753915,893.9999999999998,0.589914688575777,0.7558101472995089,1.4909241087137781,20.66378330237084,13.859715046259137,0.39745462481381866,-0.14593929514173345,-0.008210431607500217,1.0,1.0,1.0,1.0,138.0,258.0,0.0,894.0,16.869174201729876,74,4.615410428425494,Infinity,0.9592274678111583,0.0,894.0,1,ID94447,94364,256,21.8891
94448,258,169,15.173139158576053,15.309061488673139,618.0000000000002,0.43250261971897813,0.5347682119205298,1.450998694722358,16.894605470387198,11.643432576360727,0.8501565432464137,0.19564527143914348,0.10047153365695717,2.0,2.0,2.0,2.0,134.0,258.0,0.0,618.0,14.025530637433391,74,5.390270510951168,Infinity,0.9088235294117651,0.0,1236.0,1,ID94448,94378,256,20.9039
94449,258,158,29.755085435313262,97.90886899918632,1228.9999999999998,0.56046122387311,0.9711307137129112,1.2374786832815163,22.191909975762858,17.93316545616356,0.2956666761634932,-0.014646994969337598,0.6789751377841009,3.0,3.0,3.0,3.0,166.0,258.0,0.0,1229.0,19.77884855394466,104,4.7351326146965755,Infinity,0.9553050913330741,0.0,3687.0,1,ID94449,94381,256,17.5148
94450,258,310,105.05964623611682,202.32579185520362,2431.0,0.55790866687682,1.0,1.4195807242690799,33.21045116822113,23.394549249970037,2.0533279620150493,0.14421230483237557,-0.08808819187482166,4.0,4.0,4.0,4.0,234.0,258.0,0.0,2431.0,27.817464537818594,142,4.745952398741794,Infinity,0.9658323400874053,0.0,9724.0,1,ID94450,94366,256,21.5036
94451,258,145,187.9838543455857,219.57402954311235,2910.999999999998,0.5581772591918873,0.755059386241685,1.2257198567837864,33.819548063072446,27.591580470771568,1.184268678633918,0.061272023175624295,-0.12388743684134411,5.0,5.0,5.0,5.0,256.0,258.0,0.0,2911.0,30.440106417044834,152,4.7448103961736185,Infinity,0.9514626572969438,0.0,14555.0,1,ID94451,94369,256,9.3621
94452,258,266,871.3040800615859,395.03464203233256,2598.000000000006,0.576361677425768,1.0,1.1216770315169875,30.4733301721123,27.167651040245794,-0.4285883139668437,0.4088996672849282,-0.16783998004067688,6.0,6.0,6.0,6.0,238.0,258.0,0.0,2598.0,28.757070162057367,146,4.6693602695845495,Infinity,0.9701269604182248,0.0,15588.0,1,ID94452,94370,256,5.1043
94453,258,155,100.98468899521531,596.9177033492823,1044.9999999999993,0.5995186857197464,1.0,1.1491582489234846,19.780722828263453,17.213227896848636,2.414882499012479,-0.06009482700762744,-0.5877898574970906,7.0,7.0,7.0,7.0,148.0,258.0,0.0,1045.0,18.238251864201818,88,4.578292864184122,Infinity,0.9653579676674361,0.0,7315.0,1,ID94453,94372,256,37.1955
94454,258,105,1127.0920411478073,750.0216567406605,1847.0,0.5068147114315965,1.0,1.8507982669276266,32.89296221590962,17.77231090156184,-0.9916221656861154,0.14918461529122906,-0.34118118043212087,8.0,8.0,8.0,8.0,214.0,258.0,0.0,1847.0,24.247027854594084,140,4.979437958468955,Infinity,0.9632333767926988,0.0,14776.0,1,ID94454,94373,256,20.6375
106440,258,271,243.5,794.1666666666666,232.3521955581855,0.9999999999999999,0.0521605220756912,1.0,8.60000005364418,8.60000005364418,0.0,0.0,0.0,65504.0,53574.238267148015,52336.0,37152.0,54.03539397880077,258.0,0.0,-1.0,8.60000005364418,,3.544907701811032,0.6943253897891752,1.0,7650.377769462543,1.4840064E7,1,ID106440,106421,256,13.9204
106442,258,274,287.5,803.5,232.3521955581855,0.9999999999999999,-0.15419106383294928,1.0,8.60000005364418,8.60000005364418,0.0,0.0,0.0,46432.0,33268.50541516246,33312.0,21200.0,54.03539397880077,258.0,0.0,-1.0,8.60000005364418,,3.544907701811032,-1.9796522368509881,1.0,6127.189565821681,9215376.0,1,ID106442,106423,256,12.5786
106444,258,271,274.1666666666667,827.5,232.3521955581855,0.9999999999999999,-0.2946604967010837,1.0,8.60000005364418,8.60000005364418,0.0,0.0,0.0,39584.0,23989.487364620938,23472.0,16016.0,54.03539397880077,258.0,0.0,-1.0,8.60000005364418,,3.544907701811032,-4.246350127147981,1.0,4720.18338319979,6645088.0,1,ID106444,106425,256,8.4327
94420,260,127,957.0375234521576,14.916510318949344,1065.9999999999993,0.5953667144403053,0.7380434782608696,1.4488491903584393,22.54321149324204,15.559391303980329,0.5313949252956234,0.05200497463953618,-0.5908637311650002,1.0,1.0,1.0,1.0,150.0,260.0,0.0,1066.0,18.420595502641074,76,4.594229188737668,Infinity,0.9642695612844865,0.0,1066.0,1,ID94420,94447,258,1.7351
94421,260,158,32.45355587808418,134.677793904209,1377.9999999999995,0.571953319678522,0.5721620079863092,1.218615709468108,23.149908270008705,18.996889741486264,0.7030817649496599,-0.04255024746077631,0.3069388045402201,2.0,2.0,2.0,2.0,174.0,260.0,0.0,1378.0,20.943519836963016,110,4.687320388431179,Infinity,0.9636363636363632,0.0,2756.0,1,ID94421,94449,258,36.8678
94422,260,310,100.49936575052854,190.70190274841437,2364.999999999998,0.5717041109372003,1.0,1.4810962556108738,33.706961405828,22.758116684270234,2.1063454633194043,0.6651977152582135,0.18604951378428072,3.0,3.0,3.0,3.0,228.0,260.0,0.0,2365.0,27.43725352189363,128,4.688341890570192,Infinity,0.9710531718332984,0.0,7095.0,1,ID94422,94450,258,12.4864
94423,260,145,175.48347425057648,223.31014604150653,2601.9999999999986,0.587074409985682,0.997505037904232,1.2176020337867877,31.702496687990426,26.036829611227308,1.109422690751701,-0.060673113468218715,0.4669551345382387,4.0,4.0,4.0,4.0,236.0,260.0,0.0,2602.0,28.779199499816233,136,4.6265616845291575,Infinity,0.9606793428096727,0.0,10408.0,1,ID94423,94451,258,13.0468
94424,260,266,866.7704154727794,405.7299426934097,2791.9999999999995,0.5613649080846528,1.0,1.398401322396471,35.35210890476475,25.280374337876815,2.017659616332676,0.36498235245676414,0.5340902004620574,5.0,5.0,5.0,5.0,250.0,260.0,0.0,2792.0,29.81142737651358,150,4.731319775652904,Infinity,0.960936155567028,0.0,13960.0,1,ID94424,94452,258,11.6165
94425,260,155,85.71951219512195,579.6857410881801,1066.0000000000002,0.5648402375993794,1.0,1.80985056547912,24.899982721688556,13.758032401474432,2.9242068670653483,0.03181143809711145,-0.04472614808324042,6.0,6.0,6.0,6.0,154.0,260.0,0.0,1066.0,18.420595502641085,82,4.716741967104004,Infinity,0.961659900766802,0.0,6396.0,1,ID94425,94453,258,23.021
94426,260,105,1108.8025477707006,765.8970276008492,1884.0000000000018,0.48037988469792836,1.0,2.055814802297282,34.91955975566999,16.985751691567216,-0.996463108781504,0.0011915276358680333,-0.12198833311144862,7.0,7.0,7.0,7.0,222.0,260.0,0.0,1884.0,24.488687706168786,150,5.114610021183411,Infinity,0.9563451776649754,0.0,13188.0,1,ID94426,94454,258,24.2184
94427,260,169,16.454817474566127,54.80939557151407,3342.0,0.5063272882087716,0.3949702598351247,2.327638033442111,55.171938968548574,23.702971929428525,1.43410464703733,-3.5296130159956025,-1.9921018892287263,8.0,8.0,8.0,8.0,288.0,260.0,0.0,3342.0,32.615818855675364,80,4.981834145595277,Infinity,0.9791971872253152,0.0,26736.0,1,ID94427,94448,258,39.5211
94428,262,127,967.4593837535014,17.348272642390288,1070.9999999999993,0.5674895820534097,0.7367567567567567,1.524699348941326,23.044414563885876,15.11407122977179,0.8017444254434493,-0.3062273721761812,-0.2952661627568408,1.0,1.0,1.0,1.0,154.0,262.0,0.0,1071.0,18.463745234996058,92,4.705718951411486,Infinity,0.9670428893905185,0.0,1071.0,1,ID94428,94420,260,10.7018
94429,262,158,27.82460732984293,158.14921465968587,1146.0,0.5226107099744379,0.393030794165316,1.4549133250756294,23.316346672915753,16.02593520249993,0.6194307038962106,0.19904094713093146,0.6429960336323925,2.0,2.0,2.0,2.0,166.0,262.0,0.0,1146.0,19.099296572560576,114,4.903608387519347,Infinity,0.954204829308909,0.0,2292.0,1,ID94429,94421,260,23.9235
94430,262,310,105.51056051990251,180.90454914703494,2462.0,0.5461903194080976,1.0,1.5579801790080847,35.60493325434025,22.853264588390818,2.0998034821343436,0.05725712577553161,1.5025823983705804,3.0,3.0,3.0,3.0,238.0,262.0,0.0,2462.0,27.994266194785187,138,4.796593700655006,Infinity,0.9619066223871852,0.0,7386.0,1,ID94430,94422,260,11.0046
94431,262,145,179.62581580855692,227.67005076142132,2757.9999999999973,0.6017022596250444,0.9972843305874899,1.0896001668719855,31.60712796183282,29.00800580140354,0.42533022456171443,1.0235105415142498,-0.5267691790341136,4.0,4.0,4.0,4.0,240.0,262.0,0.0,2758.0,29.629354803891594,126,4.569978014967677,Infinity,0.9601392515230628,0.0,11032.0,1,ID94431,94423,260,6.014
94432,262,266,862.8930789707188,411.88864241348716,2254.000000000001,0.5354366609596519,1.0,1.2479051511883719,29.664981331002206,23.771823766215277,0.28067949039931306,-0.24181644613178,-0.2855260450255436,5.0,5.0,5.0,5.0,230.0,262.0,0.0,2254.0,26.78563950064035,146,4.844521416518048,Infinity,0.9413238671956567,0.0,11270.0,1,ID94432,94424,260,7.2776
94433,262,155,91.47689075630252,572.4800420168067,951.9999999999998,0.5769282805203476,1.0,1.9545741455598686,24.689267956908886,12.631533069745423,3.0178826006886768,0.16419141587353123,0.14781006013427156,6.0,6.0,6.0,6.0,144.0,262.0,0.0,952.0,17.407785949022024,66,4.6670668095755845,Infinity,0.9655172413793102,0.0,5712.0,1,ID94433,94425,260,9.2233
94434,262,105,1102.2083775185579,776.440084835631,1885.9999999999986,0.4896730367496153,1.0,1.9111918092872824,33.73620403084955,17.651919533618337,-0.8808822874533135,0.21980869005057618,-0.2209539704325119,7.0,7.0,7.0,7.0,220.0,262.0,0.0,1886.0,24.50168250024126,150,5.065844289643546,Infinity,0.9566320060867352,0.0,13202.0,1,ID94434,94426,260,12.4354
94435,262,169,18.066272965879264,89.55807086614173,3047.999999999996,0.45543754616607257,0.6550600692323356,2.1630588445228187,48.92956189319931,22.620541284438985,1.30398775409598,-2.6085425429518425,-1.5403453395701554,8.0,8.0,8.0,8.0,290.0,262.0,0.0,3048.0,31.14817062185503,134,5.252795781016087,Infinity,0.9730247406225045,0.0,24384.0,1,ID94435,94427,260,34.786
94436,264,127,982.5392022008253,15.830811554332875,726.9999999999992,0.5087854442325189,0.7468962755306369,2.0165807220774217,21.934161885656945,10.876907453057976,0.9315558836454716,-0.31813440500678647,-0.4743979641312878,1.0,1.0,1.0,1.0,134.0,264.0,0.0,727.0,15.212208493693991,78,4.969784908400306,Infinity,0.9453836150845243,0.0,727.0,1,ID94436,94428,262,15.156
94437,264,169,7.876944837340877,45.08769448373409,707.0000000000002,0.453286940017956,0.71671388101983,2.3623528354377665,23.647582557332136,10.0101823074833,1.6876736534647336,-0.6026354203094696,0.15474621692031254,2.0,2.0,2.0,2.0,140.0,264.0,0.0,707.0,15.00150290910681,62,5.265241901112209,Infinity,0.9272131147540988,0.0,1414.0,1,ID94437,94435,262,45.6228
94438,264,310,128.0804224207961,151.26320064987814,1231.0000000000005,0.46700888257082923,0.5721583652618135,1.6756080403889433,26.534360075857208,15.835660510257538,2.922296927855356,0.13189989530674848,0.5908211517910286,3.0,3.0,3.0,3.0,182.0,264.0,0.0,1231.0,19.794935460673937,102,5.187311896504447,Infinity,0.9024926686217012,0.0,3693.0,1,ID94438,94430,262,37.256
94439,264,158,27.492957746478872,158.593896713615,1278.0000000000016,0.5304472732577303,0.8994302700024771,1.4065268598104572,23.87099047682952,16.97158522806053,0.5216122675139763,0.10189119548326224,0.3538784021889777,4.0,4.0,4.0,4.0,174.0,264.0,0.0,1278.0,20.16928443308996,118,4.867251878120793,Infinity,0.954800149420995,0.0,5112.0,1,ID94439,94429,262,0.5547
94442,264,145,189.48468345813478,221.41763104152486,2938.0000000000005,0.6201289449238655,0.9984883984581663,1.109277192734578,32.58297360542292,29.373157420734245,0.7986636837562009,0.3475813943560206,-0.31750812030579145,6.0,6.0,6.0,6.0,244.0,264.0,0.0,2938.0,30.580949063231788,130,4.501569199209948,Infinity,0.9714002314432143,0.0,17628.0,1,ID94442,94431,262,11.6743
94443,264,266,866.8941669577366,410.1096751659099,2862.9999999999986,0.5756403051025647,1.0,1.1220310925743067,31.88939385775959,28.421132060248777,-1.2168821991272256,0.19591125503866358,-0.02475307422319125,7.0,7.0,7.0,7.0,250.0,264.0,0.0,2863.0,30.188097060666017,160,4.672285093144167,Infinity,0.9703440094899165,0.0,20041.0,1,ID94443,94432,262,4.3787
94444,264,155,147.87196896217264,550.9650824442289,1030.9999999999998,0.5607655861930533,1.0,1.2944588828888968,20.66124122199483,15.961295870506364,0.4405572200625538,-0.18805530338209417,0.11554619857678382,8.0,8.0,8.0,8.0,152.0,264.0,0.0,1031.0,18.115669809738975,98,4.733847414968678,Infinity,0.9586238958623894,0.0,8248.0,1,ID94444,94433,262,60.3597
94445,264,105,1101.4900398406373,787.2060330108139,1756.999999999999,0.5006601625720875,1.0,1.8535567239161281,32.07182737124292,17.302857235187663,-0.8697286141217123,0.5141210228100069,-0.46247116304974295,9.0,9.0,9.0,9.0,210.0,264.0,0.0,1757.0,23.64889997494429,134,5.009950258597934,Infinity,0.9538545059717694,0.0,15813.0,1,ID94445,94434,262,10.7899
94446,264,174,33.923314065510596,254.42157996146435,2595.000000000001,0.3772702548042721,0.7072368421052632,2.507966689789916,50.10809162298643,19.979568240271888,-0.25601122464707654,-6.416887622671076,0.9208823166180347,10.0,10.0,10.0,10.0,294.0,264.0,0.0,2595.0,28.74046197692266,140,5.771366434409724,Infinity,0.8740316604917481,0.0,25950.0,1,ID94446,,,
94523,266,127,991.5394285714285,20.449142857142856,875.0000000000002,0.47591647712795526,0.7258382642998028,2.0329775351278503,25.07015295033449,12.331741259874706,1.512597815032597,0.6030552342248978,-1.5575666299591153,1.0,1.0,1.0,1.0,152.0,266.0,0.0,875.0,16.688952945311367,70,5.13853786874938,Infinity,0.8728179551122197,0.0,875.0,1,ID94523,94436,264,10.116
94524,266,310,140.41908893709328,138.63687635574837,2305.0000000000005,0.5028729907308663,1.0,1.7602539240760144,35.62573686516006,20.23897596698191,-0.9582643784446108,-0.1646915771899893,0.13913218608811168,2.0,2.0,2.0,2.0,240.0,266.0,0.0,2305.0,27.086976347566697,142,4.99891528364056,Infinity,0.9385179153094466,0.0,4610.0,1,ID94524,94438,264,17.6541
94525,266,158,25.630671506352087,163.1288566243194,1102.0,0.5547244198455299,0.07477243172951889,1.422672470395332,22.5005790130259,15.815712668407397,0.10317960202802798,-0.42152139019778556,0.15248097965539117,3.0,3.0,3.0,3.0,158.0,266.0,0.0,1102.0,18.72905482330962,94,4.759554341717346,Infinity,0.9549393414211439,0.0,3306.0,1,ID94525,94439,264,4.9024
94526,266,145,195.20602848625373,219.39450149055978,3019.000000000002,0.6070059661560058,1.0,1.087743928732271,32.70108833884762,30.063223039047102,0.7924095310407699,0.5227460367406309,-0.28141481560477066,4.0,4.0,4.0,4.0,250.0,266.0,0.0,3019.0,30.99963784286624,138,4.5499691513137295,Infinity,0.9682488774855684,0.0,12076.0,1,ID94526,94442,264,6.0685
94527,266,266,861.8295454545455,416.4176136363636,2463.9999999999977,0.6062247864707685,1.0,1.1946202358289364,30.62117260005589,25.632558098103978,-1.2326917902420462,0.18541214402196338,0.07948778977275868,5.0,5.0,5.0,5.0,226.0,266.0,0.0,2464.0,28.005634425180578,132,4.5528997467434005,Infinity,0.973335966818091,0.0,12320.0,1,ID94527,94443,264,8.0895
94528,266,155,170.12316715542522,574.6099706744868,1704.9999999999995,0.5465172405234768,1.0,1.595472504273981,29.440475992574946,18.452512289437305,0.6697928749193808,-0.19042435642443098,-0.5655628704294346,6.0,6.0,6.0,6.0,198.0,266.0,0.0,1705.0,23.296316359960496,116,4.79515884899518,Infinity,0.9632768361581917,0.0,10230.0,1,ID94528,94444,264,32.4684
94529,266,105,1085.7158529895776,818.6390565002743,1823.0,0.5194669757364347,1.0,1.7738907678861005,32.00437447389083,18.041908246712175,-0.934288710259434,0.1340424770676179,-0.22450846619040568,7.0,7.0,7.0,7.0,210.0,266.0,0.0,1823.0,24.08897927503468,138,4.918423947826583,Infinity,0.9663397826663134,0.0,12761.0,1,ID94529,94445,264,35.169
94530,266,169,35.46550551095387,97.16573683494353,7348.999999999997,0.3337848517577438,0.5735493540789379,2.48591587259788,79.89055644616943,32.13727275600869,1.299541055528091,2.7987666769300925,0.9226922951384724,8.0,8.0,8.0,8.0,526.0,266.0,0.0,7349.0,48.365890393589126,286,6.135806009796021,Infinity,0.8158303730017759,0.0,58792.0,1,ID94530,94437,264,58.9343
94531,266,174,48.12943901183736,245.20380854348946,3885.999999999999,0.4079063467489703,0.7052585387259562,3.1516444711559473,70.79911772714597,22.464182865518,-0.2291315067410543,-8.68785376788338,0.18802185590687145,9.0,9.0,9.0,9.0,346.0,266.0,0.0,3886.0,35.1703314984407,138,5.550405344236758,Infinity,0.8436821537125485,0.0,34974.0,1,ID94531,94446,264,16.9346
94496,268,127,999.2998352553542,46.30313014827018,606.9999999999998,0.5668688289919749,0.8586374075019138,1.3541140220981684,16.433728255141293,12.136148054709315,1.2154542586116022,-0.1127250292304587,-0.19109420049340575,2.0,2.0,2.0,2.0,116.0,268.0,0.0,607.0,13.900147514093542,62,4.708294759115555,Infinity,0.9447470817120619,0.0,1214.0,1,ID94496,94523,266,26.9936
94497,268,169,38.65390625,95.6671875,1279.9999999999995,0.5076680465338889,1.0,1.4961784660438409,24.678219848928727,16.494168582831087,1.3463340121166685,-0.10463963182495904,0.05824282475075283,3.0,3.0,3.0,3.0,178.0,268.0,0.0,1280.0,20.185060176161276,108,4.975251249937033,Infinity,0.9312477264459802,0.0,3840.0,1,ID94497,94530,266,3.523
94498,268,310,159.64165733482642,122.63568495707354,2678.999999999998,0.5654613490303043,1.0,1.5304665155499784,36.329834304235334,23.73775181300199,2.0317305768322944,-0.03040942944100329,0.6971781263947362,4.0,4.0,4.0,4.0,244.0,268.0,0.0,2679.0,29.201920914322994,140,4.714150784448285,Infinity,0.9673226214118067,0.0,10716.0,1,ID94498,94524,266,25.0109
94499,268,158,45.69961612284069,199.1285988483685,1042.0000000000005,0.5380571244313882,0.8933979406420351,1.393015004626953,22.50440586577196,16.155178365647686,0.6930500740483596,0.013018990138150948,1.4239626451268002,5.0,5.0,5.0,5.0,156.0,268.0,0.0,1042.0,18.212053739309855,90,4.832710044308559,Infinity,0.943413309189679,0.0,5210.0,1,ID94499,94525,266,41.2158
94500,268,145,206.37986270022884,229.31611637790127,3059.0,0.6053245104139063,1.0,1.1727358800442536,33.88976830870125,28.898039946916615,0.8238374347372724,0.06926941568071322,-0.004498442223106227,6.0,6.0,6.0,6.0,252.0,268.0,0.0,3059.0,31.204325691099555,146,4.55628416590292,Infinity,0.9735837046467214,0.0,18354.0,1,ID94500,94526,266,14.943
94501,268,266,856.4870446864438,436.7307547878333,2662.999999999998,0.6008374918492971,1.0,1.166125381206522,31.42191078757667,26.94556802722727,2.176401601630975,-0.18172743105703434,-0.059227624979485485,7.0,7.0,7.0,7.0,236.0,268.0,0.0,2663.0,29.114587871158918,144,4.57326555012542,Infinity,0.9743871203805337,0.0,18641.0,1,ID94501,94527,266,21.004
94502,268,155,184.57729313662605,622.3040410519563,1558.9999999999984,0.5786558302157943,1.0,1.2566688503284178,24.876068179054453,19.79524532063745,0.5466764597840774,0.1347832741980068,-0.10079130208458192,8.0,8.0,8.0,8.0,184.0,268.0,0.0,1559.0,22.276559711062415,116,4.66009494819953,Infinity,0.9617520049352242,0.0,12472.0,1,ID94502,94528,266,49.8362
94503,268,105,1091.0747572815535,823.4203883495146,2060.000000000001,0.5159184364154159,1.0,1.8521654732427877,34.761733965921536,18.76815784988173,-0.9885426288772347,0.18428802359620794,-0.13962119518893432,9.0,9.0,9.0,9.0,224.0,268.0,0.0,2060.0,25.606998370340268,144,4.935309671479394,Infinity,0.9669091762497071,0.0,18540.0,1,ID94503,94529,266,7.1819
94504,268,174,51.96938537041365,248.48399158681934,4279.000000000005,0.31987804794076713,0.7208236145741174,2.6272062356196906,63.89575465070216,24.32079894771976,2.8307057445788493,-1.8035274149328133,-2.594303574845066,10.0,10.0,10.0,10.0,410.0,268.0,0.0,4279.0,36.905934522518756,200,6.267765123612783,Infinity,0.7596981802041731,0.0,42790.0,1,ID94504,94531,266,5.0502
94505,270,127,1003.6795865633075,27.020671834625322,774.0000000000007,0.4823631648241425,0.5117187499999999,1.3773296690028343,18.620805009848,13.51949749498185,-0.6992189142443703,-0.0859423745105052,0.20300512316914304,1.0,1.0,1.0,1.0,142.0,270.0,0.0,774.0,15.69623687086348,102,5.104084598296083,Infinity,0.9347826086956529,0.0,774.0,1,ID94505,94496,268,19.7736
94507,270,310,164.17895878524945,112.01446131597976,2765.9999999999973,0.574370102440965,1.0,1.4664681174382599,35.829500961405884,24.43251273951706,2.4623785459717604,0.1292638246864034,0.10011879826045912,3.0,3.0,3.0,3.0,246.0,270.0,0.0,2766.0,29.672295920342332,150,4.677448550841589,Infinity,0.9744583406728896,0.0,8298.0,1,ID94507,94498,268,11.5498
94508,270,169,47.084526244035445,114.24948875255623,1467.0,0.47987467959352625,1.0,1.5251300095258653,27.46703824805118,18.009637261409715,1.064514214762429,0.3501143077544806,0.7713743638371342,4.0,4.0,4.0,4.0,196.0,270.0,0.0,1467.0,21.609271228609746,122,5.117301606587988,Infinity,0.9203262233375158,0.0,5868.0,1,ID94508,94497,268,20.4053
94509,270,158,27.029051987767584,203.02599388379204,1308.000000000001,0.56874784649072,0.44450579790171174,1.1711291061652815,22.391723255444923,19.119773505385645,1.2029033945188963,-0.046112101705083404,0.4740535314066179,5.0,5.0,5.0,5.0,170.0,270.0,0.0,1308.0,20.404639941160404,98,4.700510740679312,Infinity,0.9617647058823536,0.0,6540.0,1,ID94509,94499,268,19.073
94510,270,145,217.6326264274062,228.54845024469822,3065.0000000000023,0.6065118092247872,1.0,1.170378884882379,33.76227281481055,28.847301716489525,1.012061279165322,-0.13442077524238435,0.1005273196249626,6.0,6.0,6.0,6.0,252.0,270.0,0.0,3065.0,31.23491317665729,148,4.551822322985884,Infinity,0.9756485755212483,0.0,18390.0,1,ID94510,94500,268,11.2789
94511,270,266,854.1114102995624,429.4146751935375,2971.000000000002,0.6070286013147295,1.0,1.0118460058182128,31.11795999173859,30.753652050615703,2.0143139374382626,-0.7701222744692233,0.19081259211152554,7.0,7.0,7.0,7.0,248.0,270.0,0.0,2971.0,30.752214096745014,142,4.549884319862789,Infinity,0.9712324288983337,0.0,20797.0,1,ID94511,94501,268,7.6921
94512,270,155,194.093637454982,630.7923169267707,832.9999999999997,0.6007682921120975,1.0,1.0709027794524826,16.947445494431516,15.825381929717455,-1.178437737455896,0.13194407727432797,0.2149642559103336,8.0,8.0,8.0,8.0,132.0,270.0,0.0,833.0,16.28349272088447,74,4.5735289292565655,Infinity,0.9514563106796112,0.0,6664.0,1,ID94512,94502,268,12.7519
94513,270,105,1078.3188268684958,809.4091769157994,2114.0000000000005,0.5021797254963194,1.0,1.9258712494486154,35.85222503120951,18.61610688745374,-1.0002255691315136,0.13224032121888984,-0.19122950414657205,9.0,9.0,9.0,9.0,230.0,270.0,0.0,2114.0,25.940452952724893,154,5.00236462533909,Infinity,0.9690579876231953,0.0,19026.0,1,ID94513,94503,268,18.948
94514,270,174,90.97840034217279,224.93990590248075,4676.000000000002,0.390320099059036,0.8785277634565555,3.198197705827655,68.6695678679328,21.47133297694676,2.764762641302257,-4.875131857167384,1.5126499177193335,10.0,10.0,10.0,10.0,388.0,270.0,0.0,4676.0,38.58000813627967,176,5.674067191568996,Infinity,0.8564102564102567,0.0,46760.0,1,ID94514,94504,268,45.5634
94583,272,127,1014.694894146949,29.372353673723538,802.9999999999987,0.545566371287327,1.0,1.09413400247899,16.86200373813603,15.411278417389115,-0.8576065407463671,0.1997831428377678,0.1372447188920923,1.0,1.0,1.0,1.0,136.0,272.0,0.0,803.0,15.987583888930294,92,4.799335778035985,Infinity,0.9491725768321498,0.0,803.0,1,ID94583,94505,270,11.2635
94584,272,310,175.4468085106383,114.69732326698696,2913.9999999999995,0.5953824787045171,1.0,1.2530774345835518,33.99263871957274,27.127324921360398,2.3658242004749637,-0.050841369669827004,0.10269357420620806,2.0,2.0,2.0,2.0,248.0,272.0,0.0,2914.0,30.4557877642258,150,4.594168366388351,Infinity,0.9744189934793511,0.0,5828.0,1,ID94584,94507,270,11.5828
94585,272,169,55.42746113989637,136.89550949913644,1158.0000000000007,0.528083073429668,1.0,1.7810251339242078,25.87315754614775,14.52711534123066,-1.4699748674108948,-0.20519430520874346,0.2273786490543059,3.0,3.0,3.0,3.0,166.0,272.0,0.0,1158.0,19.199032480852512,94,4.878134924889136,Infinity,0.9453061224489804,0.0,3474.0,1,ID94585,94508,270,24.1339
94586,272,145,238.13909412142627,234.10343719884355,3112.9999999999977,0.5969102740859997,1.0,1.1868377583527208,34.25739254789419,28.864427599137024,0.9385002751630296,-0.12190510924627826,0.00756644910201372,4.0,4.0,4.0,4.0,256.0,272.0,0.0,3113.0,31.478543099866293,152,4.588285198905508,Infinity,0.9734208880550335,0.0,12452.0,1,ID94586,94510,270,21.2455
94587,272,158,21.723860589812332,224.4798927613941,1119.0000000000007,0.5632818745981382,0.5963669218697989,1.063136174870714,19.784941975306708,18.609979081666296,0.006660580235006819,0.046368279851234206,0.7087540836427667,5.0,5.0,5.0,5.0,158.0,272.0,0.0,1119.0,18.87296380115381,94,4.723262076892012,Infinity,0.9423157894736844,0.0,5595.0,1,ID94587,94509,270,22.1001
94588,272,174,72.47738209817132,237.71992300288738,2077.9999999999995,0.5023260644936587,0.8903320361853743,2.0245567122891703,36.67288267649763,18.11403081666778,2.697265391122635,-0.07552145245444769,-0.11625488693961107,6.0,6.0,6.0,6.0,228.0,272.0,0.0,2078.0,25.718630280205765,136,5.001635921019168,Infinity,0.962037037037037,0.0,12468.0,1,ID94588,94514,270,22.4859
94589,272,266,858.2059654631083,425.4646781789639,3184.9999999999995,0.5830646583347991,1.0,1.1759050956532473,34.715915376309034,29.522718716533326,-1.0918010086136016,-1.0112788892462266,-0.16750401194628514,7.0,7.0,7.0,7.0,262.0,272.0,0.0,3185.0,31.840492890270607,150,4.642442923196088,Infinity,0.9692635423006694,0.0,22295.0,1,ID94589,94511,270,5.6893
94590,272,155,206.44835164835166,650.1175824175824,910.0000000000002,0.583438635666676,1.0,1.2060144259767343,18.787999951546986,15.578586413948445,-1.4153018138518205,0.24680781423784287,-0.0848480438091042,8.0,8.0,8.0,8.0,140.0,272.0,0.0,910.0,17.01945934591489,82,4.6409548089225705,Infinity,0.9563846558066214,0.0,7280.0,1,ID94590,94512,270,22.937
94591,272,105,1086.792461832061,820.9012404580153,2096.0000000000014,0.5066773008559718,1.0,1.9846450818285364,36.2694677659126,18.275039752949695,2.0488829758872478,-0.023146692012180746,0.05084505759916659,9.0,9.0,9.0,9.0,228.0,272.0,0.0,2096.0,25.829779740470606,144,4.980113122967914,Infinity,0.9667896678966796,0.0,18864.0,1,ID94591,94513,270,14.2783
94573,274,127,1030.8762589928058,55.194244604316545,695.0000000000002,0.5012412521223386,0.4898177920685959,1.3132336409236613,17.32639894097913,13.193691054695055,2.823421173900782,0.1280004602359866,0.2514932371265723,1.0,1.0,1.0,1.0,132.0,274.0,0.0,695.0,14.873646859386389,90,5.007045395951818,Infinity,0.9217506631299738,0.0,695.0,1,ID94573,94583,272,30.473
94575,274,310,183.7694571615435,98.56115107913669,3058.0,0.6051266272787597,1.0,1.3283565962066106,36.39197006273468,27.39623544359946,1.9669853876421945,0.18804300213864142,1.0600415210171072,3.0,3.0,3.0,3.0,252.0,274.0,0.0,3058.0,31.199224861365256,136,4.55702908279924,Infinity,0.9689480354879593,0.0,9174.0,1,ID94575,94584,272,18.1561
94576,274,169,75.86987270155586,156.05516265912306,1413.999999999999,0.5248360127807142,1.0,1.686511426884245,28.39793649292496,16.838271025171107,1.7237374763649669,-0.16878288041480624,0.26024372937297946,4.0,4.0,4.0,4.0,184.0,274.0,0.0,1414.0,21.21532887003828,90,4.893201703764107,Infinity,0.9152103559870545,0.0,5656.0,1,ID94576,94585,272,28.0176
94577,274,145,250.0781392520523,225.74399513529949,3288.9999999999955,0.6021035043212409,1.0,1.1919972602343523,35.33069324354053,29.63991145130178,1.0153297445204281,-0.08160994804987354,0.15627680666976634,5.0,5.0,5.0,5.0,262.0,274.0,0.0,3289.0,32.35616194264218,154,4.568455033435325,Infinity,0.9748073503260212,0.0,16445.0,1,ID94577,94586,272,14.5747
94578,274,174,112.57469512195122,225.07977642276424,1968.0000000000002,0.560784974355076,1.0,2.052451995137978,36.81532211066566,17.93723906716304,-0.11230987902011934,0.24317473850496404,0.16274432496299981,6.0,6.0,6.0,6.0,210.0,274.0,0.0,1968.0,25.028660691489268,92,4.733765582004019,Infinity,0.9692194040876633,0.0,11808.0,1,ID94578,94588,272,42.0425
94579,274,158,22.642028985507245,250.94057971014493,1380.0000000000007,0.5473296126693493,0.7783505154639175,1.2726494837030853,23.642588874951375,18.577455283411954,0.8866323722748848,0.3797074838518299,-0.13397709656130102,7.0,7.0,7.0,7.0,178.0,274.0,0.0,1380.0,20.95871281671733,118,4.791598928317672,Infinity,0.958000694203402,0.0,9660.0,1,ID94579,94587,272,26.4766
94580,274,266,859.613534867743,432.64170388182754,2911.000000000002,0.5852912777343932,1.0,1.3140155369252748,34.98915530549903,26.627657224945576,1.9159107584555888,-0.21296487387460766,-0.29104841477523746,8.0,8.0,8.0,8.0,250.0,274.0,0.0,2911.0,30.440106417044852,150,4.633603902513296,Infinity,0.9729278074866317,0.0,23288.0,1,ID94580,94589,272,7.3138
94581,274,155,211.87780772686432,648.0224618149147,1113.0000000000011,0.5897440754672699,1.0,1.2500441578068133,21.08391410814399,16.8665354551438,2.0336404921245483,-0.11880524798517034,-0.2373807150595743,9.0,9.0,9.0,9.0,154.0,274.0,0.0,1113.0,18.822298035111427,92,4.616077999842388,Infinity,0.9623865110246447,0.0,10017.0,1,ID94581,94590,272,5.8197
94582,274,105,1088.5677846008502,821.7184695323571,2117.0000000000005,0.5028923741133908,1.0,1.9798199608523543,36.42235186535989,18.39680000482433,2.037817489924577,-0.03250260073549534,-0.07061241669615799,10.0,10.0,10.0,10.0,230.0,274.0,0.0,2117.0,25.958852614302604,144,4.998818944119581,Infinity,0.9657846715328471,0.0,21170.0,1,ID94582,94591,272,1.9544
94602,276,127,1034.5541516245487,59.15342960288809,554.0,0.5356855432713898,0.23937360178970923,1.3180092132228522,15.288824985219854,11.599937869808185,2.625421379398066,0.02306305151904415,0.1372472792277502,1.0,1.0,1.0,1.0,114.0,276.0,0.0,554.0,13.279445656570912,76,4.843395890747796,Infinity,0.940577249575552,0.0,554.0,1,ID94602,94573,274,5.4039
94603,276,310,187.40119363395226,86.29641909814323,3015.999999999999,0.5968155356025959,1.0,1.3648375633928167,36.637869329551414,26.84412439416909,1.977059676854122,0.2643196383566705,0.9923170518419696,2.0,2.0,2.0,2.0,252.0,276.0,0.0,3016.0,30.98423174342576,138,4.588649356594148,Infinity,0.9733742133290294,0.0,6032.0,1,ID94603,94575,274,12.7911
94605,276,169,59.592422502870264,177.8691159586682,871.0000000000001,0.4615158038921758,0.87378988884905,1.605121531543832,21.316110789416705,13.280060338430898,1.8646229869341342,0.003976801246774823,-0.3288546928830005,4.0,4.0,4.0,4.0,154.0,276.0,0.0,871.0,16.65076307158569,88,5.218090936302068,Infinity,0.8865139949109418,0.0,3484.0,1,ID94605,94576,274,27.2177
94606,276,145,232.07629605477666,222.49201173785457,3067.0,0.6166569387878332,1.0,1.1859189894504563,34.18923611623385,28.829318377030816,0.6163082746617046,0.060573279661038315,-0.2956769281700477,5.0,5.0,5.0,5.0,250.0,276.0,0.0,3067.0,31.24510235101953,140,4.514224159113266,Infinity,0.9772184164409752,0.0,15335.0,1,ID94606,94577,274,18.2932
94607,276,174,92.51639833035182,231.83064997018485,1677.0000000000007,0.4870978994147638,0.8673100120627262,2.2681174004883995,35.10081037727593,15.475746700641501,0.09489113671111316,0.06334159249204231,0.20747387391616307,6.0,6.0,6.0,6.0,208.0,276.0,0.0,1677.0,23.10423509078405,104,5.079217421257244,Infinity,0.9239669421487607,0.0,10062.0,1,ID94607,94578,274,21.1639
94608,276,158,9.891549295774649,273.543661971831,709.9999999999998,0.5994439086398151,0.6351373581181116,1.0345121667494899,17.88181280876071,17.285260998859613,1.9636944602129391,-4.210542543861655,0.23125531560557708,7.0,7.0,7.0,7.0,122.0,276.0,0.0,710.0,15.03329701663914,56,4.57857841274889,Infinity,0.9692832764505116,0.0,4970.0,1,ID94608,94579,274,25.9514
94609,276,266,842.407250163292,422.40300457217506,3062.000000000004,0.5605475616392961,1.0,1.4348069499742193,37.329328050960335,26.016969078405335,-1.408352731406853,-0.06907506552396574,-0.04857033802987487,8.0,8.0,8.0,8.0,262.0,276.0,0.0,3062.0,31.219623179897102,158,4.7347679386692505,Infinity,0.9697545526524161,0.0,24496.0,1,ID94609,94580,274,20.0222
94610,276,155,201.80511463844798,652.7257495590829,1134.0,0.5429913228426803,1.0,1.7289055543201532,25.01059945654566,14.466145587912361,2.535179636143209,-0.14197416853068032,0.14142246245262696,9.0,9.0,9.0,9.0,162.0,276.0,0.0,1134.0,18.999037105401385,100,4.810702354423639,Infinity,0.9651063829787234,0.0,10206.0,1,ID94610,94581,274,11.1167
94611,276,105,1067.3188679245284,851.1278301886792,2119.999999999997,0.5215895078401089,1.0,1.8855749594856739,35.61913693176577,18.890331966161433,2.0975043511478755,0.05263787401349983,-0.03233231011990714,10.0,10.0,10.0,10.0,226.0,276.0,0.0,2120.0,25.977239243415287,142,4.908406343222688,Infinity,0.9689213893967077,0.0,21200.0,1,ID94611,94582,274,36.2826
94592,278,310,195.6799614023802,88.39144419427468,3109.000000000004,0.5869365759275692,1.0,1.3286509397175539,36.48291920528485,27.458618448755573,2.1898909785268192,-0.08022861639155933,0.8742180695328224,1.0,1.0,1.0,1.0,258.0,278.0,0.0,3109.0,31.458312671619986,152,4.627104895128035,Infinity,0.9705010145153752,0.0,3109.0,1,ID94592,94603,276,8.5397
94593,278,169,78.74692307692308,199.0823076923077,1300.0000000000005,0.607387038915338,0.8131101813110182,1.2338247997529317,22.9198166057106,18.576232711727144,0.08484302239700514,0.023672439555927623,0.7829728825686072,2.0,2.0,2.0,2.0,164.0,278.0,0.0,1300.0,20.342144725641102,90,4.548541609046878,Infinity,0.9679821295606854,0.0,2600.0,1,ID94593,94605,276,28.5814
94594,278,145,242.1140135218193,218.24124154886294,3253.9999999999973,0.6143105879923789,1.0,1.246170748315232,36.13763240325596,28.998941318525127,0.4861193012689624,0.02641804398680979,-0.27763534786598354,3.0,3.0,3.0,3.0,258.0,278.0,0.0,3254.0,32.183541906416295,146,4.522836951215157,Infinity,0.9757121439280352,0.0,9762.0,1,ID94594,94606,276,10.9007
94595,278,174,57.22502628811777,242.61882229232387,1902.0000000000018,0.5029298230054534,0.8725079990155058,2.3169862864699664,37.56160146694911,16.2114043083854,-0.2518894476978582,-0.23944146901987587,0.014772073450822036,4.0,4.0,4.0,4.0,218.0,278.0,0.0,1902.0,24.60539378919936,114,4.9986328309607995,Infinity,0.9632818435046854,0.0,7608.0,1,ID94595,94607,276,36.9035
94596,278,158,9.5856,285.792,625.0000000000001,0.6490893912375607,0.7060964513193813,1.1149006676133646,16.46285932272658,14.766211736125465,1.8181499005629727,-2.105439059819499,-0.04401580378120155,5.0,5.0,5.0,5.0,110.0,278.0,0.0,625.0,14.104739588693908,42,4.3999999999999995,Infinity,0.9704968944099382,0.0,3125.0,1,ID94596,94608,276,12.2522
94597,278,266,852.3358088472716,422.0041976105909,3096.999999999996,0.6226887966827249,1.0,1.3401391090112693,36.879031051970536,27.518808162519207,1.4847854139979852,0.5389948392705551,0.6925384574308472,6.0,6.0,6.0,6.0,250.0,278.0,0.0,3097.0,31.397543176356944,126,4.492306773644345,Infinity,0.9771257296103475,0.0,18582.0,1,ID94597,94609,276,9.9366
94598,278,293,221.72192028985506,631.538345410628,3312.0,0.6063140183374742,1.0,1.040566073827518,33.07468840164777,31.78528421553186,2.809097384720376,-0.04180077156439925,0.08703567986106542,7.0,7.0,7.0,7.0,262.0,278.0,0.0,3312.0,32.46909827883606,158,4.552564706912799,Infinity,0.9755522827687775,0.0,23184.0,1,ID94598,,,
94599,278,177,579.3319559228651,812.969696969697,726.0,0.5933392992992169,1.0,1.2037228841680527,16.6434911509271,13.826680018989729,0.9694262014680846,-0.09963588646119588,0.104266335012408,8.0,8.0,8.0,8.0,124.0,278.0,0.0,726.0,15.201742576738761,76,4.602071637956274,Infinity,0.955892034233048,0.0,5808.0,1,ID94599,,,
94600,278,105,1064.8433420365536,883.6116187989556,1531.999999999999,0.5812003315178795,0.7174887892376682,1.6251787536318367,31.90515597976124,19.631782601428803,2.078688145496293,-1.680850624016745,5.748478382462922,9.0,9.0,9.0,9.0,182.0,278.0,0.0,1532.0,22.082815618339232,88,4.649882785799125,Infinity,0.9687006006955418,0.0,13788.0,1,ID94600,94611,276,32.578
94601,278,127,1057.1562457244493,64.97865645095088,7308.999999999983,0.4456112229053105,0.9848827736036933,1.7883300489515097,64.46889034048803,36.04977189657237,2.7262268848162883,1.4519163641176431,-1.432478583228177,10.0,10.0,10.0,10.0,454.0,278.0,0.0,7309.0,48.234085024154034,268,5.310395559538734,Infinity,0.9207608969513712,0.0,73090.0,1,ID94601,94602,276,23.3407
106653,278,155,179.5,660.8333333333334,232.3521955581855,0.9999999999999999,-0.07535125902094764,1.0,8.60000005364418,8.60000005364418,0.0,0.0,0.0,41216.0,19853.223826714802,18528.0,13712.0,54.03539397880077,278.0,0.0,-1.0,8.60000005364418,,3.544907701811032,-0.6456599363767639,1.0,5011.536827162895,5499343.0,1,ID94610,94610,276,23.7329
94673,280,127,1030.6937119675456,74.59026369168357,986.0000000000003,0.50914042676521,1.0,1.3066610803381102,20.38463270831678,15.600550911826403,-0.8316224480742888,0.1288541135872111,-0.10886956790463699,1.0,1.0,1.0,1.0,156.0,280.0,0.0,986.0,17.71591227617753,112,4.968052091328159,Infinity,0.939942802669209,0.0,986.0,1,ID94673,94601,278,28.154
94674,280,310,185.6169172932331,93.78082706766918,2660.0000000000023,0.5523588114580512,1.0,1.2444137802806945,32.316749036888105,25.969456099721604,-0.7749877635185376,0.007679749039012603,-0.03152752880833038,2.0,2.0,2.0,2.0,246.0,280.0,0.0,2660.0,29.0981837448471,158,4.769735416126308,Infinity,0.9625474941197761,0.0,5320.0,1,ID94674,94592,278,11.4154
94675,280,169,56.56780923994039,196.0655737704918,671.0000000000002,0.483932201689337,0.7004082781923131,1.891375733406961,20.49555728067741,10.836322428520578,2.8339745274831003,-0.07499498218370552,-0.22682726403542863,3.0,3.0,3.0,3.0,132.0,280.0,0.0,671.0,14.61457948862449,76,5.095803480782407,Infinity,0.9037037037037039,0.0,2013.0,1,ID94675,94593,278,22.3833
94677,280,145,236.6071540633825,228.53498588013807,3186.999999999996,0.6110995963739415,1.0,1.248113103055917,35.79988333403092,28.683204467910347,0.5708482002505008,0.2565178464069163,-0.21304648743696009,5.0,5.0,5.0,5.0,256.0,280.0,0.0,3187.0,31.850488336409217,142,4.534703890964227,Infinity,0.9750650145326591,0.0,15935.0,1,ID94677,94594,278,11.6742
94678,280,174,14.32618025751073,247.45922746781116,699.0,0.47490771298859547,0.713235294117647,1.9926677964041442,22.3480892659354,11.215160553235968,2.4835104870841493,-1.5148715802647486,0.10720723068327682,6.0,6.0,6.0,6.0,136.0,280.0,0.0,699.0,14.916387312029334,74,5.14399242641119,Infinity,0.9344919786096256,0.0,4194.0,1,ID94678,94595,278,43.1711
94679,280,266,850.3040991420401,428.24721957419763,3147.000000000001,0.6034296924345143,1.0,1.3285569891577904,36.694414094935745,27.619751651148487,1.5776847423096476,-0.23609316967192312,0.6892852281842471,7.0,7.0,7.0,7.0,256.0,280.0,0.0,3147.0,31.649979649604667,142,4.563432109190304,Infinity,0.9744542498838831,0.0,22029.0,1,ID94679,94597,278,6.5653
94680,280,293,210.7425068119891,645.6263623978201,2936.000000000001,0.5998774733961781,0.7329201711671831,1.0182032886900005,30.85456076562399,30.302947464764955,0.1273137018728403,-0.014204754865550817,-0.0024656402247595815,8.0,8.0,8.0,8.0,248.0,280.0,0.0,2936.0,30.570538527078806,148,4.576923517258485,Infinity,0.9734748010610081,0.0,23488.0,1,ID94680,94598,278,17.8611
94682,280,155,135.07238413760152,686.1282847587196,4186.000000000001,0.3191222026238656,0.6912220217092683,2.4678469727804018,58.107993347610396,23.54602776773593,2.597047808202052,-2.059753225650515,0.20110375409667683,10.0,10.0,10.0,10.0,406.0,280.0,0.0,4186.0,36.502673649547205,280,6.275183377512141,Infinity,0.7910800340168196,0.0,41860.0,1,ID94610,106653,278,51.1238
94684,280,177,580.6297717632801,807.4655625126237,4951.000000000013,0.5196974582486253,1.0,1.552927914020056,51.39951623879417,33.09845600349634,1.1941331558329065,2.47520330579985,-0.48109421094981086,12.0,12.0,12.0,12.0,346.0,280.0,0.0,4951.0,39.69826503130775,196,4.9173331820313315,Infinity,0.9545936566085056,0.0,59412.0,1,ID94684,94599,278,5.6551
94613,282,127,1076.7234726688102,42.630225080385856,622.0000000000003,0.5427973973702368,0.46698113207547176,1.2421333282350386,15.76398374791836,12.691056096463964,2.7364346485003894,-0.1866381856877634,0.008971177087410872,1.0,1.0,1.0,1.0,120.0,282.0,0.0,622.0,14.070847494245609,76,4.811561638587751,Infinity,0.9452887537993928,0.0,622.0,1,ID94613,94673,280,56.0373
94615,282,310,173.4297806848788,100.40246248557138,2599.0000000000023,0.5670138407416583,1.0,1.1681529488188793,30.925285390158287,26.473661194304118,2.4406663464697282,-0.012426474769355978,-0.21689172788913816,3.0,3.0,3.0,3.0,240.0,282.0,0.0,2599.0,28.762604092669925,154,4.707692655894438,Infinity,0.9649155374048644,0.0,7797.0,1,ID94615,94674,280,13.8698
94616,282,169,33.33195020746888,195.53803596127247,722.9999999999999,0.5214351442941736,1.0,1.9549193983690774,21.60311566743921,11.050642643099225,3.111841735378686,0.005595352008252993,0.2679978976185444,4.0,4.0,4.0,4.0,132.0,282.0,0.0,723.0,15.170301503624792,64,4.909132821816972,Infinity,0.9311010946555051,0.0,2892.0,1,ID94616,94675,280,23.2418
94617,282,145,240.2653502005554,237.4069731564332,3240.999999999997,0.5933163446351908,0.9205925925925926,1.2959999464890284,36.58886574946486,28.232150663730454,0.6663566859698304,0.022053895817139787,0.012711330619919924,5.0,5.0,5.0,5.0,262.0,282.0,0.0,3241.0,32.119189608731794,154,4.602160661280415,Infinity,0.972543135783945,0.0,16205.0,1,ID94617,94677,280,9.5966
94618,282,266,846.643330179754,430.75023651844845,3170.9999999999995,0.5894668819250434,1.0,1.3770604565679254,37.52046136070606,27.24677858677246,1.593992086626326,-0.16876979649596283,0.5880544696721722,6.0,6.0,6.0,6.0,260.0,282.0,0.0,3171.0,31.77043671542461,148,4.6171632148575,Infinity,0.9728485964104924,0.0,19026.0,1,ID94618,94679,280,4.4347
94620,282,293,172.4950495049505,670.7706270627062,1818.0000000000007,0.6070162019583639,0.7316347184188594,1.2314241963810018,26.973355892570545,21.90419513587746,-0.3719367982709239,0.31849939415023804,-0.05913477529974397,8.0,8.0,8.0,8.0,194.0,282.0,0.0,1818.0,24.0559217882444,106,4.549930789255886,Infinity,0.9698586289677251,0.0,14544.0,1,ID94620,94680,280,45.7723
94621,282,177,572.530106257379,812.8595041322315,847.0,0.4730540404605431,1.0,1.7659102011497914,21.724841791893972,12.302347977688129,0.7123918114818417,0.46052286884140964,0.3894950441723866,9.0,9.0,9.0,9.0,150.0,282.0,0.0,847.0,16.419758633965078,98,5.154060995580371,Infinity,0.9137001078748651,0.0,7623.0,1,ID94621,94684,280,9.7314
94622,282,174,75.81572258533043,243.55773420479304,5507.999999999996,0.2661113777158411,0.6186511240632806,6.647269391428413,128.28522565147827,19.298935863333714,2.960242368356262,-28.70075305516231,5.066109952656646,10.0,10.0,10.0,10.0,510.0,282.0,0.0,5508.0,41.87183842513149,172,6.87184270936277,Infinity,0.8319613322256622,0.0,55080.0,1,ID94622,94678,280,61.6132
94623,282,185,19.46243169398907,343.45696721311475,1463.9999999999995,0.46926758951693254,0.7109466303077523,1.1524986887242112,23.741472096669657,20.59999922685457,0.4564402351663417,-1.2032753172282467,0.13867613164473602,11.0,11.0,11.0,11.0,198.0,282.0,0.0,1464.0,21.587164551489142,104,5.174812897544236,Infinity,0.8776978417266185,0.0,16104.0,1,ID94623,,,
106671,282,155,128.83333333333334,688.8333333333334,232.3521955581855,0.9999999999999999,-0.11170217894057542,1.0,8.60000005364418,8.60000005364418,0.0,0.0,0.0,24896.0,18528.173285198554,18272.0,13456.0,54.03539397880077,282.0,0.0,-1.0,8.60000005364418,,3.544907701811032,-1.9441281051712902,1.0,2396.849520107042,5132304.0,1,ID106671,94682,280,6.8002
106675,282,293,160.83333333333334,628.8333333333334,232.3521955581855,0.9999999999999999,0.13178553983209915,1.0,8.60000005364418,8.60000005364418,0.0,0.0,0.0,65504.0,50318.15162454874,51600.0,29456.0,54.03539397880077,282.0,0.0,-1.0,8.60000005364418,,3.544907701811032,1.3281197853864752,1.0,8823.096872765367,1.3938128E7,1,ID106675,94680,280,52.6586
94776,284,127,1088.2486486486487,45.78378378378378,555.0000000000002,0.518306754679648,0.40328697850821743,1.0547212702200195,13.711455007691143,13.000074422345605,-0.7822435982970328,-0.10609748052912972,0.0459860088536387,1.0,1.0,1.0,1.0,116.0,284.0,0.0,555.0,13.29142531228325,82,4.923925775744902,Infinity,0.939086294416244,0.0,555.0,1,ID94776,94613,282,11.9488
94778,284,310,182.71244277985852,111.76362879733666,2403.000000000003,0.5610320412140519,1.0,1.0819530778163922,28.958990651525607,26.7654773994182,0.4585927951307492,-0.01340638876834013,-0.8270439379855793,3.0,3.0,3.0,3.0,232.0,284.0,0.0,2403.0,27.65680127020567,144,4.732723141200272,Infinity,0.9566082802547782,0.0,7209.0,1,ID94778,94615,282,14.6712
94779,284,169,15.058321479374111,206.3968705547653,703.0,0.5745420487704538,0.35235652452709204,1.3770573344621906,18.018134433501878,13.084520144935619,0.10598323979078093,-0.701672405888308,-0.17792868394548006,4.0,4.0,4.0,4.0,124.0,284.0,0.0,703.0,14.959005648344574,54,4.676748575709229,Infinity,0.9448924731182796,0.0,2812.0,1,ID94779,94616,282,21.2565
94781,284,145,270.4650119617225,254.57476076555025,3344.000000000001,0.5938993630846442,1.0,1.2255578351672705,36.14344816295126,29.491425966052606,0.6458036253059376,-0.12601320127193166,0.07498743369746982,6.0,6.0,6.0,6.0,266.0,284.0,0.0,3344.0,32.625576767294035,158,4.599901184709395,Infinity,0.9739333042085339,0.0,20064.0,1,ID94781,94617,282,34.7383
94782,284,174,34.16226596255401,251.6802688430149,2083.0000000000005,0.5715728445652495,0.6765230055765288,1.7409380739269722,34.559740971997165,19.851217851788366,-0.37677125502647923,0.335714652001056,0.540535437657276,7.0,7.0,7.0,7.0,214.0,284.0,0.0,2083.0,25.749553256723427,108,4.688880217667252,Infinity,0.9699650756693834,0.0,14581.0,1,ID94782,94622,282,42.438
94783,284,266,854.5070776973891,423.67757156338473,3179.0,0.5731819929845013,1.0,1.3950043453790855,38.016273255858074,27.251723897338355,1.3590052842927207,-0.7438882520967602,0.25000534136570574,8.0,8.0,8.0,8.0,264.0,284.0,0.0,3179.0,31.81048770733122,152,4.682293821678212,Infinity,0.9732129190264808,0.0,25432.0,1,ID94783,94618,282,10.5764
94787,284,185,24.334376396960213,336.3419758605275,2236.999999999999,0.4570592329656845,0.7009251045494869,2.0647262608779338,42.01695896507465,20.34989323340557,2.506167397762051,-5.699051209104679,2.7119591834017425,12.0,12.0,12.0,12.0,248.0,284.0,0.0,2237.0,26.684437700523866,144,5.243468807180324,Infinity,0.9519148936170208,0.0,26844.0,1,ID94787,94623,282,8.6232
94789,284,177,580.5741131756756,808.9845861486486,4736.0000000000055,0.5465044190046383,1.0,1.6027632479326492,50.19857055805287,31.32001599288125,1.2205080938549484,1.500673829337553,-0.21202282795476277,14.0,14.0,14.0,14.0,330.0,284.0,0.0,4736.0,38.826738479640994,184,4.795215098182543,Infinity,0.9699948796723005,0.0,66304.0,1,ID94789,94621,282,8.9287
106682,284,293,87.5,714.1666666666666,232.3521955581855,0.9999999999999999,-0.06974909976667093,1.0,8.60000005364418,8.60000005364418,0.0,0.0,0.0,65504.0,45258.166064981946,44560.0,29408.0,54.03539397880077,284.0,0.0,-1.0,8.60000005364418,,3.544907701811032,-0.7469981769180237,1.0,9085.438921296663,1.2536512E7,1,ID106682,94620,282,95.4326
106684,284,155,63.5,726.1666666666666,232.3521955581855,0.9999999999999999,0.062240105541895435,1.0,8.60000005364418,8.60000005364418,0.0,0.0,0.0,65504.0,52999.938628158845,52896.0,38752.0,54.03539397880077,284.0,0.0,-1.0,8.60000005364418,,3.544907701811032,0.8442511853846416,1.0,7356.670576480745,1.4680983E7,1,ID106684,106671,282,75.2477
106851,284,293,51.5,688.8333333333334,232.3521955581855,0.9999999999999999,-0.0407494073375852,1.0,8.60000005364418,8.60000005364418,0.0,0.0,0.0,57968.0,34097.21299638989,32720.0,21408.0,54.03539397880077,284.0,0.0,-1.0,8.60000005364418,,3.544907701811032,-0.361195880300032,1.0,8020.38674309512,9444928.0,1,ID106851,106675,282,124.7148
94696,286,127,1104.8536585365853,34.087291399229784,779.0000000000001,0.6366547026915841,0.5140913508260447,1.3855494487721434,18.95869064365918,13.68315700349788,1.8012820097551945,-0.3461324525840492,0.40470234515217907,1.0,1.0,1.0,1.0,124.0,286.0,0.0,779.0,15.74685369644276,52,4.442761056180116,Infinity,0.9605425400739827,0.0,779.0,1,ID94696,94776,284,20.3109
94698,286,310,191.83166733306678,114.58256697321072,2501.0000000000005,0.5739734989135856,1.0,1.2278823465920123,31.233910951110992,25.43721801832294,0.4957736650774034,0.1144258061491424,-0.4478183833874967,3.0,3.0,3.0,3.0,234.0,286.0,0.0,2501.0,28.21512050914652,142,4.679064280706433,Infinity,0.9630342703118985,0.0,7503.0,1,ID94698,94778,284,9.545
94699,286,174,111.23972602739725,235.80479452054794,1752.0000000000018,0.4807468188566096,1.0,2.2341004693399125,35.32505247675852,15.811756436896351,2.8951938301711246,-0.3871435977938211,-0.022876030490826975,4.0,4.0,4.0,4.0,214.0,286.0,0.0,1752.0,23.615226456547095,114,5.112657763472211,Infinity,0.9610532089961612,0.0,7008.0,1,ID94699,94782,284,78.6954
94700,286,145,298.26095450739604,252.3142617917946,3582.999999999995,0.6085816651066291,1.0,1.2395203592386979,37.66803535447584,30.389202624804973,0.7069028779893155,-0.14794582560868239,0.1501205550975554,5.0,5.0,5.0,5.0,272.0,286.0,0.0,3583.0,33.77135357365056,160,4.544075095785428,Infinity,0.9784270890223907,0.0,17915.0,1,ID94700,94781,284,27.8877
94701,286,266,857.4947335811648,425.69640644361834,3228.0000000000005,0.5820168208096794,1.0,1.4702239567609385,39.08157800682158,26.58205767026304,1.4949284326764776,-0.5081588060186483,0.7103232450850189,6.0,6.0,6.0,6.0,264.0,286.0,0.0,3228.0,32.054708119109065,146,4.6466200691378345,Infinity,0.9743434953214609,0.0,19368.0,1,ID94701,94783,284,3.6058
94706,286,177,582.0978835978837,804.6587301587301,755.9999999999995,0.44568287598308914,1.0,1.9689990123047243,22.061447710786148,11.204397550694097,0.9538660555632277,-0.13362723968052706,-0.14446978596561733,9.0,9.0,9.0,9.0,146.0,286.0,0.0,756.0,15.512648837479228,96,5.30996866240915,Infinity,0.8883666274970617,0.0,6804.0,1,ID94706,94789,284,4.5864
94707,286,169,6.869888475836431,222.19454770755885,807.0,0.396135198663588,0.7115588547189818,1.985036491476876,28.928615404691442,14.573341864949002,1.5206377133653093,-5.12506811144432,-0.9337426687592852,10.0,10.0,10.0,10.0,160.0,286.0,0.0,807.0,16.02735405955453,62,5.6322667504701025,Infinity,0.9567279193835209,0.0,8070.0,1,ID94707,94779,284,17.7937
94709,286,185,43.08966431095406,316.90812720848055,4528.0,0.48647896910005073,0.7173889307120732,2.2867646638119528,59.3360611894323,25.947602798147695,2.639550372060655,-3.7448921433340447,1.59517555951747,11.0,11.0,11.0,11.0,342.0,286.0,0.0,4528.0,37.96455142155909,196,5.082447450274882,Infinity,0.9629944704381113,0.0,49808.0,1,ID94709,94787,284,27.0081
106700,286,293,104.83333333333333,703.5,232.3521955581855,0.9999999999999999,0.12306040582274962,1.0,8.60000005364418,8.60000005364418,0.0,0.0,0.0,65504.0,60114.8880866426,64080.0,38400.0,54.03539397880077,286.0,0.0,-1.0,8.60000005364418,,3.544907701811032,1.8087175831538405,1.0,7283.7747165524115,1.6651824E7,1,ID106700,106851,284,55.3132
106702,286,293,103.5,727.5,232.3521955581855,0.9999999999999999,-0.16737816681009812,1.0,8.60000005364418,8.60000005364418,0.0,0.0,0.0,65504.0,38682.166064981946,37792.0,21264.0,54.03539397880077,286.0,0.0,-1.0,8.60000005364418,,3.544907701811032,-2.0198736317638244,1.0,7699.589880937902,1.071496E7,1,ID106702,106682,284,20.8273
106704,286,155,102.16666666666667,747.5,232.3521955581855,0.9999999999999999,0.07769943823935019,1.0,8.60000005364418,8.60000005364418,0.0,0.0,0.0,65504.0,63316.79422382671,65504.0,45248.0,54.03539397880077,286.0,0.0,-1.0,8.60000005364418,,3.544907701811032,2.003629076085669,1.0,4556.714415615006,1.7538752E7,1,ID106704,106684,284,44.1613
94751,288,127,1097.8816466552316,44.00686106346484,583.0,0.5444555639247471,0.5498449268941072,1.07924056765766,14.220167342859728,13.176086749335788,1.510503312931104,-0.07193284147294352,0.26337694346390433,1.0,1.0,1.0,1.0,116.0,288.0,0.0,583.0,13.622579184763433,68,4.804229126062976,Infinity,0.933546837469976,0.0,583.0,1,ID94751,94696,286,12.1246
94753,288,310,178.53461036134087,129.79451458424032,2297.000000000001,0.5856860908445546,1.0,1.3203592437124099,31.051495424140487,23.51745979134742,0.6062749345821608,-0.029899708387260332,-0.2615353065762124,3.0,3.0,3.0,3.0,222.0,288.0,0.0,2297.0,27.03992989199801,132,4.632041874659869,Infinity,0.9673615497999585,0.0,6891.0,1,ID94753,94698,286,20.2043
94754,288,174,149.7988136431043,240.4340088976767,2023.0000000000016,0.46427364586252884,0.8855145631067962,2.253661913362177,38.167436505645355,16.935741904917936,-0.34845267768348664,-0.8225219260768396,-0.16741007069876965,4.0,4.0,4.0,4.0,234.0,288.0,0.0,2023.0,25.375990616127858,136,5.202569804950537,Infinity,0.9484294421003289,0.0,8092.0,1,ID94754,94699,286,38.836
94755,288,145,286.61044417767107,263.4387755102041,3331.9999999999945,0.6099753348733276,1.0,1.2365418304562947,36.23732533140194,29.305377657972194,0.6385579307825158,-0.16376579340132436,0.0031173890554390686,5.0,5.0,5.0,5.0,262.0,288.0,0.0,3332.0,32.56698544176892,154,4.538880982822806,Infinity,0.9784172661870486,0.0,16660.0,1,ID94755,94700,286,16.1087
94756,288,266,842.0414925373134,424.1546268656716,3350.0000000000014,0.5861180323861557,1.0,1.2732873396529505,37.53410273086947,29.478108799149638,1.2405657748979841,-1.4101102347653804,-0.025237166854530726,6.0,6.0,6.0,6.0,268.0,288.0,0.0,3350.0,32.65483300700984,140,4.63033476111609,Infinity,0.9641675061159883,0.0,20100.0,1,ID94756,94701,286,15.53
94759,288,177,571.3797953964195,813.2583120204604,782.0,0.47390537328457144,1.0,1.8034701753161138,21.297089779340844,11.80895036182557,0.7105780392233937,0.09634352583989715,-0.08880701890493584,9.0,9.0,9.0,9.0,144.0,288.0,0.0,782.0,15.777145844408118,90,5.1494294869354915,Infinity,0.9071925754060325,0.0,7038.0,1,ID94759,94706,286,13.7416
94760,288,191,1049.6684245220831,883.2452208305867,1517.0,0.6016659582749294,0.722558667676003,1.6184340877111274,30.97758572969928,19.14046791581693,-1.0478152449928189,-1.2857026765904787,4.586918238359057,10.0,10.0,10.0,10.0,178.0,288.0,0.0,1517.0,21.974441911930562,82,4.5701158770715615,Infinity,0.9721243191284845,0.0,15170.0,1,ID94760,,,
94761,288,185,52.43943486391024,284.8599626012882,4813.0,0.4772277945249234,0.8063426534058924,1.5675279763556471,50.029783672328364,31.916357747338477,-0.2824853093001093,0.5121292704258771,1.7425759187238974,11.0,11.0,11.0,11.0,356.0,288.0,0.0,4813.0,39.14109710013996,212,5.13147322439981,Infinity,0.9439105707001373,0.0,52943.0,1,ID94761,94709,286,33.3842
106716,288,293,80.83333333333333,711.5,232.3521955581855,0.9999999999999999,-0.04394343039980034,1.0,8.60000005364418,8.60000005364418,0.0,0.0,0.0,65504.0,48945.15523465704,47456.0,27872.0,54.03539397880077,288.0,0.0,-1.0,8.60000005364418,,3.544907701811032,-0.3948168440425487,1.0,11396.051410995251,1.3557808E7,1,ID106716,106700,286,25.2982
106718,288,293,76.83333333333333,736.8333333333334,232.3521955581855,0.9999999999999999,-0.08878431312496529,1.0,8.60000005364418,8.60000005364418,0.0,0.0,0.0,60608.0,40029.68953068592,42656.0,20560.0,54.03539397880077,288.0,0.0,-1.0,8.60000005364418,,3.544907701811032,-0.7090405795737681,1.0,11001.608281852134,1.1088224E7,1,ID106718,106702,286,28.2528
106720,288,155,75.5,766.1666666666666,232.3521955581855,0.9999999999999999,0.11640518190038798,1.0,8.60000005364418,8.60000005364418,0.0,0.0,0.0,65504.0,48753.38628158845,53760.0,17360.0,54.03539397880077,288.0,0.0,-1.0,8.60000005364418,,3.544907701811032,0.7104079836770868,1.0,14311.24505816103,1.3504688E7,1,ID106720,106704,286,32.5508
106900,288,300,1216.8333333333333,24.833333333333332,232.3521955581855,0.9999999999999999,0.12724873724621583,1.0,8.60000005364418,8.60000005364418,0.0,0.0,0.0,38928.0,22245.85559566787,21776.0,16094.0,54.03539397880077,288.0,0.0,-1.0,8.60000005364418,,3.544907701811032,1.4299050413647447,1.0,3512.4134855629673,6162102.0,1,ID106900,,,
94720,290,310,173.80666666666667,135.29333333333332,2249.9999999999995,0.5841804521138044,1.0,1.2906440205464687,30.54390111703065,23.66562788095367,0.49764355123302084,0.217569584202097,-0.3995368772039399,1.0,1.0,1.0,1.0,220.0,290.0,0.0,2250.0,26.761861742291565,134,4.638007234913624,Infinity,0.9717123731375509,0.0,2250.0,1,ID94720,94753,288,7.2519
94721,290,174,188.96523276370064,231.0742486741308,1696.9999999999989,0.4570715649127122,1.0,2.5929822530908124,37.82430640149288,14.587182907405802,-0.13039162758055683,0.2454554764773169,0.19487242341689162,2.0,2.0,2.0,2.0,216.0,290.0,0.0,1697.0,23.24159798408647,112,5.2433980714130035,Infinity,0.9158121964382075,0.0,3394.0,1,ID94721,94754,288,40.2693
94722,290,145,301.3421139282186,275.3213697728021,3036.9999999999973,0.6106250808929403,1.0,1.17691882413543,33.8242925355872,28.739698815196263,0.4017704186416996,0.03019079242739488,-0.16636329558247234,3.0,3.0,3.0,3.0,250.0,290.0,0.0,3037.0,31.091914131171972,142,4.53646550327786,Infinity,0.9740218088518272,0.0,9111.0,1,ID94722,94755,288,18.9267
94723,290,266,869.1132696740204,402.99868291076723,3037.0000000000005,0.591544230203497,1.0,1.22303042911542,34.358577754010646,28.092986843230992,0.9167874370825623,-0.04730579855031935,-0.21638324508559958,4.0,4.0,4.0,4.0,254.0,290.0,0.0,3037.0,31.09191413117199,152,4.609048951330303,Infinity,0.9735534540791798,0.0,12148.0,1,ID94723,94756,288,34.3578
94725,290,177,574.6152737752161,800.9942363112392,693.9999999999999,0.4715106621088486,1.0,1.5188961265896417,18.487262722092023,12.171512191292,0.6969729541773778,0.2731265072567596,-0.39823515701543644,6.0,6.0,6.0,6.0,136.0,290.0,0.0,694.0,14.862942542160038,84,5.1624894024076395,Infinity,0.8768161718256476,0.0,4164.0,1,ID94725,94759,288,12.6837
94726,290,191,1074.8097014925372,837.6948590381426,2411.9999999999986,0.5631332848141035,1.0,1.7102556348655797,36.209447074550525,21.17195016720203,1.9376950482889372,0.10679762699028912,0.0885847333504633,7.0,7.0,7.0,7.0,232.0,290.0,0.0,2412.0,27.708544629325132,132,4.723885181777137,Infinity,0.9737585789261197,0.0,16884.0,1,ID94726,94760,288,52.0281
94727,290,127,1126.1595679951324,97.19774870702769,6574.000000000004,0.5487519955547697,1.0,1.2744568190220391,51.95607162253057,40.76722792569726,0.6695435745498971,-1.1657709901599578,0.6793818939890486,8.0,8.0,8.0,8.0,388.0,290.0,0.0,6574.0,45.74460833554312,224,4.785384909426406,Infinity,0.9661253582188263,0.0,52592.0,1,ID94727,94751,288,60.2404
94728,290,185,72.49591236102027,271.20323741007195,6116.0000000000055,0.3449795437617637,0.9411992899714344,1.7351453086889905,63.21032874851507,36.42941512274518,-0.05595697674422516,-5.283922199182676,2.2888114585062973,9.0,9.0,9.0,9.0,472.0,290.0,0.0,6116.0,44.12236693447061,258,6.035430597593258,Infinity,0.8236482391758138,0.0,55044.0,1,ID94728,94761,288,24.2646
106731,290,293,71.5,738.1666666666666,232.3521955581855,0.9999999999999999,0.1105309066876954,1.0,8.60000005364418,8.60000005364418,0.0,0.0,0.0,65504.0,50930.59927797834,52032.0,27984.0,54.03539397880077,290.0,0.0,-1.0,8.60000005364418,,3.544907701811032,0.8933063832638389,1.0,11349.100126575804,1.4107776E7,1,ID106731,106716,288,28.2528
106733,290,293,62.166666666666664,762.1666666666666,232.3521955581855,0.9999999999999999,-0.17728688936931386,1.0,8.60000005364418,8.60000005364418,0.0,0.0,0.0,65168.0,29011.985559566787,24528.0,15264.0,54.03539397880077,290.0,0.0,-1.0,8.60000005364418,,3.544907701811032,-1.0318389215267638,1.0,12117.79899897258,8036320.0,1,ID106733,106718,288,29.2727
106735,290,155,66.16666666666667,782.1666666666666,232.3521955581855,0.9999999999999999,-0.05133644327266389,1.0,8.60000005364418,8.60000005364418,0.0,0.0,0.0,65504.0,44471.971119133574,43040.0,17744.0,54.03539397880077,290.0,0.0,-1.0,8.60000005364418,,3.544907701811032,-0.3490541992410607,1.0,13789.136366658096,1.2318736E7,1,ID106735,106720,288,18.5233
106904,290,300,1215.5,27.5,232.3521955581855,0.9999999999999999,0.10347112181032604,1.0,8.60000005364418,8.60000005364418,0.0,0.0,0.0,28544.0,22670.537906137186,22960.0,17264.0,54.03539397880077,290.0,0.0,-1.0,8.60000005364418,,3.544907701811032,2.2153157139826445,1.0,1919.1741174114395,6279739.0,1,ID106904,106900,288,2.9814
94763,292,127,1120.2527839643653,79.00222717149221,898.0000000000001,0.5925541278982639,0.6073985680190931,1.1067058870289432,18.21571184626432,16.459397261512834,0.44988501927875024,-0.13973683543754958,0.548538106300616,1.0,1.0,1.0,1.0,138.0,292.0,0.0,898.0,16.906870727400857,68,4.605119645435399,Infinity,0.9383490073145244,0.0,898.0,1,ID94763,94727,290,19.1303
94765,292,310,168.1004842615012,143.76553672316385,2478.0000000000014,0.5785424045478235,1.0,1.1663422441829734,30.25899743857153,25.943497793624083,0.27152226766052096,0.17614170874101132,-0.4589925990561631,3.0,3.0,3.0,3.0,232.0,292.0,0.0,2478.0,28.085083193101525,148,4.660551741403784,Infinity,0.9711934156378604,0.0,7434.0,1,ID94765,94720,290,10.2146
94766,292,174,230.3840579710145,234.88260869565218,2070.0,0.5184228948446167,0.9448032883147387,1.9292543706228427,36.36975241155306,18.851714406022783,0.07533535399994647,-0.3235936266339833,0.8699337766114339,4.0,4.0,4.0,4.0,224.0,292.0,0.0,2070.0,25.669076033243712,116,4.92337420135521,Infinity,0.9486709440879927,0.0,8280.0,1,ID94766,94721,290,41.5935
94767,292,145,320.53014482990903,269.3149208487706,2969.000000000001,0.6066199654336693,0.9937325125909345,1.0837131023244913,31.95162706507888,29.483473990066933,2.941373070631178,0.007913949264027349,0.04342689191225279,5.0,5.0,5.0,5.0,248.0,292.0,0.0,2969.0,30.741861558462507,150,4.551416525435727,Infinity,0.9748809719257923,0.0,14845.0,1,ID94767,94722,290,20.1062
94768,292,266,874.4549141965679,385.2414976599064,3205.000000000002,0.5867259748706539,1.0,1.1898867857526454,34.657013420093385,29.12631170886699,0.6639376896971758,-0.3867120464392243,-0.04155591471952968,6.0,6.0,6.0,6.0,262.0,292.0,0.0,3205.0,31.940306592439743,162,4.627935253586467,Infinity,0.9759439707673574,0.0,19230.0,1,ID94768,94723,290,18.5432
94769,292,191,1109.2631133671744,780.8730964467005,2364.0,0.56156711025227,1.0,1.7175083008522167,35.96308321525744,20.939103000208377,1.9190918336476366,0.1151250386045743,0.1613205824536782,7.0,7.0,7.0,7.0,230.0,292.0,0.0,2364.0,27.431452220735256,132,4.730467901290931,Infinity,0.9740420271940665,0.0,16548.0,1,ID94769,94726,290,66.4511
94771,292,177,587.6444007858546,788.1669941060903,509.0,0.5913722857534042,1.0,1.3167631562986677,14.938227618470256,11.344657956910494,2.154623129093695,-0.0786500011458954,0.4561366647637704,9.0,9.0,9.0,9.0,104.0,292.0,0.0,509.0,12.728697186576065,52,4.609718954650537,Infinity,0.9348025711662076,0.0,4581.0,1,ID94771,94725,290,18.2838
94773,292,185,72.18859050219997,257.6487634653315,6590.999999999978,0.21001092518773842,0.9931455067788921,1.4743362894462586,68.73871828142931,46.62350019699147,0.1062139418161765,-9.30202626416205,8.11010520626482,11.0,11.0,11.0,11.0,628.0,292.0,0.0,6591.0,45.80371665964846,370,7.735421583814991,Infinity,0.6130307398967565,0.0,72501.0,1,ID94773,94728,290,13.558
106746,292,293,71.5,758.1666666666666,232.3521955581855,0.9999999999999999,-0.03372414606358989,1.0,8.60000005364418,8.60000005364418,0.0,0.0,0.0,55136.0,33176.202166064984,30992.0,20768.0,54.03539397880077,292.0,0.0,-1.0,8.60000005364418,,3.544907701811032,-0.29887750249405187,1.0,7748.24372916321,9189808.0,1,ID106746,106731,290,20.0
106748,292,293,56.833333333333336,790.1666666666666,232.3521955581855,0.9999999999999999,-0.023116496736386282,1.0,8.60000005364418,8.60000005364418,0.0,0.0,0.0,65504.0,45091.98555956679,42592.0,22080.0,54.03539397880077,292.0,0.0,-1.0,8.60000005364418,,3.544907701811032,-0.1475596544530266,1.0,14462.419941023558,1.249048E7,1,ID106748,106733,290,28.5034
106750,292,155,56.833333333333336,822.1666666666666,232.3521955581855,0.9999999999999999,0.03442250980549671,1.0,8.60000005364418,8.60000005364418,0.0,0.0,0.0,65504.0,48544.75090252708,49824.0,26544.0,54.03539397880077,292.0,0.0,-1.0,8.60000005364418,,3.544907701811032,0.3127630109346942,1.0,10330.027007942772,1.3446896E7,1,ID106750,106735,290,41.0745
106908,292,300,1218.1666666666667,30.166666666666668,232.3521955581855,0.9999999999999999,0.1558974584758388,1.0,8.60000005364418,8.60000005364418,0.0,0.0,0.0,27104.0,21627.65703971119,21664.0,15184.0,54.03539397880077,292.0,0.0,-1.0,8.60000005364418,,3.544907701811032,2.5348437742222028,1.0,2301.484200088374,5990861.0,1,ID106908,106904,290,3.7712
94790,294,127,1140.7679719462303,75.57042665108123,1711.0000000000002,0.5166536937997056,1.0,1.666939817028571,30.229956872976302,18.13500197437432,0.8913132072924222,-0.050319234908121444,-0.8449401370156966,1.0,1.0,1.0,1.0,204.0,294.0,0.0,1711.0,23.337270947145168,124,4.931796665703183,Infinity,0.9577385950181923,0.0,1711.0,1,ID94790,94763,292,20.8002
94791,294,310,164.37795857988166,149.37832840236686,2704.000000000002,0.5524757111932106,1.0,1.1361166312997513,31.428480101293548,27.6630754584927,-0.38744448680612487,-0.08829491908873666,-0.06198194609572458,2.0,2.0,2.0,2.0,248.0,294.0,0.0,2704.0,29.337858344483337,156,4.769230769230768,Infinity,0.9597160603371788,0.0,5408.0,1,ID94791,94765,292,6.735
94792,294,174,251.20078354554357,245.51665034280117,2042.0000000000011,0.5206665204634657,0.5951740300321152,1.8451479590951947,35.16906706061091,19.06029643165135,0.03911343403715306,-0.3830141438801735,0.6018551773978772,3.0,3.0,3.0,3.0,222.0,294.0,0.0,2042.0,25.494877673511223,120,4.912754991475593,Infinity,0.9442774566473996,0.0,6126.0,1,ID94792,94766,292,23.3756
94793,294,145,315.69072164948454,267.7174044875682,3298.000000000002,0.6130753000910736,0.46050373650705784,1.0737341757652354,33.593257533693745,31.28638194807602,0.0073915556973638274,0.11332354521602667,0.08688401125823776,4.0,4.0,4.0,4.0,260.0,294.0,0.0,3298.0,32.400401303597185,150,4.527391199507481,Infinity,0.9744423105333139,0.0,13192.0,1,ID94793,94767,292,5.0963
94794,294,266,863.8378812199037,381.50850722311395,3114.999999999999,0.5972937692829714,1.0,1.14046593514572,33.524565285664835,29.395499025914635,0.5860283872219819,-0.18867747062190332,-0.296401785260686,5.0,5.0,5.0,5.0,256.0,294.0,0.0,3115.0,31.488653439969575,156,4.586811997647785,Infinity,0.9760300798997332,0.0,15575.0,1,ID94794,94768,292,11.2542
94795,294,191,1154.3028305544785,709.2939123691353,2579.0000000000014,0.5721465612321222,1.0,1.5261883530708498,35.364793506881774,23.171971818369684,1.9287159346000102,0.12979261672672415,0.08572052440795731,6.0,6.0,6.0,6.0,238.0,294.0,0.0,2579.0,28.651722399674277,142,4.686528754232678,Infinity,0.9724736048265465,0.0,15474.0,1,ID94795,94769,292,84.5704
94797,294,185,45.40269859369061,261.42398327632077,5261.999999999997,0.3384668729794534,0.8783912422655877,1.3230829229216847,49.81701674729199,37.6522256347199,2.3254995515748096,0.45341798710049414,1.358882664828136,8.0,8.0,8.0,8.0,442.0,294.0,0.0,5262.0,40.92611172710041,296,6.093219839474258,Infinity,0.8408437200383505,0.0,42096.0,1,ID94797,94773,292,27.0506
94799,294,177,581.0935632183908,756.7248275862069,4350.000000000002,0.3382571729193734,1.0,2.6928209680820694,61.46697623310676,22.826239457310045,1.3407075275993203,-0.3949755009838788,-0.5258182028490599,10.0,10.0,10.0,10.0,402.0,294.0,0.0,4350.0,37.210858696078084,238,6.095108270374382,Infinity,0.8559622195985834,0.0,43500.0,1,ID94799,94771,292,32.1173
106765,294,293,72.83333333333333,778.1666666666666,232.3521955581855,0.9999999999999999,-0.15975862854913458,1.0,8.60000005364418,8.60000005364418,0.0,0.0,0.0,46256.0,27004.996389891698,24848.0,16304.0,54.03539397880077,294.0,0.0,-1.0,8.60000005364418,,3.544907701811032,-1.48540783842374,1.0,6913.352003995336,7480384.0,1,ID106765,106746,292,20.0444
106768,294,293,56.833333333333336,798.1666666666666,232.3521955581855,0.9999999999999999,-0.07350585687730314,1.0,8.60000005364418,8.60000005364418,0.0,0.0,0.0,53584.0,37928.6642599278,38032.0,20720.0,54.03539397880077,294.0,0.0,-1.0,8.60000005364418,,3.544907701811032,-0.8086480273300988,1.0,7442.4731917108,1.050624E7,1,ID106768,106748,292,8.0
106770,294,155,54.166666666666664,824.8333333333334,232.3521955581855,0.9999999999999999,-0.3167261570451192,1.0,8.60000005364418,8.60000005364418,0.0,0.0,0.0,34448.0,21822.5559566787,20800.0,14432.0,54.03539397880077,294.0,0.0,-1.0,8.60000005364418,,3.544907701811032,-4.679467880637839,1.0,4323.428456367529,6044848.0,1,ID106770,106750,292,3.7712
106912,294,300,1219.5,35.5,232.3521955581855,0.9999999999999999,0.1806387032654136,1.0,8.60000005364418,8.60000005364418,0.0,0.0,0.0,24864.0,20204.12996389892,21264.0,0.0,54.03539397880077,294.0,0.0,-1.0,8.60000005364418,,3.544907701811032,1.5507025436785193,1.0,3986.900900122304,5596544.0,1,ID106912,106908,292,5.4975
107676,294,314,3.5,896.8333333333334,232.3521955581855,0.9999999999999999,0.3609690725320128,1.0,8.60000005364418,8.60000005364418,0.0,0.0,0.0,55808.0,37502.238267148015,35424.0,16356.0,54.03539397880077,294.0,0.0,-1.0,8.60000005364418,,3.544907701811032,2.223919648931512,1.0,8945.195360484082,1.038812E7,1,ID107676,,,
94819,296,127,1149.6539509536785,84.24087193460491,1835.0000000000032,0.5130671519524101,1.0,1.7551562505097869,32.11093719898537,18.295201461213903,0.8138358899962491,-0.24393903520008275,-0.8603104438249283,1.0,1.0,1.0,1.0,212.0,296.0,0.0,1835.0,24.168132760874535,136,4.949004248510105,Infinity,0.9662980516061102,0.0,1835.0,1,ID94819,94790,294,12.4152
94822,296,310,149.32603406326035,167.2356621480709,2877.000000000001,0.543138156623871,1.0,1.1404495053598227,32.45202017061829,28.455464286758904,-0.6096764527358275,-0.05624398052664962,0.0019566581108624664,2.0,2.0,2.0,2.0,258.0,296.0,0.0,2877.0,30.261816577178013,162,4.810052039807024,Infinity,0.9524913093858636,0.0,5754.0,1,ID94822,94791,294,23.3548
94824,296,145,297.5859375,258.5975,3200.0000000000014,0.6135923151542567,0.7454545454545455,1.1502089499123689,34.40621456983522,29.91301239001534,0.08517675779039968,-0.030802003736408408,0.24372654826037532,3.0,3.0,3.0,3.0,256.0,296.0,0.0,3200.0,31.915382432114622,142,4.525483399593903,Infinity,0.9695500681714896,0.0,9600.0,1,ID94824,94793,294,20.272
94826,296,174,238.19056603773586,258.0050314465409,1590.0000000000007,0.6032039994212985,0.7179902755267423,1.4740174794354755,27.36100745132001,18.562200131981356,-0.08434546722944548,-0.20652565838565265,-0.18905535544578767,4.0,4.0,4.0,4.0,182.0,296.0,0.0,1590.0,22.49694910498371,84,4.564285749437223,Infinity,0.9624697336561744,0.0,6360.0,1,ID94826,94792,294,18.034
94828,296,266,856.9672727272728,375.35848484848486,3299.999999999998,0.5605133951582132,1.0,1.2458513938041753,36.044946118567424,28.93197880407318,0.3300712142840129,0.03371811937908341,-0.4309068305286995,5.0,5.0,5.0,5.0,272.0,296.0,0.0,3300.0,32.41022407214286,176,4.734912241994983,Infinity,0.9711595055915238,0.0,16500.0,1,ID94828,94794,294,9.2211
94829,296,191,1185.260690172543,646.847711927982,2665.999999999997,0.5816309732271095,0.9668019181113979,1.4145322458321365,34.64023681036641,24.488827958805818,2.133224612198739,0.15235475873011672,0.12283046565659382,6.0,6.0,6.0,6.0,240.0,296.0,0.0,2666.0,29.13098276004407,142,4.648161071901189,Infinity,0.973703433162892,0.0,15996.0,1,ID94829,94795,294,69.6988
94830,296,293,46.02988047808765,763.8286852589641,1004.0000000000013,0.5184350795864819,1.0,1.7854374456001736,23.75012467348275,13.30213205285339,0.5957574901159602,0.04308904997461014,-0.05043383426065215,7.0,7.0,7.0,7.0,156.0,296.0,0.0,1004.0,17.876888032555506,100,4.923316344162862,Infinity,0.9566460219151989,0.0,7028.0,1,ID94830,106765,294,30.3974
94832,296,177,571.5285343709468,735.1370514483355,4625.999999999998,0.45357534457433846,1.0,1.7251499030894848,53.326336979851405,30.91113235107971,1.6983777617992581,-1.257729048624056,0.0380803318207182,9.0,9.0,9.0,9.0,358.0,296.0,0.0,4626.0,38.37318768992505,184,5.263567690602023,Infinity,0.8782154722354056,0.0,41634.0,1,ID94832,94799,294,23.6119
106788,296,293,22.166666666666668,812.8333333333334,232.3521955581855,0.9999999999999999,-0.17573797579952707,1.0,8.60000005364418,8.60000005364418,0.0,0.0,0.0,61776.0,32155.436823104694,30400.0,17888.0,54.03539397880077,296.0,0.0,-1.0,8.60000005364418,,3.544907701811032,-1.373138500095576,1.0,9985.513285041516,8907056.0,1,ID106788,106768,294,37.6416
106790,296,155,2.1666666666666665,840.8333333333334,232.3521955581855,0.9999999999999999,-0.016838062026412953,1.0,8.60000005364418,8.60000005364418,0.0,0.0,0.0,52960.0,22886.447653429605,22496.0,0.0,54.03539397880077,296.0,0.0,-1.0,8.60000005364418,,3.544907701811032,-0.08581297698736579,1.0,9135.292626872468,6339546.0,1,ID106790,106770,294,54.4059
106916,296,300,1219.5,30.166666666666668,232.3521955581855,0.9999999999999999,0.11888144359062994,1.0,8.60000005364418,8.60000005364418,0.0,0.0,0.0,23904.0,16917.54512635379,17548.0,0.0,54.03539397880077,296.0,0.0,-1.0,8.60000005364418,,3.544907701811032,0.9812559431420471,1.0,3663.6589469131554,4686160.0,1,ID106916,106912,294,5.3333
107680,296,314,3.5,896.8333333333334,232.3521955581855,0.9999999999999999,0.237860380227424,1.0,8.60000005364418,8.60000005364418,0.0,0.0,0.0,40960.0,22656.061371841155,22224.0,8588.0,54.03539397880077,296.0,0.0,-1.0,8.60000005364418,,3.544907701811032,1.7629775293761887,1.0,4938.761763915385,6275729.0,1,ID107680,107676,294,0.0
94802,298,127,1164.416934619507,94.66345123258307,932.9999999999998,0.5814532723267757,0.533278553820871,1.1122232332931816,18.574562561696816,16.70039071805702,-0.09964938001525671,-0.2905425282701292,0.2967941804474462,1.0,1.0,1.0,1.0,142.0,298.0,0.0,933.0,17.233198304710495,72,4.648871291748724,Infinity,0.9452887537993917,0.0,933.0,1,ID94802,94819,296,18.0714
94804,298,310,126.85997482693519,184.10352422907488,3178.0000000000064,0.27656458318859783,0.7558549986187422,1.7341478264769237,46.70292034493932,26.93133747416475,2.489229891365443,6.767731332115766,0.07951041734067602,3.0,3.0,3.0,3.0,380.0,298.0,0.0,3178.0,31.805484091459586,230,6.740725628688543,Infinity,0.6808784145688284,0.0,9534.0,1,ID94804,94822,296,28.0936
94805,298,174,270.46153846153845,264.3381712626996,2067.000000000001,0.5270409881478861,1.0,1.9794525167087538,36.77108836257599,18.576393246207022,0.19555472927212514,-0.7894951849142823,0.6061257542377558,4.0,4.0,4.0,4.0,222.0,298.0,0.0,2067.0,25.650468509208476,116,4.882955159381877,Infinity,0.9534132841328418,0.0,8268.0,1,ID94805,94826,296,32.8865
94806,298,266,846.0663121676572,367.6737566468564,3196.9999999999986,0.5943001013921044,1.0,1.2283088520543195,35.8911069729774,29.219936755279676,0.19329727815502587,0.13350266370810218,-1.3780311214068108,5.0,5.0,5.0,5.0,260.0,298.0,0.0,3197.0,31.900418588626362,148,4.598350059729831,Infinity,0.973359719896483,0.0,15985.0,1,ID94806,94828,296,13.3374
94807,298,191,1192.3358714043993,615.9352791878173,2363.999999999999,0.613778928354237,0.7530589543937709,1.2672818274893634,31.066041691787895,24.513917123970312,3.1265506878733085,0.36382439487906604,0.04623067061753522,6.0,6.0,6.0,6.0,220.0,298.0,0.0,2364.0,27.431452220735252,122,4.5247953838435,Infinity,0.9742427364516788,0.0,14184.0,1,ID94807,94829,296,31.7118
94808,298,293,44.130148270181216,755.013179571664,1213.9999999999995,0.5278745303056066,1.0,1.7216551027287912,25.722824638680006,14.940753579453753,0.5258625294786383,-0.06053775933981384,-0.0022727815066775226,7.0,7.0,7.0,7.0,170.0,298.0,0.0,1214.0,19.65777713341775,110,4.879098412407479,Infinity,0.9596837944664026,0.0,8498.0,1,ID94808,94830,296,9.0179
94809,298,293,6.742363877822045,824.9269588313413,752.9999999999999,0.33526350172238006,0.2689674542709687,2.6489602420460128,33.712619200042795,12.726736575707806,-1.4600640893572066,-5.040680610615836,3.388355365208234,8.0,8.0,8.0,8.0,168.0,298.0,0.0,753.0,15.481839176803069,60,6.122260343463631,Infinity,0.9330855018587362,0.0,6024.0,1,ID94809,106788,296,19.6001
94813,298,177,570.7832225913621,723.5890780730897,4816.000000000003,0.4191110864179627,1.0,1.2134472569151555,45.25022308919089,37.290638576436116,0.19392913195303965,0.05938301826894681,-2.3856337999616044,12.0,12.0,12.0,12.0,380.0,298.0,0.0,4816.0,39.15329375494655,202,5.475708968190231,Infinity,0.8361111111111116,0.0,57792.0,1,ID94813,94832,296,11.572
106922,298,300,1211.5,23.5,232.3521955581855,0.9999999999999999,0.020517924992162217,1.0,8.60000005364418,8.60000005364418,0.0,0.0,0.0,20608.0,17000.259927797833,16896.0,14000.0,54.03539397880077,298.0,0.0,-1.0,8.60000005364418,,3.544907701811032,0.5568601866666616,1.0,1227.5867413568246,4709072.0,1,ID106922,106916,296,10.4137
107395,298,145,175.01698113207547,179.63584905660377,232.3521955581855,0.9999999999999999,-0.004803470175637093,1.0,8.60000005364418,8.60000005364418,0.0,0.0,0.0,57056.0,36776.43321299639,35808.0,16848.0,54.03539397880077,298.0,0.0,-1.0,8.60000005364418,,3.544907701811032,-0.030699175403145856,1.0,11564.294354935304,1.0187072E7,1,ID107395,94824,296,145.8015
107684,298,314,4.833333333333333,891.5,232.3521955581855,0.9999999999999999,0.10031681995264217,1.0,8.60000005364418,8.60000005364418,0.0,0.0,0.0,41248.0,19795.570397111915,16384.0,9331.0,54.03539397880077,298.0,0.0,-1.0,8.60000005364418,,3.544907701811032,0.43414408798500065,1.0,8314.193527143909,5483373.0,1,ID107684,107680,296,5.4975
94845,300,127,1164.3373961218836,89.50858725761773,1804.999999999999,0.53450605521063,1.0,1.6053003377156299,30.430090170417664,18.956010570408406,0.8432915279552846,0.11116133369002465,-0.6338165867251324,1.0,1.0,1.0,1.0,206.0,300.0,0.0,1805.0,23.969758959191516,124,4.848736877525861,Infinity,0.9665327978580986,0.0,1805.0,1,ID94845,94802,298,5.1555
94846,300,145,183.95501499500168,174.70576474508496,3001.0000000000045,0.5938472885753958,0.902377179080824,1.1654809654610843,33.27437008731942,28.549904351424143,-1.2777942400675237,0.059816740148993075,0.30934736885145997,2.0,2.0,2.0,2.0,252.0,300.0,0.0,3001.0,30.90708605542679,154,4.600102863112545,Infinity,0.9741925012173365,0.0,6002.0,1,ID94846,107395,298,10.2076
94847,300,310,111.60311143270623,214.1979015918958,2763.9999999999964,0.5739547950639287,0.9484608756951515,1.1321040166069687,31.61022169827702,27.921658464754927,-0.06144333473611417,0.26979167534055715,-0.08882442193907068,3.0,3.0,3.0,3.0,246.0,300.0,0.0,2764.0,29.6615664692881,152,4.6791405199874845,Infinity,0.9696544465883166,0.0,8292.0,1,ID94847,94804,298,33.7408
94848,300,174,285.729398012858,276.1157218001169,1711.0000000000002,0.4524253034502262,1.0,2.754978004413946,39.22728871276104,14.23869397501984,0.21486591935362534,-1.0990693014169763,0.08667750549812084,4.0,4.0,4.0,4.0,218.0,300.0,0.0,1711.0,23.337270947145168,106,5.270253299623989,Infinity,0.9033790918690604,0.0,6844.0,1,ID94848,94805,298,19.2826
94849,300,266,840.7260397830019,365.585292344786,3318.0000000000005,0.5805192929723175,1.0,1.326239098194251,37.953036339108564,28.61703925844424,0.10890854118606579,0.34898931516181814,-0.6992341792662076,5.0,5.0,5.0,5.0,268.0,300.0,0.0,3318.0,32.49849538606084,152,4.652609500674058,Infinity,0.9687591240875917,0.0,16590.0,1,ID94849,94806,298,5.7341
94850,300,191,1200.9638989169675,608.9562274368232,2216.0,0.6080678941702317,0.7357702349869453,1.4882250887074235,32.815973231115954,22.050409901110992,1.237997150515199,0.5551555050138869,-0.028239857541851123,6.0,6.0,6.0,6.0,214.0,300.0,0.0,2216.0,26.558891313141824,110,4.545994388684335,Infinity,0.973851900681169,0.0,13296.0,1,ID94850,94807,298,11.0973
94851,300,177,566.5315186246419,722.8180515759312,698.0000000000001,0.4884900138573571,1.0,1.570742883440189,18.96817176728071,12.0759240530425,0.63360744574202,-0.0030143482963832955,0.11487145772367939,7.0,7.0,7.0,7.0,134.0,300.0,0.0,698.0,14.905713688256794,84,5.071974799499912,Infinity,0.9000644745325598,0.0,4886.0,1,ID94851,94813,298,4.321
94852,300,293,11.88139281828074,740.6093579978237,919.0000000000002,0.5727283572007579,0.7258215962441316,1.672820255371839,22.695501104790683,13.567208450465507,1.4769759587745699,0.17754076579299216,-0.10229020264872528,8.0,8.0,8.0,8.0,142.0,300.0,0.0,919.0,17.103414436974383,64,4.684147785753699,Infinity,0.9543094496365525,0.0,7352.0,1,ID94852,94808,298,35.3193
94853,300,293,9.242256637168142,813.941371681416,904.0000000000001,0.5633802338514527,0.6987159411212026,1.6131343197072896,24.50932293689806,15.193603308461867,1.5518367905404051,-2.8444576006750437,-0.11764333919310264,9.0,9.0,9.0,9.0,142.0,300.0,0.0,904.0,16.96325844612841,54,4.722849747187949,Infinity,0.970998925886144,0.0,8136.0,1,ID94853,94809,298,11.2664
94864,302,127,1192.5840220385676,92.04132231404958,1815.0000000000005,0.5271810897064975,0.9085173501577286,1.615627430494183,30.596053537530768,18.937567510952785,0.7934772673205993,-0.17362691598785604,-0.5306734178382612,1.0,1.0,1.0,1.0,208.0,302.0,0.0,1815.0,24.036065473025744,130,4.88230627885541,Infinity,0.9643995749202978,0.0,1815.0,1,ID94864,94845,300,28.3599
94865,302,145,191.69261880687563,170.0134816312774,2966.999999999999,0.6062113295526088,0.899183869419107,1.0715864944712872,31.85368334426434,29.725723036459797,1.5014998857163266,-0.05669030431113615,-0.012018568995737017,2.0,2.0,2.0,2.0,248.0,302.0,0.0,2967.0,30.73150553271523,142,4.552950279994996,Infinity,0.971194762684124,0.0,5934.0,1,ID94865,94846,300,9.0492
94866,302,310,120.63483575248281,204.20397249809014,2618.0000000000023,0.5711589977151449,0.9480777180653163,1.2170971942342166,31.93359083526534,26.2375026304761,0.1978241739676776,0.25744680995386154,-0.25041709092268055,3.0,3.0,3.0,3.0,240.0,302.0,0.0,2618.0,28.867547211863442,148,4.690578629964623,Infinity,0.9685534591194975,0.0,7854.0,1,ID94866,94847,300,13.4704
94867,302,174,291.1474423269809,278.0887662988967,1994.0000000000014,0.49938901078268905,1.0,2.397581927398804,39.46162261777871,16.458925622863532,0.2073472154194248,-0.5790459887136281,0.12468126185453272,4.0,4.0,4.0,4.0,224.0,302.0,0.0,1994.0,25.19344980447257,110,5.016322405050758,Infinity,0.9486203615604193,0.0,7976.0,1,ID94867,94848,300,5.7661
94868,302,266,841.659834811869,359.8293055980422,3268.9999999999986,0.5894092277654401,1.0,1.3513270689781065,37.77712673722345,27.955576118068198,0.1100930888376217,0.5929794698036943,-0.17394462113830178,5.0,5.0,5.0,5.0,264.0,302.0,0.0,3269.0,32.25763503319503,150,4.617389027538234,Infinity,0.9716153960469608,0.0,16345.0,1,ID94868,94849,300,5.8312
94869,302,191,1201.202778983934,589.9426834563612,2303.000000000001,0.6202921708862565,0.7438162544169611,1.4126190517686203,32.680375438317576,23.134599096197416,1.5078771856004491,0.2535967185071827,-0.0046358744239232775,6.0,6.0,6.0,6.0,216.0,302.0,0.0,2303.0,27.07522239763268,110,4.500976880506459,Infinity,0.9744023693674637,0.0,13818.0,1,ID94869,94850,300,19.015
94870,302,293,16.28952380952381,722.8085714285714,1050.0000000000005,0.6023871961777364,0.8628030751034891,1.7658592011108227,24.842181994609273,14.068042332583579,1.4882019789913559,0.08457664950243673,-0.41695096966974443,7.0,7.0,7.0,7.0,148.0,302.0,0.0,1050.0,18.281831978578634,68,4.56737915887792,Infinity,0.9672961768770154,0.0,7350.0,1,ID94870,94852,300,18.3385
94871,302,293,17.19094138543517,795.265541740675,1126.0,0.5966323710477495,0.755261106780982,1.3158382563558866,21.949084156799607,16.680685525579655,1.3454961347740673,-0.044159924444491176,0.36173504481209007,8.0,8.0,8.0,8.0,154.0,302.0,0.0,1126.0,18.931902488734416,86,4.5893536541325535,Infinity,0.9599317988064792,0.0,9008.0,1,ID94871,94853,300,20.297
94872,302,197,13.516493873704054,21.633364750235625,1061.0000000000002,0.6254887981720344,0.5,1.4017957393970575,22.71216171910337,16.20219057654745,-1.1835646444835433,-1.0455174191366872,0.2580009188322763,9.0,9.0,9.0,9.0,146.0,302.0,0.0,1061.0,18.377344455633462,68,4.482240586872272,Infinity,0.9689497716894979,0.0,9549.0,1,ID94872,,,
94873,302,177,609.9579144259995,713.042319382745,4276.999999999997,0.4101398546870833,1.0,2.3765924695689904,57.063141039855616,24.010486345689873,-0.5391435110665381,-0.9274763597665677,0.5146494888529006,10.0,10.0,10.0,10.0,362.0,302.0,0.0,4277.0,36.89730861740558,238,5.535271728408483,Infinity,0.9178111587982827,0.0,42770.0,1,ID94873,94851,300,44.5131
94894,304,127,1193.7346241457858,97.84851936218679,1755.9999999999998,0.5302418973186924,0.8575458392101553,1.6475478988244399,30.369845411147214,18.43336113797768,0.6277334584378109,-0.30416176409760853,-0.45591893766375896,1.0,1.0,1.0,1.0,204.0,304.0,0.0,1756.0,23.642169108157916,122,4.868194391014147,Infinity,0.9648351648351646,0.0,1756.0,1,ID94894,94864,302,5.9201
94895,304,145,175.47992351816444,177.59273422562143,2614.9999999999973,0.6105280015708457,0.9115497076023393,1.0410650224318176,29.383671868220087,28.224626930201673,-0.6736385940162304,0.3510142883760098,0.08238938180357358,2.0,2.0,2.0,2.0,232.0,304.0,0.0,2615.0,28.851002623316433,138,4.536826157899166,Infinity,0.9748369058713879,0.0,5230.0,1,ID94895,94865,302,17.8968
94896,304,310,107.75706214689265,216.863196125908,2478.0000000000027,0.5590969976727604,0.9518641694381235,1.2191735065323057,31.00829782866897,25.43386783138509,0.0940178510108669,0.1435260563604651,-0.2727932045717168,3.0,3.0,3.0,3.0,236.0,304.0,0.0,2478.0,28.085083193101532,150,4.740906081772813,Infinity,0.9632653061224501,0.0,7434.0,1,ID94896,94866,302,18.058
94897,304,174,248.74325581395348,275.3525581395349,2150.000000000001,0.501963748901461,1.0,1.9182621397072028,36.25284999469804,18.898798680472083,0.2678571506899144,0.16581726279294645,0.111737844966865,4.0,4.0,4.0,4.0,232.0,304.0,0.0,2150.0,26.160394784772464,136,5.003440676639542,Infinity,0.9566184649610683,0.0,8600.0,1,ID94897,94867,302,42.4924
94898,304,266,823.5387313650979,363.86349020754164,3421.0000000000036,0.5897058144269242,1.0,1.2998756671472473,38.07726038087263,29.29300189489532,0.03096321641365285,1.0925241664396124,-0.02059811884114218,5.0,5.0,5.0,5.0,270.0,304.0,0.0,3421.0,32.99906242054082,148,4.616227746612374,Infinity,0.9659748694056202,0.0,17105.0,1,ID94898,94868,302,18.5647
94899,304,191,1176.477054034049,597.9955588452998,2702.0000000000014,0.6096368392702978,1.0,1.3327231591901056,34.07563171991001,25.568424683651276,-1.4882226217558907,-0.5964123256666313,0.07550152203308237,6.0,6.0,6.0,6.0,236.0,304.0,0.0,2702.0,29.32700653780748,130,4.540140895239996,Infinity,0.9759797724399497,0.0,16212.0,1,ID94899,94869,302,26.004
94900,304,177,594.9465541490858,711.9732770745429,711.0,0.5286798524739273,1.0,1.3688938191726998,17.861041623916098,13.047791854820806,1.18475858580971,0.33102618356892183,0.32737959774220254,7.0,7.0,7.0,7.0,130.0,304.0,0.0,711.0,15.043880120390323,82,4.87538090401277,Infinity,0.9191984486102133,0.0,4977.0,1,ID94900,94873,302,15.0494
94901,304,293,19.430817610062892,793.8569182389937,1271.9999999999995,0.6090696319716835,0.5843886236246626,1.3082845525631754,23.08152623160845,17.64258867567258,1.5261714720305983,0.3104454434825836,0.036409364086995966,8.0,8.0,8.0,8.0,162.0,304.0,0.0,1272.0,20.121882994038643,90,4.54225444814556,Infinity,0.9676683149486494,0.0,10176.0,1,ID94901,94871,302,2.646
94902,304,197,13.09729381443299,31.262886597938145,1552.0000000000002,0.5182008500766669,0.43592906707787205,2.1107988008414003,33.26110639605962,15.757592046575532,1.5861256961855748,-1.0551625062626602,-0.06874921791508716,9.0,9.0,9.0,9.0,194.0,304.0,0.0,1552.0,22.226491926465663,78,4.924428900898052,Infinity,0.9374811235276356,0.0,13968.0,1,ID94902,94872,302,9.6386
94903,304,293,12.629204590423427,716.2465373961219,2527.0,0.4108899454283633,0.5050924179554885,3.163443564929993,55.04891582122144,17.401579857941822,-1.5309408711119683,-1.3449892565303716,0.17437647197461895,10.0,10.0,10.0,10.0,278.0,304.0,0.0,2527.0,28.36140127684877,86,5.530217026135008,Infinity,0.9150823827629911,0.0,25270.0,1,ID94903,94870,302,7.5139
94930,306,127,1201.5027692307692,87.21230769230769,1625.000000000001,0.5777600794571545,0.7345668030599538,1.5098912049668194,28.971378261100302,19.187725688975693,0.6274412904699185,1.5046193532074696,0.25862951978751647,1.0,1.0,1.0,1.0,188.0,306.0,0.0,1625.0,22.743209207336157,94,4.663706020554237,Infinity,0.9713090257023318,0.0,1625.0,1,ID94930,94894,304,13.1709
94932,306,145,180.05331920903956,170.4526836158192,2832.0000000000023,0.5786284075810549,0.9298126064735945,1.309255584593641,34.30280949370306,26.200239202607456,2.5304854833333508,0.32890342047364385,0.233538121037192,2.0,2.0,2.0,2.0,248.0,306.0,0.0,2832.0,30.024216853608287,152,4.660205373617537,Infinity,0.970361487065274,0.0,5664.0,1,ID94932,94895,304,8.4792
94935,306,310,107.43775100401606,221.19277108433735,2489.9999999999995,0.591498352169269,0.9932402383705415,1.3567670658161404,33.001539630181725,24.323659131812875,0.27464580978574604,0.24597216829358948,-0.5158819793728562,3.0,3.0,3.0,3.0,230.0,306.0,0.0,2490.0,28.153003686953877,132,4.609227692323164,Infinity,0.9722764545099569,0.0,7470.0,1,ID94935,94896,304,4.3413
94937,306,174,241.9147917663954,263.5887984681666,2089.0,0.49624098702072417,1.0,2.0131645494711092,36.39987606582892,18.080924420903276,0.4625283030204607,0.3888546028967863,0.030018326014199077,4.0,4.0,4.0,4.0,230.0,306.0,0.0,2089.0,25.78661187977084,146,5.032208373127967,Infinity,0.9673535540634406,0.0,8356.0,1,ID94937,94897,304,13.602
94938,306,266,825.4779892920881,360.5029744199881,3361.9999999999995,0.5795355007609813,1.0,1.4001584616852814,38.97810115706791,27.83834988944927,-0.146114045711753,0.8725585390734083,0.12740894423365154,5.0,5.0,5.0,5.0,270.0,306.0,0.0,3362.0,32.713266992917475,150,4.656556851716289,Infinity,0.9602970579834331,0.0,16810.0,1,ID94938,94898,304,3.8799
94939,306,191,1172.6615614493837,592.2670900261487,2677.0000000000005,0.6039962319491438,1.0,1.2874806664665635,33.23630886891124,25.81499647690003,-1.372118947152128,-0.12817697247036489,0.16274607474960637,6.0,6.0,6.0,6.0,236.0,306.0,0.0,2677.0,29.19101857273925,134,4.561291391236849,Infinity,0.9734545454545456,0.0,16062.0,1,ID94939,94899,304,6.8828
94940,306,293,29.316953316953317,791.7510237510237,1220.9999999999998,0.5846493872935736,1.0,1.4258549486618024,23.712852301034005,16.630620332937134,1.7500909061543939,0.43595534274162295,0.04924289429654586,7.0,7.0,7.0,7.0,162.0,306.0,0.0,1221.0,19.714369658460004,92,4.6361468369603545,Infinity,0.9614173228346455,0.0,8547.0,1,ID94940,94901,304,10.1079
94941,306,197,21.121261912586263,36.40749260598094,3042.9999999999995,0.6318901741604692,0.4164468580294802,1.5961608929357933,40.79115120829489,25.55578913681338,-1.5365648340960272,-1.2210179699542418,-0.7512507107438293,8.0,8.0,8.0,8.0,246.0,306.0,0.0,3043.0,31.122612095665666,96,4.459479079909135,Infinity,0.9723598018852849,0.0,24344.0,1,ID94941,94902,304,9.5316
94942,306,177,621.8188820857199,705.4515109618803,5063.000000000002,0.46474459036158156,1.0,2.033244697311886,58.982989887067,29.009292371472696,2.8571812225022253,2.113984117570083,0.6170823607027662,9.0,9.0,9.0,9.0,370.0,306.0,0.0,5063.0,40.14477492462167,202,5.199933149572568,Infinity,0.934736453429337,0.0,45567.0,1,ID94942,94900,304,27.6524
94955,308,127,1206.5399209486166,78.9897233201581,1265.0,0.5910343109445402,0.717583163611677,1.774210955262406,35.6595300364384,20.09881064631593,0.35052519723078923,12.65958362016958,3.107842799962917,1.0,1.0,1.0,1.0,164.0,308.0,0.0,1265.0,20.066439794405365,72,4.611036768347374,Infinity,0.9727028066128413,0.0,1265.0,1,ID94955,94930,306,9.6428
94956,308,145,175.1910147659441,152.10587496072887,3182.999999999995,0.5101882355294028,1.0,1.3130967017514479,36.35578292199484,27.68705676703201,-1.1066490669204103,0.2897941859595077,0.10189790774267116,2.0,2.0,2.0,2.0,280.0,308.0,0.0,3183.0,31.83049430535134,184,4.9629478536503076,Infinity,0.9396309963099617,0.0,6366.0,1,ID94956,94932,306,18.9802
94957,308,310,99.35200635677394,222.89193484306713,2516.9999999999986,0.5776454605219888,1.0,1.2819392174297488,32.14205769096778,25.072996639740598,0.3316994063102135,0.1692588531670403,-0.4697039243018682,3.0,3.0,3.0,3.0,234.0,308.0,0.0,2517.0,28.30522890782904,134,4.664168694062708,Infinity,0.9651073619631895,0.0,7551.0,1,ID94957,94935,306,8.2623
94959,308,174,251.42797276060764,253.0775275013096,1908.9999999999998,0.5238274413226408,1.0,1.8650818304405201,33.97534575693232,18.216544283693743,0.32286796332233725,0.6938248380657774,-0.32664073732880045,4.0,4.0,4.0,4.0,214.0,308.0,0.0,1909.0,24.65063027033703,120,4.897910096217962,Infinity,0.9568922305764408,0.0,7636.0,1,ID94959,94937,306,14.177
94960,308,266,819.5493042952208,347.5825771324864,3306.0000000000005,0.587150506685955,1.0,1.3395524458426864,38.0678556074018,28.4183390695495,-0.18031821019891475,0.9975909434439273,0.370219362719545,5.0,5.0,5.0,5.0,266.0,308.0,0.0,3306.0,32.439674531715205,148,4.626261865758867,Infinity,0.9630061170987476,0.0,16530.0,1,ID94960,94938,306,14.2157
94962,308,191,1163.7988227146814,571.4103185595568,2888.0000000000023,0.5900702122507369,1.0,1.2747400612242867,34.21714349552484,26.84244775571106,2.6473580007638007,0.2751724982150225,-0.01734806474907904,6.0,6.0,6.0,6.0,248.0,308.0,0.0,2888.0,30.319613310508895,150,4.614802150901677,Infinity,0.9746878164022957,0.0,17328.0,1,ID94962,94939,306,22.6617
94963,308,177,616.3344867358708,701.9538638985006,867.0000000000001,0.5890486225480863,1.0,1.2772347927807821,19.066258341587705,14.927763046664936,2.137691446235926,0.4665463883391995,0.1758198145889005,7.0,7.0,7.0,7.0,136.0,308.0,0.0,867.0,16.612485404699278,72,4.618802153517006,Infinity,0.9475409836065575,0.0,6069.0,1,ID94963,94942,306,6.5048
94964,308,293,27.56390977443609,788.3142857142857,1329.9999999999998,0.5921652819266474,1.0,1.389592184800372,24.74862952959755,17.809994759831586,-1.4754352680011864,0.8961560077493227,0.012925510748227453,8.0,8.0,8.0,8.0,168.0,308.0,0.0,1330.0,20.575523046193542,92,4.606631375699488,Infinity,0.9637681159420288,0.0,10640.0,1,ID94964,94940,306,3.858
94965,308,197,28.82904085257549,38.323934280639435,4504.0,0.6205751200284385,0.41672346002621236,1.1465496162746829,44.13230714405153,38.491406318240486,2.0307597306457756,-4.798274064335455,-0.4903588760895492,9.0,9.0,9.0,9.0,302.0,308.0,0.0,4504.0,37.86380497746883,122,4.4999506608702315,Infinity,0.9765828274067649,0.0,40536.0,1,ID94965,94941,306,7.9425
94924,310,197,11.973684210526315,50.797482837528605,873.9999999999999,0.6116622809617909,0.7098141506358003,1.119844294191205,19.770976136534294,17.65511173213028,-0.5695832785100707,-3.6846721330208383,0.26186019934401006,1.0,1.0,1.0,1.0,134.0,310.0,0.0,874.0,16.679413674486074,66,4.532617612994647,Infinity,0.9700332963374029,0.0,874.0,1,ID94924,94965,308,20.9688
94925,310,127,1207.8392568659128,87.24959612277867,1237.9999999999995,0.5645654964645322,0.7119151878312976,1.7489933883292073,38.25569631401253,21.872979377330722,0.3686257252217739,16.484200053246052,4.176371380122805,2.0,2.0,2.0,2.0,166.0,310.0,0.0,1238.0,19.85113697236339,76,4.717889509266598,Infinity,0.9713613181639855,0.0,2476.0,1,ID94925,94955,308,8.3614
94926,310,145,164.48728813559322,169.65012106537532,3304.0,0.5780698444787634,1.0,1.3631671196306918,38.08679703215355,27.93993229712876,2.031760793086813,-0.3335008720551812,0.22802578567128304,3.0,3.0,3.0,3.0,268.0,310.0,0.0,3304.0,32.429860683500394,158,4.662456304282781,Infinity,0.972193614830072,0.0,9912.0,1,ID94926,94956,308,20.5517
94927,310,310,66.79501084598698,241.7067968185105,2766.000000000003,0.593514464847304,1.0,1.2283788779975109,33.01898044610206,26.880127163965263,0.5633323916835271,-0.16758543436785567,0.12553993008749376,4.0,4.0,4.0,4.0,242.0,310.0,0.0,2766.0,29.672295920342364,136,4.60139247684416,Infinity,0.9696757230499573,0.0,11064.0,1,ID94927,94957,308,37.6026
94928,310,174,243.1702544031311,258.82925636007826,2043.999999999997,0.47721576872306243,1.0,1.9928728976943144,36.51475679300866,18.32267217606049,0.24546851089502886,0.41360929886380304,-0.655528643157873,5.0,5.0,5.0,5.0,232.0,310.0,0.0,2044.0,25.507359866510434,136,5.131537880364186,Infinity,0.9526916802610103,0.0,10220.0,1,ID94928,94959,308,10.0634
94929,310,266,815.7734939759036,355.3578313253012,2490.0000000000005,0.6019210301199281,0.7808328035600763,1.162288105312727,30.655278620327994,26.374939638636185,1.2350182269593315,-0.5759421284464264,0.21932770147829642,6.0,6.0,6.0,6.0,228.0,310.0,0.0,2490.0,28.153003686953884,116,4.569147451520353,Infinity,0.9558541266794631,0.0,14940.0,1,ID94929,94960,308,8.6436
94933,310,191,1154.7541879096868,579.7108521485798,2746.0000000000027,0.5990842657470542,1.0,1.249033844432931,33.11126470608558,26.50950160691466,2.6320967767402426,0.22344688057432216,0.08157371863093801,8.0,8.0,8.0,8.0,240.0,310.0,0.0,2746.0,29.564826186884478,142,4.5799525150440425,Infinity,0.973758865248228,0.0,21968.0,1,ID94933,94962,308,12.2762
94934,310,177,618.7939317319848,709.590391908976,790.9999999999998,0.5881656305300652,1.0,1.1048479439384102,16.774040220838327,15.182216080381643,1.4658274749924725,0.17944960696333118,0.13495674563866525,9.0,9.0,9.0,9.0,130.0,310.0,0.0,791.0,15.86767531717795,78,4.622267874476058,Infinity,0.9541616405307595,0.0,7119.0,1,ID94934,94963,308,8.0228
94936,310,293,21.42457689477557,797.2207505518763,1359.000000000001,0.5909237946337068,0.8586733530886709,1.473624484707465,25.244138222455877,17.13064521146796,1.3820766926729422,0.08082633761256076,0.3765874273463543,10.0,10.0,10.0,10.0,170.0,310.0,0.0,1359.0,20.79863301574822,96,4.611467933036569,Infinity,0.9679487179487184,0.0,13590.0,1,ID94936,94964,308,10.8174
94971,312,197,12.59861932938856,52.684418145956606,1013.9999999999998,0.5817339208802136,0.7056349873843566,1.4258604288749748,26.182980032392987,18.36293335740564,0.6342799544937191,-6.500294837519012,-1.7361588399699184,1.0,1.0,1.0,1.0,148.0,312.0,0.0,1014.0,17.96569577250944,64,4.6477497683578255,Infinity,0.9661743687470222,0.0,1014.0,1,ID94971,94924,310,1.9877
94972,312,145,168.47775823071123,156.70419703443076,3979.000000000003,0.6199363801147489,1.0,1.0971103155172492,37.42050731663381,34.108244893305326,1.327409432802513,-0.29115732469350863,0.04069580211867789,2.0,2.0,2.0,2.0,284.0,312.0,0.0,3979.0,35.58869254588182,160,4.502268284258842,Infinity,0.9798079290815077,0.0,7958.0,1,ID94972,94926,310,13.547
94973,312,310,55.04979253112033,246.216459197787,2891.9999999999977,0.590887484012856,1.0,1.2373808648230933,33.775461301898595,27.295929864510576,0.6124609548874733,-0.10597899384475229,-0.12586921808369778,3.0,3.0,3.0,3.0,248.0,312.0,0.0,2892.0,30.340603007249573,142,4.6116096204947326,Infinity,0.9714477662075907,0.0,8676.0,1,ID94973,94927,310,12.5812
94974,312,174,250.5869459327813,255.85923039454457,2053.000000000001,0.4876892036158675,1.0,1.8771781743969387,35.564411584850376,18.945677117877093,0.24681272370924792,0.25299653075446593,-0.9004301531396464,4.0,4.0,4.0,4.0,230.0,312.0,0.0,2053.0,25.563454311483856,134,5.076137310507772,Infinity,0.952668213457077,0.0,8212.0,1,ID94974,94928,310,7.9893
94975,312,266,818.4216171617162,353.6472772277228,2424.0000000000014,0.6070807232383341,0.7496751840623648,1.2921152771375952,32.007940650155604,24.771737643302497,1.3752329263818373,-0.44091370349199965,0.20912242787839885,5.0,5.0,5.0,5.0,224.0,312.0,0.0,2424.0,27.77738584009498,112,4.5496889967333685,Infinity,0.9592402057776025,0.0,12120.0,1,ID94975,94929,310,3.1525
94977,312,191,1158.146091262823,580.1966749204104,2827.0000000000005,0.6167557244234962,1.0,1.1505273762065826,32.25320352206731,28.033408147496434,0.26696026239812604,0.0724892637554013,-0.09769778215014731,7.0,7.0,7.0,7.0,240.0,312.0,0.0,2827.0,29.997700715914487,136,4.513862623465195,Infinity,0.9746595414583695,0.0,19789.0,1,ID94977,94933,310,3.4265
94978,312,177,639.8087318087319,706.4022869022868,962.0000000000002,0.5995263108020991,1.0,1.3070016065800936,20.684180424091597,15.825673296771164,-1.3131762691891142,1.1514600617018498,-0.12415446387700702,8.0,8.0,8.0,8.0,142.0,312.0,0.0,962.0,17.498974555922032,74,4.578263749556043,Infinity,0.9581673306772911,0.0,7696.0,1,ID94978,94934,310,21.2553
94979,312,293,31.337349397590362,792.2777777777778,1494.0000000000007,0.5667841353052956,1.0,1.4316539345439443,26.09780724009154,18.229131084255386,1.283623051185256,-0.03011098046620851,0.2898508991760626,9.0,9.0,9.0,9.0,182.0,312.0,0.0,1494.0,21.807222885057683,110,4.708646522618419,Infinity,0.9644932214331833,0.0,13446.0,1,ID94979,94936,310,11.0768
94980,312,127,1172.5209649626652,73.97271682940838,3481.999999999992,0.21997276478110625,0.6916599190283401,4.8052620458070905,78.95326261291545,16.430584192969746,0.4615286603512766,9.005809055105376,4.512794218236869,10.0,10.0,10.0,10.0,446.0,312.0,0.0,3482.0,33.29196635364088,238,7.5582364703063165,Infinity,0.6844898761549031,0.0,34820.0,1,ID94980,94925,310,37.7314
95041,314,197,11.061224489795919,35.38147566718995,637.0000000000001,0.5948854103260103,0.6956521739130435,1.2592683176525765,18.029675045845718,14.317580132131921,0.4249384890433464,-3.1394817722303983,-0.3913347805689013,1.0,1.0,1.0,1.0,116.0,314.0,0.0,637.0,14.23950130794877,52,4.596087340151898,Infinity,0.9550224887556223,0.0,637.0,1,ID95041,94971,312,17.3711
95042,314,145,162.40832455216017,154.80031612223394,3796.0000000000045,0.6084431486238199,1.0,1.170717497725629,37.68210349178763,32.18718740002882,0.8857954282742672,-0.14280230257860713,-0.07675291755374941,2.0,2.0,2.0,2.0,280.0,314.0,0.0,3796.0,34.76067214473378,162,4.544592312128366,Infinity,0.9777205408886037,0.0,7592.0,1,ID95042,94972,312,6.361
95043,314,310,46.32179807349269,243.68747770246165,2802.9999999999995,0.6324248928477585,1.0,1.2324184891146153,33.69408565750604,27.339808640579783,0.8388426647813318,-0.37400022327432875,0.8075499805983658,3.0,3.0,3.0,3.0,236.0,314.0,0.0,2803.0,29.870095596987387,118,4.457593424331039,Infinity,0.975126108888502,0.0,8409.0,1,ID95043,94973,312,9.087
95044,314,174,253.03578528827038,249.4910536779324,2011.9999999999995,0.46974468036732037,1.0,2.1335499921985663,37.1890193674827,17.430582598704618,0.2532789190019371,0.4078249885122835,-0.3250783427533395,4.0,4.0,4.0,4.0,232.0,314.0,0.0,2012.0,25.306905994249608,134,5.172184359985435,Infinity,0.9452666196852243,0.0,8048.0,1,ID95044,94974,312,6.8228
95045,314,266,795.8145526613816,349.11806342015853,3532.000000000001,0.5911932043518116,1.0,1.2089049326085695,37.162177456373506,30.740363823468844,3.025011155572574,0.41070848792449016,0.26573219961580474,5.0,5.0,5.0,5.0,274.0,314.0,0.0,3532.0,33.53014342350997,148,4.610417078732041,Infinity,0.9565335138794857,0.0,17660.0,1,ID95045,94975,312,23.0563
95046,314,191,1159.0664730558244,584.8121974830591,3099.0000000000023,0.6036205365165092,1.0,1.2461589703202751,35.080626931491395,28.15100462060256,-1.34941464944209,-0.008249505170882214,-0.03816153168132769,6.0,6.0,6.0,6.0,254.0,314.0,0.0,3099.0,31.407679590882992,148,4.562710651911018,Infinity,0.9742219427852884,0.0,18594.0,1,ID95046,94977,312,4.7064
95047,314,177,652.303441084463,701.6517205422315,959.0,0.5653569815711412,1.0,1.4732663652806173,21.33612311759083,14.48218979296855,-1.4099194238880042,0.3986213801432528,0.1817794564290211,7.0,7.0,7.0,7.0,146.0,314.0,0.0,959.0,17.471667947000803,78,4.714585891160574,Infinity,0.9420432220039293,0.0,6713.0,1,ID95047,94978,312,13.3673
95048,314,293,35.01210826210826,782.7058404558404,1403.9999999999995,0.5827448917479281,1.0,1.327596918104256,24.383172218631252,18.366397124097908,1.4176486045043197,0.26900072182012613,0.2258139183103827,8.0,8.0,8.0,8.0,174.0,314.0,0.0,1404.0,21.14017691983778,100,4.643716460347528,Infinity,0.9649484536082472,0.0,11232.0,1,ID95048,94979,312,10.2531
95049,314,127,1174.919655667145,75.22309899569584,2788.000000000001,0.2587062948431104,0.7142857142857143,3.3633106095291914,55.67701530963251,16.55422938098078,0.3829893847796326,-4.484827809992807,0.11775980469207707,9.0,9.0,9.0,9.0,368.0,314.0,0.0,2788.0,29.790064831759075,196,6.969496975522845,Infinity,0.689160795946113,0.0,25092.0,1,ID95049,94980,312,2.705
95021,316,197,16.47179487179487,32.555897435897435,975.0000000000002,0.6624249215506162,0.7010758941552777,1.4729615981658748,22.867185261164753,15.524630981309269,-0.03400059621881683,-2.2422929861444283,0.015329924575414442,1.0,1.0,1.0,1.0,136.0,316.0,0.0,975.0,17.616814099864822,54,4.35548578349837,Infinity,0.966303270564916,0.0,975.0,1,ID95021,95041,314,6.1039
95022,316,145,167.78399581589957,152.07975941422595,3823.9999999999973,0.5957870614623766,1.0,1.0440498033839525,35.51260113137716,34.01427883638736,0.8095062531692706,0.17953860974700736,-0.021316200310029502,2.0,2.0,2.0,2.0,284.0,316.0,0.0,3824.0,34.88863718700996,174,4.592608214207373,Infinity,0.975510204081632,0.0,7648.0,1,ID95022,95042,314,6.0249
95025,316,310,63.545888399412625,223.29955947136563,2723.999999999999,0.604314553236254,1.0,1.3018010947679386,33.92410572949413,26.059361807144203,1.0649955729553748,-0.5155569487625588,0.5172240604141953,3.0,3.0,3.0,3.0,238.0,316.0,0.0,2724.0,29.446156454869378,130,4.560089908174117,Infinity,0.9723362484383363,0.0,8172.0,1,ID95025,95043,314,26.6896
95027,316,174,253.20183044315993,238.34922928709057,2076.0000000000005,0.46055690621088985,1.0,1.9315832074836485,36.081063613191674,18.67952852012828,0.28779285756675943,0.6107511265369597,-0.3517978479961423,4.0,4.0,4.0,4.0,238.0,316.0,0.0,2076.0,25.706250674058822,148,5.223520247543149,Infinity,0.9553612517257251,0.0,8304.0,1,ID95027,95044,314,11.1431
95028,316,266,801.5501945525292,339.87665369649807,2570.000000000002,0.6436458163046695,1.0,1.1452520752465403,31.486730039581484,27.49327481707753,1.4721904649620405,-1.3000362613513734,0.20914299112873547,5.0,5.0,5.0,5.0,224.0,316.0,0.0,2570.0,28.60168539601019,98,4.41856712165384,Infinity,0.9747771666982751,0.0,12850.0,1,ID95028,95045,314,10.8766
95029,316,191,1163.5477287689268,580.1069782751811,3038.0000000000005,0.5917390093375778,1.0,1.3856427848626973,36.6510531490076,26.450578424250473,1.894326150331067,-0.002924867845248013,0.09073645652701709,6.0,6.0,6.0,6.0,254.0,316.0,0.0,3038.0,31.097032563033345,146,4.608290322578341,Infinity,0.9732500400448503,0.0,18228.0,1,ID95029,95046,314,6.4977
95031,316,177,660.2065868263473,697.7774451097804,1001.9999999999999,0.5596223713594617,1.0,1.4418224207234265,21.413756590052117,14.851868220573156,1.9933843508960458,0.1991435585973213,0.08717603770227339,7.0,7.0,7.0,7.0,150.0,316.0,0.0,1002.0,17.859073490978144,86,4.738680177049226,Infinity,0.9439472444653789,0.0,7014.0,1,ID95031,95047,314,8.8017
95032,316,293,37.30868628858578,773.2842785355348,1392.9999999999995,0.620215216333699,1.0,1.2998447007208322,24.332359384630653,18.719435768855373,-1.3499652765910621,0.6197953336811404,0.1377595631868251,8.0,8.0,8.0,8.0,168.0,316.0,0.0,1393.0,21.05719999083497,92,4.501256106095645,Infinity,0.9731051344743273,0.0,11144.0,1,ID95032,95048,314,9.6974
95034,316,127,1172.6627604166667,66.4521484375,3072.000000000004,0.28198605206217264,0.7163609274606574,3.2129133428704364,56.87619969883903,17.702375890420214,0.3460604465601902,0.41988721315042177,2.506430232394931,9.0,9.0,9.0,9.0,370.0,316.0,0.0,3072.0,31.270560761786896,194,6.6756124875050435,Infinity,0.7073451531199643,0.0,27648.0,1,ID95034,95049,314,9.0567
95001,318,197,13.667949951876805,48.09143407122233,1039.0000000000005,0.6125191906698811,0.7321478188385664,1.4750742404918062,22.655213478823374,15.358693723286681,1.4193065470862987,-0.41838469331487094,0.2546940718354093,1.0,1.0,1.0,1.0,146.0,318.0,0.0,1039.0,18.185817873963178,58,4.529445954471192,Infinity,0.9527739569005048,0.0,1039.0,1,ID95001,95021,316,15.7865
95002,318,145,191.26677533279,141.48465091007878,3680.999999999996,0.6252272144173884,1.0,1.08648717150437,35.811557003907716,32.96086501815054,1.7785591547556197,0.07460909606784347,0.17019606149300948,2.0,2.0,2.0,2.0,272.0,318.0,0.0,3681.0,34.230084590058084,150,4.483178133002951,Infinity,0.9772998805256857,0.0,7362.0,1,ID95002,95022,316,25.7623
95003,318,310,90.1407967032967,232.88667582417582,2912.000000000001,0.6248424156310007,1.0,1.183642168843873,33.83005221092632,28.581317142468784,0.8076042344764746,-1.1039326906314837,0.4243059958646211,3.0,3.0,3.0,3.0,242.0,318.0,0.0,2912.0,30.445334430207836,124,4.4845583657996615,Infinity,0.972936852656198,0.0,8736.0,1,ID95003,95025,316,28.2702
95004,318,174,253.7408236347359,243.47314234556848,2233.999999999999,0.49560892508435805,1.0,1.8864567068284797,37.31284645723789,19.7793282624378,0.2330448807653263,0.4237177160456723,-0.8171200191344224,4.0,4.0,4.0,4.0,238.0,318.0,0.0,2234.0,26.666538690549775,132,5.035416198651677,Infinity,0.9592099613568051,0.0,8936.0,1,ID95004,95027,316,5.1522
95005,318,266,786.7054131054131,350.319943019943,3509.9999999999977,0.5790270013705191,1.0,1.2996396649461879,38.546387590109994,29.659288362598584,-0.06805465522446898,-0.24411188700817343,0.37717455855194404,5.0,5.0,5.0,5.0,276.0,318.0,0.0,3510.0,33.42555460280509,150,4.658601088584868,Infinity,0.9590163934426224,0.0,17550.0,1,ID95005,95028,316,18.1502
95006,318,191,1170.3880094307847,590.5476591444931,2968.999999999999,0.5969528696645179,1.0,1.4053463516560878,36.494303623541406,25.96819181302588,1.8705093877985361,-0.05036948597607052,0.1167712061197869,6.0,6.0,6.0,6.0,250.0,318.0,0.0,2969.0,30.741861558462496,142,4.588121497415048,Infinity,0.9748809719257917,0.0,17814.0,1,ID95006,95029,316,12.4819
95007,318,177,676.7753479125248,711.1153081510935,1006.0,0.577144304147431,1.0,1.2433356615118254,20.027695975771834,16.108036305674123,2.5191860585065395,-0.03589624672124069,-0.3156837557213443,7.0,7.0,7.0,7.0,148.0,318.0,0.0,1006.0,17.89468483938439,90,4.666193292283794,Infinity,0.9580952380952383,0.0,7042.0,1,ID95007,95031,316,21.2702
95008,318,293,41.851585014409224,782.243515850144,1388.0000000000007,0.5895795839889988,1.0,1.3806999975859682,24.911340014721123,18.0425436794933,1.6668369120227289,0.5771315274115486,0.12936396015007517,8.0,8.0,8.0,8.0,172.0,318.0,0.0,1388.0,21.01937491989478,94,4.6167218930171625,Infinity,0.9625520110957009,0.0,11104.0,1,ID95008,95032,316,10.0452
95009,318,127,1163.7846481876334,72.79637526652452,3751.9999999999955,0.29468139090672224,0.7535441657579062,2.6831557543271605,58.052811964746255,21.636020149454136,0.38674943828737884,-4.407501410351335,0.36048358624180904,9.0,9.0,9.0,9.0,400.0,318.0,0.0,3752.0,34.55862689635659,202,6.530231484483396,Infinity,0.6979815831085473,0.0,33768.0,1,ID95009,95034,316,10.9119
95059,320,197,27.697837150127228,65.97201017811705,1571.999999999999,0.5589162122502436,0.9415397282832442,1.4636807464264128,26.916041204991945,18.389284186942852,1.174940255683281,0.06835100483794362,-0.05594887598637342,1.0,1.0,1.0,1.0,188.0,320.0,0.0,1572.0,22.369245429404156,116,4.741672759669994,Infinity,0.9641214351425937,0.0,1572.0,1,ID95059,95001,318,22.7278
95060,320,145,202.60159151193633,164.8257294429708,3769.999999999995,0.6130016202077276,1.0,1.0651536218769453,35.780759952367504,33.59211217750633,-1.1734500863476254,0.36233377680002293,-0.004555269525329122,2.0,2.0,2.0,2.0,278.0,320.0,0.0,3770.0,34.64142420445339,164,4.527663276791974,Infinity,0.9789665022072177,0.0,7540.0,1,ID95060,95002,318,25.9477
95061,320,310,103.27694361027694,234.98498498498498,2997.0000000000005,0.593055756034808,1.0,1.2567052333321087,34.770597744994284,27.668061549167973,1.5628338330632419,-0.08223227382676028,0.32431809361127095,3.0,3.0,3.0,3.0,252.0,320.0,0.0,2997.0,30.88648132909964,148,4.603171644550004,Infinity,0.9743172951885565,0.0,8991.0,1,ID95061,95003,318,13.3027
95062,320,174,262.7138392857143,251.88392857142858,2239.9999999999977,0.5140746251765016,1.0,1.7831491038629586,36.06212523929304,20.22384171978057,0.24566691753010672,0.1964858274979655,-0.8873902399317977,4.0,4.0,4.0,4.0,234.0,320.0,0.0,2240.0,26.702324712498168,134,4.9441523901618245,Infinity,0.9646856158484057,0.0,8960.0,1,ID95062,95004,318,12.2986
95063,320,266,800.767470371884,358.5337147527585,2446.9999999999995,0.6020422290965793,1.0,1.1755946658032748,30.280608910489956,25.757695055378164,1.1409410060993506,-0.3721434332402309,-0.5368242666375621,5.0,5.0,5.0,5.0,226.0,320.0,0.0,2447.0,27.90885686465384,112,4.568687513793462,Infinity,0.9668115369419203,0.0,12235.0,1,ID95063,95005,318,16.2852
95064,320,191,1175.8510708401977,609.1660626029654,3035.0000000000023,0.6005753151703848,1.0,1.4428003050602602,37.486146986771224,25.981521389549172,1.8470125353617715,-0.06704345293971328,0.19161076905180405,6.0,6.0,6.0,6.0,252.0,320.0,0.0,3035.0,31.081674738787893,140,4.574263653708741,Infinity,0.9771410173857058,0.0,18210.0,1,ID95064,95006,318,19.4033
95065,320,177,695.9082969432314,726.3613537117903,916.0000000000002,0.5872854838139289,1.0,1.1844885583201994,18.710330456224604,15.79612595224976,-0.3607720673545287,-0.18037487077608785,-0.4865686736774864,7.0,7.0,7.0,7.0,140.0,320.0,0.0,916.0,17.075475271404667,84,4.625730203185627,Infinity,0.95615866388309,0.0,6412.0,1,ID95065,95007,318,24.4645
95066,320,293,45.779472954230236,788.4188626907073,1442.0,0.5719197836733344,1.0,1.4151917281676323,25.632404047241444,18.112319014491323,1.5409281693215597,0.35130927166370834,0.060210972295667194,8.0,8.0,8.0,8.0,178.0,320.0,0.0,1442.0,21.424351935986913,100,4.6874578130325375,Infinity,0.9537037037037037,0.0,11536.0,1,ID95066,95008,318,7.3187
95067,320,127,1164.048990578735,81.92220726783312,3714.999999999992,0.28321523715902003,0.7753882915173238,2.434732721069647,55.680276344876894,22.869153506268635,0.3508948316318048,-2.564742101251943,0.3606954480534903,9.0,9.0,9.0,9.0,406.0,320.0,0.0,3715.0,34.38780637337572,220,6.661110291051782,Infinity,0.7024676184173191,0.0,33435.0,1,ID95067,95009,318,9.1297
95077,322,197,14.117750439367311,55.610720562390156,1137.9999999999989,0.518962467670951,0.7040179685550286,1.976897987355896,27.679716008580446,14.001590464261692,1.0960967781967232,-1.3218624262393093,-1.0228887742287398,1.0,1.0,1.0,1.0,166.0,322.0,0.0,1138.0,19.03251561084749,90,4.920814083848645,Infinity,0.9483333333333324,0.0,1138.0,1,ID95077,95059,320,17.0814
95078,322,145,180.91199551569505,167.97169282511211,3567.9999999999986,0.5972189561515466,1.0,1.1013236623760492,35.34619395443029,32.09428359885839,1.3325760180692996,-0.012565289382418614,-0.008082198682079269,2.0,2.0,2.0,2.0,274.0,322.0,0.0,3568.0,33.70058862844631,166,4.587099281749612,Infinity,0.9751298168898604,0.0,7136.0,1,ID95078,95060,320,21.9166
95079,322,310,91.83209076175041,243.44084278768233,3085.0000000000027,0.5915413413284009,1.0,1.2200550333941846,34.81334285241836,28.53423976750285,1.2684115303883343,-0.3599651350769086,0.2787038885371008,3.0,3.0,3.0,3.0,256.0,322.0,0.0,3085.0,31.336655834294046,148,4.609060205785018,Infinity,0.9724192277383775,0.0,9255.0,1,ID95079,95061,320,14.2298
95080,322,174,271.92890995260666,256.06255924170614,2110.000000000002,0.476067257905377,1.0,1.9359025287885072,36.87985832540566,19.05047272627159,0.19790196755008807,0.4486655668944999,-1.1001795650591728,4.0,4.0,4.0,4.0,236.0,322.0,0.0,2110.0,25.915899749917983,132,5.137724061372474,Infinity,0.9447056189836588,0.0,8440.0,1,ID95080,95062,320,10.1182
95081,322,266,780.6353909465021,356.94787379972564,3645.0000000000023,0.6101073697232033,1.0,1.23537347348833,38.459517826261724,31.131895456410764,2.788902552362514,-0.290076512706423,1.2242493102344927,5.0,5.0,5.0,5.0,274.0,322.0,0.0,3645.0,34.06228904727217,150,4.538389820999572,Infinity,0.9742082052652685,0.0,18225.0,1,ID95081,95063,320,20.1944
95082,322,191,1161.7354566135846,613.8440038999025,3076.9999999999995,0.5900073605405146,1.0,1.4236380083273574,37.34565439243567,26.232549407916796,1.9138182625598055,0.06878223881046915,0.12808336888188987,6.0,6.0,6.0,6.0,256.0,322.0,0.0,3077.0,31.295998462863007,150,4.615047944855142,Infinity,0.9766703697825745,0.0,18462.0,1,ID95082,95064,320,14.8706
95083,322,177,699.6275720164609,727.4845679012345,971.9999999999999,0.5576384330331041,1.0,1.205690979808592,19.488648111611298,16.163883149150866,2.584054040823853,0.22734341242628692,-0.38026312167013043,7.0,7.0,7.0,7.0,148.0,322.0,0.0,972.0,17.58969042850512,90,4.747102213336923,Infinity,0.9432314410480348,0.0,6804.0,1,ID95083,95065,320,3.8852
95084,322,293,36.626315789473686,788.3561403508772,1139.9999999999995,0.5595961914206816,1.0,1.2947841643966636,21.86135283362067,16.88416759700448,0.9218465762588539,-0.2643740560190149,-0.22844054489424487,8.0,8.0,8.0,8.0,160.0,322.0,0.0,1140.0,19.049232799499332,94,4.738791022072739,Infinity,0.9444904722452357,0.0,9120.0,1,ID95084,95066,320,9.1534
95085,322,127,1168.9571392340856,78.50317017499366,3943.0000000000045,0.24039472594276173,0.7845666440371125,2.8136431059921034,60.24111921982384,21.410362633246102,0.5125652422684581,-2.9260485716101665,0.03293173557096508,9.0,9.0,9.0,9.0,454.0,322.0,0.0,3943.0,35.42733240342389,262,7.230069371690159,Infinity,0.6758656153582456,0.0,35487.0,1,ID95085,95067,320,5.9816
95095,324,197,17.882205513784463,49.19047619047619,1196.999999999999,0.5458682546591638,0.7343636802704661,1.6305857566595294,24.868529383023994,15.251285791904907,0.9764681223749387,-0.36767031904532704,-0.3488134381879568,1.0,1.0,1.0,1.0,166.0,324.0,0.0,1197.0,19.519655062577236,96,4.798008498033466,Infinity,0.9496231654105505,0.0,1197.0,1,ID95095,95077,322,7.4425
95096,324,145,183.11920529801324,159.9437086092715,3322.0000000000005,0.6271480557193254,1.0,1.1166891140621311,34.54506867883734,30.935260533860003,1.442460673128632,-0.2355962909370421,-0.0033849570842681117,2.0,2.0,2.0,2.0,258.0,324.0,0.0,3322.0,32.51807869328311,144,4.476307285196034,Infinity,0.9783537034310118,0.0,6644.0,1,ID95096,95078,322,8.3259
95098,324,310,90.36235216819973,237.1879106438896,3043.999999999998,0.5836796897904861,1.0,1.202113879179758,34.33638106933561,28.56333469235415,1.0780513935447353,-0.4859102837484417,0.3360391380935019,3.0,3.0,3.0,3.0,256.0,324.0,0.0,3044.0,31.127725479762542,150,4.63999637500425,Infinity,0.9703538412496008,0.0,9132.0,1,ID95098,95079,322,6.4233
95101,324,174,266.69422700587086,251.39187866927594,2043.9999999999973,0.4772157687230625,1.0,1.981210024530265,35.78139217060866,18.06037306877258,0.2636191192516031,0.5427428101692916,-0.12712680949740213,4.0,4.0,4.0,4.0,232.0,324.0,0.0,2044.0,25.507359866510438,140,5.131537880364186,Infinity,0.9598497299835629,0.0,8176.0,1,ID95101,95080,322,7.0155
95105,324,266,772.4290305302625,355.9464381360471,3733.999999999997,0.5985054575767489,1.0,1.2803154697503958,39.26306840154978,30.66671404759666,2.735640385798296,-0.24683908731250118,0.8782193960020015,5.0,5.0,5.0,5.0,280.0,324.0,0.0,3734.0,34.47563074129715,158,4.582166591201516,Infinity,0.9692407527579485,0.0,18670.0,1,ID95105,95081,322,8.2672
95109,324,191,1165.027300613497,604.1834355828221,3259.9999999999995,0.6154433057329922,1.0,1.4065382272975016,38.444516283290085,27.3327205312839,-1.4741371935076606,-0.1895871614638252,0.0595875574245301,6.0,6.0,6.0,6.0,258.0,324.0,0.0,3260.0,32.21319960760119,136,4.518672914471179,Infinity,0.9759018111061217,0.0,19560.0,1,ID95109,95082,322,10.206
95110,324,293,40.31596526386105,782.4522378089513,1496.9999999999995,0.5679222560589203,1.0,1.4349158996393119,26.444144021711196,18.42905499085928,1.5720432893118812,0.5163833089021161,0.16838699191706683,7.0,7.0,7.0,7.0,182.0,324.0,0.0,1497.0,21.82910670680627,102,4.7039260737900666,Infinity,0.9513822688274545,0.0,10479.0,1,ID95110,95084,322,6.962
95111,324,177,743.1007054673721,745.5774250440917,5669.999999999991,0.37140239665257396,1.0,1.6343683156820719,56.90998040874997,34.82078051972006,0.5623217282798394,-0.013825571524853189,-1.7576124317488178,8.0,8.0,8.0,8.0,438.0,324.0,0.0,5670.0,42.483138474718295,282,5.816779232094054,Infinity,0.8741231789100424,0.0,45360.0,1,ID95111,95083,322,47.0878
95120,326,197,20.768525592055003,53.103896103896105,1309.0,0.4858630415346218,0.7878442977464147,1.8800998788586982,27.8214198108535,14.797841393268055,1.0159085956878686,-0.27330325095547353,-0.6881052211915187,1.0,1.0,1.0,1.0,184.0,326.0,0.0,1309.0,20.41243838973144,124,5.085667933969596,Infinity,0.9343326195574589,0.0,1309.0,1,ID95120,95095,324,4.8627
95121,326,145,181.0389030612245,166.86670918367346,3135.999999999999,0.6108273644774994,1.0,1.0749184145819461,32.64217485478993,30.36711848264784,1.2802466425612025,0.18258589454698562,-0.04002118356961306,2.0,2.0,2.0,2.0,254.0,326.0,0.0,3136.0,31.59461667867435,154,4.5357142857142865,Infinity,0.9781659388646285,0.0,6272.0,1,ID95121,95096,324,7.2288
95122,326,310,90.50868824531516,232.50017035775127,2935.000000000003,0.609463575800519,1.0,1.2243870118254327,34.21086657834741,27.941219767876,0.9807681246019431,-0.6864862102659053,0.4601600732566537,3.0,3.0,3.0,3.0,246.0,326.0,0.0,2935.0,30.565331929318656,136,4.540786204242667,Infinity,0.9737889847378911,0.0,8805.0,1,ID95122,95098,324,4.69
95123,326,174,263.95155221072434,247.40310442144872,2126.0000000000005,0.49636043263465385,1.0,1.840841066941709,35.3454803850832,19.20072352786251,0.23867635399836268,0.29249713256654153,-0.5318371935795658,4.0,4.0,4.0,4.0,232.0,326.0,0.0,2126.0,26.013973514762007,140,5.0316028540892805,Infinity,0.9637352674524028,0.0,8504.0,1,ID95123,95101,324,4.8407
95124,326,266,757.952602739726,354.68602739726026,3650.0000000000005,0.6021220954422782,1.0,1.2358423824817826,38.02913678804653,30.7718341166432,-0.3877287378913028,-0.10515274311856913,0.7463786100038783,5.0,5.0,5.0,5.0,276.0,326.0,0.0,3650.0,34.085643379153574,156,4.568384505085071,Infinity,0.9712613092070251,0.0,18250.0,1,ID95124,95105,324,14.5312
95125,326,191,1162.0092222563787,607.6852136489395,3253.0000000000005,0.5955131345567041,1.0,1.4637499619925687,39.06004943718818,26.684919181153482,1.8504355217118025,-0.012410779141579557,0.17282191007049175,6.0,6.0,6.0,6.0,262.0,326.0,0.0,3253.0,32.178596298718055,146,4.593664357428822,Infinity,0.9757048590281946,0.0,19518.0,1,ID95125,95109,324,4.6229
95126,326,177,743.9343807763402,745.181146025878,1082.0000000000002,0.5587119084786583,1.0,1.410773305684719,22.084219577230012,15.653981747628428,2.109614849583463,0.01543211973982317,-0.15374882143417729,7.0,7.0,7.0,7.0,156.0,326.0,0.0,1082.0,18.558321498747176,90,4.742539622421756,Infinity,0.9512087912087912,0.0,7574.0,1,ID95126,95111,324,0.9231
95127,326,293,39.12339514978602,777.9978601997146,1402.0000000000011,0.5560551572191508,1.0,1.4033707553138923,25.241824621087897,17.986568784841218,1.5153654967358496,0.3563696587498973,0.02147172225985083,8.0,8.0,8.0,8.0,178.0,326.0,0.0,1402.0,21.125114447729626,106,4.753855706674936,Infinity,0.954066008846547,0.0,11216.0,1,ID95127,95110,324,4.6113
95173,328,197,28.604963112005365,54.289067739771966,1491.0000000000027,0.5656460145516713,0.924698795180723,1.3074424657505737,24.887097934048793,19.034946918112883,1.0065636132852886,0.25492082896477125,-0.27457144027094654,1.0,1.0,1.0,1.0,182.0,328.0,0.0,1491.0,21.785317080548374,114,4.713381211117398,Infinity,0.9603864734299535,0.0,1491.0,1,ID95173,95120,326,7.9256
95174,328,145,166.7264983267417,180.25585640401582,3286.9999999999995,0.6402390137237056,1.0,1.077350666453687,33.90403481191128,31.469823027550653,0.8766425819923827,-0.1280468324442919,0.21314747198895376,2.0,2.0,2.0,2.0,254.0,328.0,0.0,3287.0,32.3463227567852,134,4.43030743552046,Infinity,0.9785650491217626,0.0,6574.0,1,ID95174,95121,326,19.5988
95175,328,310,87.95359945411123,235.72125554418287,2930.999999999999,0.6186514423321473,1.0,1.2580258958719874,34.70860386039596,27.589737201981883,1.186666264336933,-0.6910833907282076,0.35232981617049164,3.0,3.0,3.0,3.0,244.0,328.0,0.0,2931.0,30.54449666314196,128,4.506941459990387,Infinity,0.9755366949575635,0.0,8793.0,1,ID95175,95122,326,4.1114
95176,328,174,246.15796703296704,251.66529304029305,2183.9999999999995,0.4845165140484504,1.0,2.049648466720449,37.76997900125967,18.42753994868873,0.2854287495583254,0.3375754413894512,-0.129451490073616,4.0,4.0,4.0,4.0,238.0,328.0,0.0,2184.0,26.366433043273005,142,5.092729860879865,Infinity,0.9631753031973539,0.0,8736.0,1,ID95176,95123,326,18.2969
95177,328,266,761.4520657841957,363.4251905334938,2493.0000000000005,0.5624813620654522,0.7253789189563291,1.3402725525918857,32.37322507093766,24.15421028232855,1.2230993967197867,-0.3358967454874246,-0.7118200952714036,5.0,5.0,5.0,5.0,236.0,328.0,0.0,2493.0,28.169958222478613,134,4.7266219092587285,Infinity,0.9500762195121955,0.0,12465.0,1,ID95177,95124,326,9.4138
95179,328,191,1160.9116392443632,615.2114564290067,3281.9999999999986,0.5917531616782424,1.0,1.4479149204514314,38.95744545593365,26.90589405887708,1.8655188738442423,-0.06300640501711832,0.022076164592712805,7.0,7.0,7.0,7.0,264.0,328.0,0.0,3282.0,32.32171168820118,150,4.608235216422013,Infinity,0.9754792688363794,0.0,22974.0,1,ID95179,95125,326,7.6059
95180,328,177,759.01243339254,756.9982238010657,1126.0000000000007,0.5527239574909546,1.0,1.47784443399975,23.00978515204512,15.569829017638678,2.0548279267074188,-0.12731569804358545,-0.04081691726109171,8.0,8.0,8.0,8.0,160.0,328.0,0.0,1126.0,18.93190248873442,92,4.768159640657196,Infinity,0.9454240134340895,0.0,9008.0,1,ID95180,95126,326,19.157
95181,328,293,39.23362592842674,788.5840648210668,1480.9999999999984,0.5744072493785776,1.0,1.4627600579491422,26.504707530327764,18.119654953860717,1.5485519807773718,0.2838635650625084,0.265608813303886,9.0,9.0,9.0,9.0,180.0,328.0,0.0,1481.0,21.71213811300475,100,4.677297303012689,Infinity,0.9610642439974031,0.0,13329.0,1,ID95181,95127,326,10.5868
95146,330,197,52.64330326162387,43.40943789035392,1441.000000000001,0.5715231680119801,1.0,1.1521597936568233,22.92553922650721,19.89788165905718,1.2175204991154545,0.12103778897512701,-0.22527468518138274,1.0,1.0,1.0,1.0,178.0,330.0,0.0,1441.0,21.416921954166117,114,4.689083990987105,Infinity,0.9613075383589064,0.0,1441.0,1,ID95146,95173,328,26.3858
95147,330,145,165.49503827615538,169.03600793875816,3527.0000000000005,0.6170860597689464,0.9928430172332612,1.0620118006978596,34.62281901879188,32.60116224324518,1.7118670673543925,0.2087562216095016,-0.2659499359839365,2.0,2.0,2.0,2.0,268.0,330.0,0.0,3527.0,33.50640190426644,156,4.512654292836668,Infinity,0.9767377457767932,0.0,7054.0,1,ID95147,95174,328,11.2872
95148,330,310,79.19229457892942,239.75213092396862,2933.0000000000005,0.5992645195745879,1.0,1.223033270979361,33.99893570794283,27.79886411488847,0.9124111057516299,-0.4713056994028372,0.16752968612749905,3.0,3.0,3.0,3.0,248.0,330.0,0.0,2933.0,30.554916072165184,140,4.5792636572583,Infinity,0.9732868757259004,0.0,8799.0,1,ID95148,95175,328,9.6441
95149,330,174,230.86126893939394,241.92329545454547,2112.000000000001,0.4930918314790165,0.9993688860839381,1.82840790133754,35.112419388099234,19.203821730595976,0.32164149913676354,0.3009960310684613,-0.26635987801422206,4.0,4.0,4.0,4.0,232.0,330.0,0.0,2112.0,25.928179257714305,142,5.0482520227152365,Infinity,0.9635036496350369,0.0,8448.0,1,ID95149,95176,328,18.1355
95150,330,266,735.8979324784088,368.2007327924627,3820.9999999999977,0.5870226186789864,1.0,1.1812916068847779,38.141055191768075,32.287586713962256,-0.32635854379844775,-0.005073911443239449,0.8884117289464372,5.0,5.0,5.0,5.0,286.0,330.0,0.0,3821.0,34.87494910545768,172,4.626765774101356,Infinity,0.9685678073510766,0.0,19105.0,1,ID95150,95177,328,25.9965
95151,330,191,1163.4266666666667,617.2750387596899,3224.9999999999986,0.5903872914065077,1.0,1.4924632779255118,39.22424217909103,26.281545924273452,1.7981470713008167,-0.12458976187292968,0.0889851903567628,6.0,6.0,6.0,6.0,262.0,330.0,0.0,3225.0,32.03980934622933,146,4.61356274914627,Infinity,0.9757942511346439,0.0,19350.0,1,ID95151,95179,328,3.2533
95152,330,177,763.9377256317689,764.6696750902527,1108.0,0.5305417863401144,1.0,1.5991162774303809,23.831793206498627,14.9031021338823,2.3068412254633994,-0.33080839132017076,-0.2086530737715685,7.0,7.0,7.0,7.0,162.0,330.0,0.0,1108.0,18.77997214831907,104,4.866818321821488,Infinity,0.9490364025695931,0.0,7756.0,1,ID95152,95180,328,9.1165
95153,330,293,38.11310711909514,783.5688622754491,1502.999999999999,0.5829399701661057,1.0,1.4598478456880408,26.726422245279778,18.307676600833254,1.563335003266363,0.570785263428572,0.013830890140937429,8.0,8.0,8.0,8.0,180.0,330.0,0.0,1503.0,21.872808665880957,98,4.642939395204822,Infinity,0.9600766528265724,0.0,12024.0,1,ID95153,95181,328,5.1389
95182,332,197,68.83115942028985,30.38695652173913,1379.999999999999,0.5598395999423956,0.9300699300699301,1.1155305860678786,22.236392657558916,19.933467477516444,-1.501392238614153,0.33734603637722765,0.17421311252853885,1.0,1.0,1.0,1.0,176.0,332.0,0.0,1380.0,20.95871281671732,108,4.7377607381118585,Infinity,0.9589993050729668,0.0,1380.0,1,ID95182,95146,330,20.7757
95183,332,200,9.226161369193154,30.882640586797066,817.9999999999997,0.5724711050649253,0.6370913942628419,1.4751803407228732,22.481721198968017,15.239981565881934,1.4144843979593151,-2.9361920957834027,-0.45820049789427186,2.0,2.0,2.0,2.0,134.0,332.0,0.0,818.0,16.136216622812817,52,4.685200128542941,Infinity,0.9663319551092729,0.0,1636.0,1,ID95183,,,
95184,332,145,175.6872914771004,176.80558083105853,3296.9999999999986,0.6224283984667714,0.8210997913342334,1.0944634264228676,34.062400890314045,31.122466103452382,1.2922984086284148,0.11508455391945838,-0.32953539638186446,3.0,3.0,3.0,3.0,258.0,332.0,0.0,3297.0,32.39548880242367,144,4.493246372761351,Infinity,0.976021314387211,0.0,9891.0,1,ID95184,95147,330,12.8159
95185,332,310,59.9827392120075,240.2281425891182,2665.000000000002,0.5912255082138834,1.0,1.2634587179911998,32.83726994708308,25.989982481811325,1.2096425905896317,-0.05486381027223242,0.08434511630482883,4.0,4.0,4.0,4.0,238.0,332.0,0.0,2665.0,29.125518822500016,134,4.610291123145053,Infinity,0.9708561020036435,0.0,10660.0,1,ID95185,95148,330,19.2155
95186,332,174,227.27358490566039,234.94637537239325,2014.0000000000014,0.4784247715939393,0.9117228286663505,2.325422913903768,38.653321146408956,16.62206083689108,0.25730526731528625,0.028345259615187933,-0.014112658275610495,5.0,5.0,5.0,5.0,230.0,332.0,0.0,2014.0,25.31948085514699,128,5.125049954948242,Infinity,0.9638669538167034,0.0,10070.0,1,ID95186,95149,330,7.8453
95187,332,266,726.6586398518126,371.34136014818733,3779.0000000000027,0.5971570161418357,1.0,1.1914058773386995,38.15999470879443,32.02938262654389,-0.15120022119741794,0.18846769839843494,0.6887637641129559,6.0,6.0,6.0,6.0,282.0,332.0,0.0,3779.0,34.68274873605819,158,4.587337173626501,Infinity,0.9722150758940062,0.0,22674.0,1,ID95187,95150,330,9.7585
95188,332,191,1169.9386427022002,617.0616671831423,3226.9999999999977,0.6092133581596212,1.0,1.412750861125086,38.268102510136096,27.087651165655746,1.8479946957974505,-0.07346079559565077,0.1292395387888048,7.0,7.0,7.0,7.0,258.0,332.0,0.0,3227.0,32.04974263102735,142,4.541718610070948,Infinity,0.978026973783906,0.0,22589.0,1,ID95188,95151,330,6.5155
95189,332,293,43.99252801992528,783.5242839352428,1606.000000000001,0.5710047308358093,1.0,1.4064664010929067,27.077592767962425,19.25221444815287,-1.5221146029513897,0.7164247220162886,-0.0050689708632060725,8.0,8.0,8.0,8.0,188.0,332.0,0.0,1606.0,22.609857965302837,108,4.6912122079559255,Infinity,0.9565217391304354,0.0,12848.0,1,ID95189,95153,330,5.8796
95190,332,177,782.5707502374169,774.1263057929725,1053.0,0.5579519420188991,1.0,1.4266928188066355,21.969899470272317,15.399179964085858,2.4668193480777663,-0.15026131654637107,-0.055117004636503056,9.0,9.0,9.0,9.0,154.0,332.0,0.0,1053.0,18.30793025307699,96,4.7457683454825155,Infinity,0.9546690843155031,0.0,9477.0,1,ID95190,95152,330,20.8954
95191,334,197,73.0208507089241,18.551292743953294,1199.000000000001,0.6035522499045289,0.7372615310311519,1.2820667763179483,22.204366012314864,17.319196177975254,2.3324252112866715,0.22654005187588624,-0.12136478503405108,1.0,1.0,1.0,1.0,158.0,334.0,0.0,1199.0,19.535955403674663,90,4.562968759837469,Infinity,0.9661563255439167,0.0,1199.0,1,ID95191,95182,332,12.5553
95192,334,200,14.377533783783784,33.86486486486486,1184.0000000000002,0.6273647667145076,0.7015568862275449,1.228544841705598,22.887415037488342,18.62969446496847,1.0411838538335565,-2.2718795560959784,-0.329530876170415,2.0,2.0,2.0,2.0,154.0,334.0,0.0,1184.0,19.413369239820486,76,4.475534091637042,Infinity,0.9748867846850557,0.0,2368.0,1,ID95192,95183,332,5.9523
95193,334,145,181.12677566336103,175.49236129723934,3730.999999999995,0.624502221244792,0.7371892702863498,1.03487382256905,35.45767105689006,34.262796375375714,1.3846117181442195,0.5934494962952973,-0.3973357205217145,3.0,3.0,3.0,3.0,274.0,334.0,0.0,3731.0,34.461778615615906,136,4.48577966959708,Infinity,0.9755523597855915,0.0,11193.0,1,ID95193,95184,332,5.5958
95194,334,310,25.956083513318934,246.09899208063354,2778.0,0.6162943571550347,0.7724372607401107,1.4141386958509516,35.56743407973153,25.151305302715716,1.5489639879233528,0.06991704831525673,0.2063084087132829,4.0,4.0,4.0,4.0,238.0,334.0,0.0,2778.0,29.736591328169585,126,4.515551880257532,Infinity,0.9773087071240107,0.0,11112.0,1,ID95194,95185,332,34.5294
95195,334,174,219.46876446089775,235.76816288755205,2160.999999999997,0.4636965865997905,0.8578060522696012,2.2161094249589848,38.86560463574061,17.53776424485895,0.38110171588698494,0.17730895813468026,-0.07317491172670464,5.0,5.0,5.0,5.0,242.0,334.0,0.0,2161.0,26.227231345362604,152,5.205806034981974,Infinity,0.9606579239831061,0.0,10805.0,1,ID95195,95186,332,7.848
95196,334,266,711.2428610280119,359.049768833288,3677.0000000000027,0.5893691932270244,1.0,1.2660709768125278,38.58934197102944,30.479603969899326,-0.31790225142274453,0.12028153405424792,0.742695931875478,6.0,6.0,6.0,6.0,280.0,334.0,0.0,3677.0,34.211481281841614,164,4.617545849358441,Infinity,0.9705688267124198,0.0,22062.0,1,ID95196,95187,332,19.7162
95197,334,191,1166.393234016139,603.9165114835506,3221.9999999999995,0.5989474278027404,1.0,1.3574331654053384,37.344001344095496,27.51074770811595,1.9098454853589482,-0.10998699225038791,0.14833160341012655,7.0,7.0,7.0,7.0,260.0,334.0,0.0,3222.0,32.02490364207476,148,4.5804756623746465,Infinity,0.9757722592368262,0.0,22554.0,1,ID95197,95188,332,13.6149
95199,334,293,39.284815106215575,785.0110149488592,1271.0000000000007,0.5526594135242393,0.8104935503442455,1.2965920312894572,22.98081789275934,17.724015988209477,0.7555355070063468,-0.2503260697058701,-0.32673396156200335,9.0,9.0,9.0,9.0,170.0,334.0,0.0,1271.0,20.11397189367625,100,4.768438064352321,Infinity,0.941481481481482,0.0,11439.0,1,ID95199,95189,332,4.9369
95200,334,177,783.7326906222612,790.3996494303243,1140.9999999999995,0.6045804044098418,1.0,1.2539448821900865,21.68940411569257,17.296935793390524,0.35132265857884953,-0.09516048252753732,0.7345260699979362,10.0,10.0,10.0,10.0,154.0,334.0,0.0,1141.0,19.057585894748186,84,4.559087197413495,Infinity,0.9636824324324322,0.0,11410.0,1,ID95200,95190,332,16.3148
95163,336,197,81.66929133858268,20.745168217609162,1397.0000000000005,0.579839468498473,0.7293171033629048,1.4637359038138282,25.704161527099817,17.56065521118017,2.2257291086592614,-0.18821328857560954,-0.505173685911781,1.0,1.0,1.0,1.0,174.0,336.0,0.0,1397.0,21.087411197175335,106,4.655336144365571,Infinity,0.9684575389948011,0.0,1397.0,1,ID95163,95191,334,8.9224
95164,336,200,15.705645161290322,51.649193548387096,1240.0,0.6241908172490536,0.7036867414701168,1.204539539156118,24.06606779548489,19.97947515475101,0.09065229787621165,-3.928831057371809,0.13147053935217048,2.0,2.0,2.0,2.0,158.0,336.0,0.0,1240.0,19.867165345562018,70,4.486898490551812,Infinity,0.9695074276778733,0.0,2480.0,1,ID95164,95192,334,17.8339
95165,336,145,146.334092634776,182.13591495823843,3951.0000000000036,0.6069945999478353,0.9762136327006976,1.0167880450574915,35.896468722971456,35.30378715353777,1.1111719227801924,-0.19279117515008218,0.08931847060503248,3.0,3.0,3.0,3.0,286.0,336.0,0.0,3951.0,35.46325366223689,162,4.550011751078579,Infinity,0.9724341619492994,0.0,11853.0,1,ID95165,95193,334,35.4213
95166,336,174,225.0971902349148,248.22432058959006,2171.0,0.4508161577727174,0.9691609977324263,2.392565509837368,40.871752451416285,17.082814361139267,0.3312422396042338,0.6353382016999947,0.038371947772352075,4.0,4.0,4.0,4.0,246.0,336.0,0.0,2171.0,26.287844394415636,146,5.2796507568430195,Infinity,0.9544954935150582,0.0,8684.0,1,ID95166,95195,334,13.6688
95167,336,310,10.656204379562043,269.75182481751824,1370.0000000000002,0.43913702024467066,0.7334458034584562,2.4004958063297024,33.65150828350821,14.01856574578254,1.5105237723668894,-1.25739456804906,-0.7999290460675968,5.0,5.0,5.0,5.0,198.0,336.0,0.0,1370.0,20.88263738304607,80,5.349397946887161,Infinity,0.952712100139082,0.0,6850.0,1,ID95167,95194,334,28.1699
95168,336,266,703.5653869226155,361.5488902219556,3333.9999999999986,0.6011288973294517,1.0,1.0578711363370255,33.37399280058382,31.548259191704854,0.6758696728821055,0.32126059521242234,0.027949892077689498,6.0,6.0,6.0,6.0,264.0,336.0,0.0,3334.0,32.57675798075612,162,4.572156939146421,Infinity,0.9765670767428233,0.0,20004.0,1,ID95168,95196,334,8.074
95169,336,191,1160.7445255474452,623.5568734793187,3287.999999999999,0.5928349773303051,1.0,1.385678804094218,38.0913416033957,27.489300904977767,1.9446606344505406,0.05172182856757689,-0.016000720787599364,7.0,7.0,7.0,7.0,264.0,336.0,0.0,3288.0,32.35124272377034,152,4.604028702340029,Infinity,0.9753782260456835,0.0,23016.0,1,ID95169,95197,334,20.4365
95170,336,293,37.99937067337948,785.5261170547515,1588.9999999999993,0.5649604715430262,1.0,1.3885498264477012,26.68232633635582,19.215966059076667,2.0243056624928095,0.13283254641643544,0.06341361791451065,8.0,8.0,8.0,8.0,188.0,336.0,0.0,1589.0,22.489873479991903,108,4.716240035825064,Infinity,0.9492234169653522,0.0,12712.0,1,ID95170,95199,334,1.3848
95171,336,177,799.0566037735849,825.545183714002,1007.0000000000002,0.5624148981626528,1.0,1.2154486881523736,19.888479583572522,16.363076267584255,0.11545399232801201,-0.37229936120747587,0.3325592493740695,9.0,9.0,9.0,9.0,150.0,336.0,0.0,1007.0,17.903576608797398,92,4.726901187474407,Infinity,0.947764705882353,0.0,9063.0,1,ID95171,95200,334,38.341
95202,338,197,85.04356306892068,28.210663198959686,1538.0000000000014,0.5353761220189591,0.9165109034267912,1.6684971143233298,28.53326143844924,17.1011751794495,2.5503598435606953,0.37828027785466545,-0.09546195231940124,1.0,1.0,1.0,1.0,190.0,338.0,0.0,1538.0,22.12601647271082,122,4.844795311722026,Infinity,0.9648682559598504,0.0,1538.0,1,ID95202,95163,336,8.1926
95203,338,200,15.338595106550908,49.70718232044199,1267.0000000000002,0.6219371706403545,0.7033385615057137,1.3234161735719123,23.757148335477037,17.951381288741754,1.9220294852658881,-0.9982908005998595,0.014008475564801502,2.0,2.0,2.0,2.0,160.0,338.0,0.0,1267.0,20.082296327732614,82,4.495020484434458,Infinity,0.9727447216890597,0.0,2534.0,1,ID95203,95164,336,1.9764
95204,338,145,152.40178117048347,178.07735368956742,3930.000000000002,0.5636623049948819,1.0,1.0522511052015555,36.161969188649806,34.366292427626476,-1.103962057914233,-0.06516835402469708,0.14849469627567233,3.0,3.0,3.0,3.0,296.0,338.0,0.0,3930.0,35.36888254811421,184,4.721667881447952,Infinity,0.9650092081031312,0.0,11790.0,1,ID95204,95165,336,7.2999
95205,338,174,251.4047281323877,256.39432624113476,2115.000000000003,0.47719537936960804,1.0,1.9540156156276791,37.44796413147138,19.164618661167736,0.22464758277082653,-0.03752722728642704,-1.2931406056679908,4.0,4.0,4.0,4.0,236.0,338.0,0.0,2115.0,25.946587623013517,130,5.131647508020408,Infinity,0.9412550066755688,0.0,8460.0,1,ID95205,95166,336,27.547
95206,338,310,9.31880341880342,290.4179487179487,1170.0000000000005,0.3988350048502669,0.7193240264511389,2.9000391734546755,33.75649924067007,11.640014917611472,1.537685761035534,-0.9047511973639676,-0.09693177782089911,5.0,5.0,5.0,5.0,192.0,338.0,0.0,1170.0,19.298252947742064,86,5.613171323564987,Infinity,0.9439290036304969,0.0,5850.0,1,ID95206,95167,336,20.7094
95207,338,266,704.0834272829763,381.62767756482526,3547.999999999995,0.5852956697614246,1.0,1.0902427392838043,34.982095704039146,32.086520224862376,0.4310487202586174,0.2275539436327137,-0.159530846370972,6.0,6.0,6.0,6.0,276.0,338.0,0.0,3548.0,33.60600357347014,174,4.633586517324218,Infinity,0.9752611324903779,0.0,21288.0,1,ID95207,95168,336,20.0855
95208,338,191,1163.4100151745067,629.8415781487101,3295.000000000001,0.5940970955910452,1.0,1.3687582811429286,37.93770203523748,27.716874891568924,1.8082743842428524,-0.06427265469450996,-0.033178718962192585,7.0,7.0,7.0,7.0,264.0,338.0,0.0,3295.0,32.38566156458118,154,4.599135631661872,Infinity,0.9761516812324101,0.0,23065.0,1,ID95208,95169,336,6.8266
95209,338,293,44.98559799624296,788.2586098935504,1597.0,0.5559139576490748,1.0,1.4321497743611558,27.15246768854618,18.959237486636606,2.202177792411128,-0.2856368973181219,-0.153255725778478,8.0,8.0,8.0,8.0,190.0,338.0,0.0,1597.0,22.54641630582372,110,4.7544593970078095,Infinity,0.9486189486189486,0.0,12776.0,1,ID95209,95170,336,7.5016
95210,338,177,809.9661172161173,836.8031135531136,1091.9999999999998,0.5638756044904756,1.0,1.4342509153659149,22.816709945843787,15.908450677211281,0.6500514841388089,0.06807465755739099,0.9416238418560948,9.0,9.0,9.0,9.0,156.0,338.0,0.0,1092.0,18.643883600599402,94,4.720774754816659,Infinity,0.9583150504607282,0.0,9828.0,1,ID95210,95171,336,15.6767
95221,340,197,83.98942172073343,29.540197461212976,1417.9999999999998,0.6165783228775538,0.8944555778223112,1.257241488707978,24.08581128616527,19.157665017018644,-1.4282709173274784,0.578976297562057,-0.09849606011744978,1.0,1.0,1.0,1.0,170.0,340.0,0.0,1418.0,21.245315215562584,90,4.514511939689231,Infinity,0.9685792349726776,0.0,1418.0,1,ID95221,95202,338,1.6967
95222,340,200,18.92,54.68785714285714,1400.0000000000011,0.6384424031101341,0.7202539422486176,1.0817154814487415,22.20144262324806,20.524290355458042,1.79243090247102,-0.02292165205627671,-0.034656729842069876,2.0,2.0,2.0,2.0,166.0,340.0,0.0,1400.0,21.110041228223768,88,4.436536615746243,Infinity,0.9702009702009708,0.0,2800.0,1,ID95222,95203,338,6.1346
95223,340,145,146.8581222056632,176.6128166915052,3354.9999999999973,0.5301565994061539,1.0,1.2837720882121992,36.997653388919005,28.819487297346143,2.393098441076597,-0.6073131860238814,-0.08891345806848609,3.0,3.0,3.0,3.0,282.0,340.0,0.0,3355.0,32.67919319913845,184,4.8685860018313365,Infinity,0.9520431328036313,0.0,10065.0,1,ID95223,95204,338,5.7338
95224,340,174,257.6662100456621,255.61141552511415,2189.9999999999973,0.49411720133306797,1.0,2.2297430834587812,40.01107820052499,17.94425487731965,0.1975887520436882,0.5274125544768256,-0.5576268621600576,4.0,4.0,4.0,4.0,236.0,340.0,0.0,2190.0,26.402625830445363,122,5.043011349414124,Infinity,0.9611586570111902,0.0,8760.0,1,ID95224,95205,338,6.3102
95225,340,310,8.2875,306.71666666666664,960.0000000000005,0.38075103490041695,0.727136431784108,2.8777377622741307,30.49340674972425,10.596311849355882,1.5261967243791281,-0.6717349442516323,-0.18259579615388205,5.0,5.0,5.0,5.0,178.0,340.0,0.0,960.0,17.48077488947327,76,5.744925296874333,Infinity,0.9261939218523882,0.0,4800.0,1,ID95225,95206,338,16.3313
95226,340,266,692.6168044077135,385.8595041322314,3629.999999999994,0.5818357822719863,1.0,1.2489897236245056,38.05436385508942,30.4681160583592,0.19842011267984758,0.44635173765426195,-0.30217107314644065,6.0,6.0,6.0,6.0,280.0,340.0,0.0,3630.0,33.992129778040656,166,4.647342912165049,Infinity,0.9735818693844697,0.0,21780.0,1,ID95226,95207,338,12.2226
95227,340,191,1156.4505216566552,644.3335441036991,3162.999999999999,0.6064976540102852,1.0,1.3450145390224633,36.915126705469156,27.44589417769307,-1.44639990336857,-0.008086456212055644,0.0524258394722358,7.0,7.0,7.0,7.0,256.0,340.0,0.0,3163.0,31.730335169980947,144,4.551875440788556,Infinity,0.9765359678913242,0.0,22141.0,1,ID95227,95208,338,16.0764
95228,340,293,46.09684947491249,786.4603267211202,1714.0000000000011,0.5722914027264224,1.0,1.389746662976031,27.754882797206985,19.971181465384582,2.248979544880436,-0.07363485593005735,-0.495040394647429,8.0,8.0,8.0,8.0,194.0,340.0,0.0,1714.0,23.3577213126413,112,4.6859356588447865,Infinity,0.9594178561432977,0.0,13712.0,1,ID95228,95209,338,2.1139
95229,340,177,824.3508488278092,857.1705739692806,1236.9999999999995,0.607210955076652,1.0,1.2909495448200505,23.20172278210766,17.972602318351505,0.5369908683729405,-0.14437422423588378,1.0900446807438267,9.0,9.0,9.0,9.0,160.0,340.0,0.0,1237.0,19.84311793064157,88,4.549201072289469,Infinity,0.9667838999609218,0.0,11133.0,1,ID95229,95210,338,24.935
95230,340,202,13.763313609467456,517.0420775805392,1520.9999999999993,0.5294584405662132,0.734321550741163,1.5021408030290002,30.22130039701551,20.11881997751183,1.5122699438920366,-2.8700647691670174,0.2393629160720258,10.0,10.0,10.0,10.0,190.0,340.0,0.0,1521.0,22.003393758362492,76,4.871794871794872,Infinity,0.9530075187969921,0.0,15210.0,1,ID95230,,,
95249,342,197,86.28450269853508,36.76715497301465,1296.9999999999993,0.6059853765178405,1.0,1.236744765203321,22.681201731798335,18.339436211860207,2.0264027854098683,0.31137366988717635,0.06469842908090444,1.0,1.0,1.0,1.0,164.0,342.0,0.0,1297.0,20.31865946317267,96,4.55379902741794,Infinity,0.9675494218575151,0.0,1297.0,1,ID95249,95221,340,7.5826
95251,342,200,23.984433374844333,49.830635118306354,1605.9999999999998,0.6515234764547013,0.8046633579923214,1.0352349104140102,23.458811086911904,22.660374810515496,1.1295766981313695,-0.03401791787860774,0.3691761555232226,2.0,2.0,2.0,2.0,176.0,342.0,0.0,1606.0,22.60985796530283,86,4.391773130852357,Infinity,0.9718608169440244,0.0,3212.0,1,ID95251,95222,340,7.0172
95254,342,145,153.98961514966402,171.6511912034209,3274.000000000002,0.5560972290145431,1.0,1.2585899403849927,36.19627654742576,28.75938809454778,-0.6343397207091745,-0.6351648736321529,-0.04491482803069347,3.0,3.0,3.0,3.0,272.0,342.0,0.0,3274.0,32.28229495196603,174,4.753675875687514,Infinity,0.9654969035682693,0.0,9822.0,1,ID95254,95223,340,8.6877
95256,342,174,245.86252983293556,254.57136038186158,2095.000000000002,0.4891228157900284,1.0,2.300901021204704,39.145417871123556,17.013082053667755,0.18761155491086554,0.07008455766151138,-0.37455460146792985,4.0,4.0,4.0,4.0,232.0,342.0,0.0,2095.0,25.823617321263146,120,5.068692807622389,Infinity,0.9641049240681094,0.0,8380.0,1,ID95256,95224,340,11.8494
95258,342,310,7.830732292917167,318.48859543817525,832.9999999999998,0.3891949257049817,0.7432856644576213,1.669096332285071,33.277518965950506,19.937446582482167,1.3510959990584506,-10.695082998365702,-3.80812088548449,5.0,5.0,5.0,5.0,164.0,342.0,0.0,833.0,16.28349272088447,62,5.6822632151369445,Infinity,0.9618937644341797,0.0,4165.0,1,ID95258,95225,340,11.7808
95260,342,266,675.1887769784173,383.03769784172664,3474.999999999997,0.5816524306688966,1.0,1.172643993494168,35.948552932078876,30.655981808222737,0.03634948185959246,0.3018831479179935,-0.2582905430285708,6.0,6.0,6.0,6.0,274.0,342.0,0.0,3475.0,33.2584854509142,172,4.648075334646243,Infinity,0.9754385964912272,0.0,20850.0,1,ID95260,95226,340,17.655
95263,342,203,475.52519459238016,450.70749692748876,2440.9999999999995,0.6113383025679754,1.0,1.0316595571261742,28.301020123168172,27.432518729341734,1.338012724012293,-0.05993640238493935,0.05737588618969726,7.0,7.0,7.0,7.0,224.0,342.0,0.0,2441.0,27.87461985704259,134,4.533818483008571,Infinity,0.973285486443381,0.0,17087.0,1,ID95263,,,
95265,342,191,1148.8931176657152,663.326038693308,3153.0,0.6141386097568738,1.0,1.3540036005839893,36.93547532254671,27.278712779357626,1.8080000500408961,-0.058705823312199874,-0.04817399893555658,8.0,8.0,8.0,8.0,254.0,342.0,0.0,3153.0,31.680136854778453,142,4.523470175587796,Infinity,0.978432893716059,0.0,25224.0,1,ID95265,95227,340,20.4409
95268,342,293,46.875394321766564,788.8832807570977,1268.000000000001,0.5645605845736764,0.9993576079656611,1.2519300747796651,22.316474094887425,17.825655397578846,-1.5620831154157935,0.05226138847549953,0.36171196224244606,9.0,9.0,9.0,9.0,168.0,342.0,0.0,1268.0,20.09021990126158,98,4.717910032934535,Infinity,0.9480373831775708,0.0,11412.0,1,ID95268,95228,340,2.545
95271,342,177,836.1142595978063,876.3546617915905,1094.0,0.5950315725462662,1.0,1.398193464915515,22.336467869783878,15.975234064717608,0.0341423923532842,-0.3249053684859289,0.34358491358778226,10.0,10.0,10.0,10.0,152.0,342.0,0.0,1094.0,18.66094894385243,86,4.5955228191924435,Infinity,0.9643014543851919,0.0,10940.0,1,ID95271,95229,340,22.5035
107513,342,202,7.19811320754717,518.3528301886793,232.3521955581855,0.9999999999999999,0.041323552235925216,1.0,8.60000005364418,8.60000005364418,0.0,0.0,0.0,40080.0,23689.476534296027,23280.0,16928.0,54.03539397880077,342.0,0.0,-1.0,8.60000005364418,,3.544907701811032,0.4414449408012327,1.0,4259.129762059769,6561985.0,1,ID107513,95230,340,6.6948
95247,344,197,87.94081632653061,26.59387755102041,1470.0000000000007,0.5701408889848146,0.8193069306930694,1.3795589358005564,25.358784571337935,18.38180588973697,2.0299963399804097,-0.04727901889618464,-0.054345434790732734,1.0,1.0,1.0,1.0,180.0,344.0,0.0,1470.0,21.631355313298624,112,4.694764778615709,Infinity,0.9629872256796597,0.0,1470.0,1,ID95247,95249,342,10.3072
95250,344,200,15.788326848249028,51.84591439688716,1285.0000000000007,0.6468429033588986,0.7083979614447152,1.1213805461425161,22.361945431174295,19.941442276752603,1.3563775976136303,-1.3879521659082965,-0.28683389991520936,2.0,2.0,2.0,2.0,158.0,344.0,0.0,1285.0,20.22444569688305,74,4.407633985948197,Infinity,0.9731162438470281,0.0,2570.0,1,ID95250,95251,342,8.4402
95253,344,145,156.82735849056604,162.20723270440251,3180.0000000000005,0.5733622955931786,1.0,1.2280756951018703,35.27581514787352,28.724463230214287,2.3455291638893287,-0.2701538266899235,-0.40108498120370295,3.0,3.0,3.0,3.0,264.0,344.0,0.0,3180.0,31.81549053628522,166,4.681557554070596,Infinity,0.9718826405867971,0.0,9540.0,1,ID95253,95254,342,9.8611
95255,344,174,225.6992337164751,250.46695402298852,2088.0,0.5137164586651647,1.0,2.0392532457561985,36.76489476454542,18.028606717216338,0.18916902051393292,0.03780044554817285,-0.42426365043628755,4.0,4.0,4.0,4.0,226.0,344.0,0.0,2088.0,25.780439141949365,116,4.945875637716216,Infinity,0.9646569646569647,0.0,8352.0,1,ID95255,95256,342,20.5768
95259,344,266,659.3439045679371,388.86092522548734,3436.999999999998,0.5924638655905686,1.0,1.1431041782464157,35.29058109156122,30.872585161659458,0.22607123672628698,0.33666470242985563,-0.1769164832712027,5.0,5.0,5.0,5.0,270.0,344.0,0.0,3437.0,33.07614062755339,162,4.605470428765739,Infinity,0.975450546331772,0.0,17185.0,1,ID95259,95260,342,16.8811
95269,344,203,479.88768267223384,435.8989561586639,2395.0000000000014,0.6332896562029762,1.0,1.186963216339606,30.74576361019562,25.90287819112909,-1.3123988452302293,-0.42141156049060924,0.8028900556352732,6.0,6.0,6.0,6.0,218.0,344.0,0.0,2395.0,27.61072576753786,108,4.454548940470629,Infinity,0.970224832894471,0.0,14370.0,1,ID95269,95263,342,15.4378
95276,344,191,1137.5345522156802,670.90920359467,3227.0000000000014,0.5907534230600937,1.0,1.2885587593481238,36.31711592292614,28.184291682048563,2.2219193807484503,0.17776662071006297,0.01611485274144739,7.0,7.0,7.0,7.0,262.0,344.0,0.0,3227.0,32.04974263102737,160,4.612132852087549,Infinity,0.9753664802780719,0.0,22589.0,1,ID95276,95265,342,13.6573
95285,344,293,41.607294317217985,787.9041560644614,1179.0000000000005,0.5376597094763198,0.829850832063921,1.2541402382273283,21.787308523639112,17.372306429171356,-1.5596288866880577,0.2551260531461772,0.559948515197227,9.0,9.0,9.0,9.0,166.0,344.0,0.0,1179.0,19.37233480535295,98,4.834495780191076,Infinity,0.9196567862714512,0.0,10611.0,1,ID95285,95268,342,5.3583
95286,344,177,826.5896624472574,865.2478902953586,948.0000000000007,0.5745042121148005,1.0,1.2600800037972562,19.83790085725641,15.743366133479476,0.3983497051163625,-0.2091385735276677,0.5846669222913216,10.0,10.0,10.0,10.0,144.0,344.0,0.0,948.0,17.371176474327633,86,4.676902577723741,Infinity,0.956127080181544,0.0,9480.0,1,ID95286,95271,342,14.6314
107598,344,310,8.737735849056603,285.8698113207547,232.3521955581855,0.9999999999999999,0.04761428345324841,1.0,8.60000005364418,8.60000005364418,0.0,0.0,0.0,15824.0,13117.054151624548,13136.0,10656.0,54.03539397880077,344.0,0.0,-1.0,8.60000005364418,,3.544907701811032,1.2548608934636982,1.0,950.1814856924067,3633424.0,1,ID107598,95258,342,32.6314
107712,344,202,3.5,520.8333333333334,232.3521955581855,0.9999999999999999,0.0715612916730517,1.0,8.60000005364418,8.60000005364418,0.0,0.0,0.0,40432.0,17184.1119133574,15776.0,5780.0,54.03539397880077,344.0,0.0,-1.0,8.60000005364418,,3.544907701811032,0.3701484321837767,1.0,6200.722955024378,4759999.0,1,ID107712,107513,342,4.453
95300,346,197,89.25421686746988,11.193975903614458,830.0,0.5639104460379603,0.696763202725724,1.6297049534760102,30.389744991152607,18.647390698748314,1.893678445483934,2.7485357712893537,-13.411628655880344,1.0,1.0,1.0,1.0,136.0,346.0,0.0,830.0,16.25414425715935,64,4.720628914604238,Infinity,0.963435867672664,0.0,830.0,1,ID95300,95247,344,15.4558
95301,346,200,29.753380553766902,51.839021249195106,1553.0000000000007,0.6023325174104878,0.9216333264590636,1.1358092188692996,23.743098637730686,20.904125660616657,0.29073210857305937,-0.2090404888059477,-0.2993863680761138,2.0,2.0,2.0,2.0,180.0,346.0,0.0,1553.0,22.233651370016286,106,4.567586463802762,Infinity,0.9682044887780554,0.0,3106.0,1,ID95301,95250,344,13.9651
95302,346,145,168.27036395147314,147.251993067591,2884.9999999999977,0.5894572584291459,1.0,1.309762322395921,34.68622148693151,26.482836537457214,2.6764735856701796,-0.14764976431922153,-0.20442237934200175,3.0,3.0,3.0,3.0,248.0,346.0,0.0,2885.0,30.303861497179454,148,4.617200904672383,Infinity,0.9731826614943491,0.0,8655.0,1,ID95302,95253,344,18.8309
95303,346,174,200.14034296028882,234.70306859205778,2215.9999999999986,0.4999834329470682,1.0,2.10845443414312,38.75434347115836,18.38045102782038,0.18237459951537188,-0.09923873245713274,-0.3646965501541182,4.0,4.0,4.0,4.0,236.0,346.0,0.0,2216.0,26.558891313141814,130,5.013339606212632,Infinity,0.963687758208306,0.0,8864.0,1,ID95303,95255,344,30.0293
95304,346,266,655.7555730396014,386.2113821138211,3813.0000000000027,0.5940732388483381,1.0,1.0975398465796973,36.30809607471516,33.081346602461295,0.41033738152757515,0.18689228888432102,0.3201829447749811,5.0,5.0,5.0,5.0,284.0,346.0,0.0,3813.0,34.83842126185965,180,4.599227976583972,Infinity,0.9780684878799546,0.0,19065.0,1,ID95304,95259,344,4.4605
95305,346,203,467.8503062787136,438.5539816232772,2612.0000000000023,0.6204793959301736,1.0,1.0450442440580667,29.909829218017503,28.620634377998257,0.6239074120401067,0.042367632674220466,0.5500372942230186,6.0,6.0,6.0,6.0,230.0,346.0,0.0,2612.0,28.834448541840747,116,4.500297761120284,Infinity,0.9638376383763845,0.0,15672.0,1,ID95305,95269,344,12.3267
95306,346,191,1129.0908798972382,687.7382787411689,3114.0000000000005,0.5971020216844859,1.0,1.1740727357256842,34.082608345779484,29.029384048095896,-1.1698787965484718,0.024081552916932963,-0.08797091648165765,7.0,7.0,7.0,7.0,256.0,346.0,0.0,3114.0,31.48359867576012,156,4.587548420868013,Infinity,0.9740381607757274,0.0,21798.0,1,ID95306,95276,344,18.8285
95307,346,293,43.195427728613566,782.6533923303834,1356.0000000000002,0.5759869711016441,0.9805860694397954,1.1486753362224598,22.323883890905602,19.43445914345132,1.501970607077166,0.013944329087338192,0.44052037989417353,8.0,8.0,8.0,8.0,172.0,346.0,0.0,1356.0,20.775663783985827,100,4.670878840704688,Infinity,0.944289693593315,0.0,10848.0,1,ID95307,95285,344,5.4857
95308,346,177,828.3299832495812,870.5762144053601,1194.0000000000005,0.6010353514478792,1.0,1.2568760316788,22.217534027267966,17.676790285826495,0.49983769321488536,-0.1171641353908659,0.8058149404365293,9.0,9.0,9.0,9.0,158.0,346.0,0.0,1194.0,19.495178996445407,88,4.572512733368537,Infinity,0.9598070739549843,0.0,10746.0,1,ID95308,95286,344,5.6053
95309,346,202,13.783422459893048,493.3415775401069,1496.0000000000002,0.3616360887788805,0.7169089517980107,2.5474488388317416,40.91588336194719,16.0615132827206,-1.1093752615057322,-3.7071061000946273,3.3874875347493845,10.0,10.0,10.0,10.0,228.0,346.0,0.0,1496.0,21.821814538001895,122,5.894799665943218,Infinity,0.8891530460624072,0.0,14960.0,1,ID95309,107712,344,29.3521
107602,346,310,7.19811320754717,285.8698113207547,232.3521955581855,0.9999999999999999,0.060729673987660764,1.0,8.60000005364418,8.60000005364418,0.0,0.0,0.0,14784.0,12477.685920577618,12480.0,10023.0,54.03539397880077,346.0,0.0,-1.0,8.60000005364418,,3.544907701811032,1.521811429089861,1.0,938.8569709312853,3456319.0,1,ID107602,107598,344,1.5396
95360,348,197,96.768345323741,8.532374100719425,694.9999999999998,0.48639048657716766,0.701346389228886,1.7279701828252036,28.018973806912985,16.214963710254775,-0.6747388398671117,5.189412034282406,-9.654195657058606,1.0,1.0,1.0,1.0,134.0,348.0,0.0,695.0,14.873646859386385,66,5.082909720132908,Infinity,0.9573002754820932,0.0,695.0,1,ID95360,95300,346,7.9716
95361,348,200,55.0113708149084,49.63360707517372,1582.9999999999995,0.6005483843295062,-0.01717715231788082,1.2640449272475895,25.406635976199784,20.099472280247017,0.5698461411088003,-4.016554610917022E-4,-0.07998074686811778,2.0,2.0,2.0,2.0,182.0,348.0,0.0,1583.0,22.44737289370274,104,4.574366216124009,-Infinity,0.9643618641486442,0.0,3166.0,1,ID95361,95301,346,25.3541
95362,348,145,182.63574915508823,157.48629365377394,2663.0000000000005,0.5809764747576126,0.7342885053728427,1.3177122484713981,33.48113661769143,25.40853411397744,2.1412109732014715,-0.3338737472000911,-0.3541522601851347,3.0,3.0,3.0,3.0,240.0,348.0,0.0,2663.0,29.114587871158932,144,4.650778525551273,Infinity,0.9704810495626821,0.0,7989.0,1,ID95362,95302,346,17.6382
95363,348,174,157.03634894991922,217.87681744749597,2476.0000000000014,0.5226137738704872,0.993157576977259,2.094512311651056,40.754406744452325,19.45770694101414,0.1872326051776712,-0.3357153828531456,-0.32471013041190266,4.0,4.0,4.0,4.0,244.0,348.0,0.0,2476.0,28.0737471348423,130,4.903594013454657,Infinity,0.9664324746291965,0.0,9904.0,1,ID95363,95303,346,46.2718
95364,348,266,650.3289724720632,384.0708639956391,3669.0000000000023,0.5797748325547487,1.0,1.2903471013814338,38.68607300023501,29.981136826531447,1.098837897390377,0.16672206464821068,-0.0584768346988679,5.0,5.0,5.0,5.0,282.0,348.0,0.0,3669.0,34.1742442843778,178,4.655595636190788,Infinity,0.9763171899946786,0.0,18345.0,1,ID95364,95304,346,5.8335
95365,348,203,472.77996219281664,442.9077504725898,2644.999999999999,0.5867885437995198,1.0,1.0983811355375745,30.83609923041753,28.074134043940578,-1.159789099778055,-0.364441199490605,0.2567613362490244,6.0,6.0,6.0,6.0,238.0,348.0,0.0,2645.0,29.016024003231834,124,4.627688509956087,Infinity,0.9548736462093858,0.0,15870.0,1,ID95365,95305,346,6.577
95366,348,191,1128.198016997167,690.928611898017,3530.0000000000036,0.5908584403629379,1.0,1.3953264340587768,39.53799512201991,28.336018122304424,1.8738856649585893,0.07259078581003205,-0.13103181910628564,7.0,7.0,7.0,7.0,274.0,348.0,0.0,3530.0,33.52064883364853,162,4.6117229609501935,Infinity,0.9774331995015929,0.0,24710.0,1,ID95366,95306,346,3.3129
95367,348,293,52.90810222947254,778.8031538879826,1839.000000000001,0.5553045838092687,0.9496421945401538,1.4071845616301735,28.83333273420549,20.49008603448797,2.2769131794395814,-0.22637150726207717,-0.3775266640829681,8.0,8.0,8.0,8.0,204.0,348.0,0.0,1839.0,24.194459710685653,122,4.757067379062402,Infinity,0.9580619953112796,0.0,14712.0,1,ID95367,95307,346,10.448
95369,348,177,841.6985018726592,884.5084269662922,1067.9999999999995,0.5376095103403137,0.8015181332583637,1.487665331439353,22.60235616115219,15.19317260642476,0.7321073872232923,-0.24168761024050459,0.12798468737837665,9.0,9.0,9.0,9.0,158.0,348.0,0.0,1068.0,18.437867513470433,98,4.834721484760627,Infinity,0.9539973202322459,0.0,9612.0,1,ID95369,95308,346,19.3086
95374,348,202,22.901297679905625,488.7880456154149,2543.000000000001,0.29703562306955855,0.7260180995475112,3.227170230250971,53.690397245407226,16.636989503101553,2.0763164098796048,-3.0938049904210514,4.603729056132097,11.0,11.0,11.0,11.0,328.0,348.0,0.0,2543.0,28.451046387881412,166,6.504301489680429,Infinity,0.8236437246963563,0.0,27973.0,1,ID95374,95309,346,10.1917
107503,348,312,10.277358490566037,33.37169811320754,232.3521955581855,0.9999999999999999,-0.07011985833377406,1.0,8.60000005364418,8.60000005364418,0.0,0.0,0.0,14480.0,11792.115523465704,11696.0,9872.0,54.03539397880077,348.0,0.0,-1.0,8.60000005364418,,3.544907701811032,-2.0307695893278006,1.0,875.739878292671,3266416.0,1,ID107503,,,
95337,350,197,91.82765335929894,13.610516066212268,1026.9999999999998,0.5441753508579383,0.7031509121061359,1.5085174223580335,24.29055899647617,16.10227275897581,-0.7431199024065627,0.5060770710057569,-2.8651822105906315,1.0,1.0,1.0,1.0,154.0,350.0,0.0,1027.0,18.080493718666894,78,4.805465891490084,Infinity,0.9656793606017864,0.0,1027.0,1,ID95337,95360,348,7.0851
95338,350,200,42.16198563030699,57.70868713259308,1530.9999999999984,0.6210974112404402,1.0,1.2328096679935665,24.759022298161856,20.083410230273326,1.4954827582772674,0.17068900043464164,-0.39965088625105916,2.0,2.0,2.0,2.0,176.0,350.0,0.0,1531.0,22.07560725659394,96,4.498058221014291,Infinity,0.9723721816449655,0.0,3062.0,1,ID95338,95361,348,15.1761
95339,350,145,177.5497293640054,162.41136671177267,2956.0000000000014,0.5943390645767317,0.8580807375331752,1.2146339280736471,33.79672962259973,27.82462175760212,2.509097240149698,-0.24750663282208105,-0.2147854990589317,3.0,3.0,3.0,3.0,250.0,350.0,0.0,2956.0,30.674484894766948,150,4.598199329860685,Infinity,0.9722085183358005,0.0,8868.0,1,ID95339,95362,348,7.0798
95340,350,174,119.41399530883503,215.16888193901485,2558.000000000001,0.5311781352292083,0.9885336701972598,2.0105311768132808,40.4291048371853,20.108668447144392,0.1950957528969532,-0.3204108423127506,-0.21500749399192026,4.0,4.0,4.0,4.0,246.0,350.0,0.0,2558.0,28.534832903981354,132,4.863902235550962,Infinity,0.9707779886148011,0.0,10232.0,1,ID95340,95363,348,37.7197
95341,350,266,639.6967539863326,388.4863325740319,3512.000000000001,0.5965221344835292,1.0,1.3189103775554651,38.55473020591792,29.232259342274034,1.1543183937261505,-0.5278289680666501,-0.04031186294785082,5.0,5.0,5.0,5.0,272.0,350.0,0.0,3512.0,33.43507619667515,156,4.589777688027223,Infinity,0.9755555555555558,0.0,17560.0,1,ID95341,95364,348,11.5126
95342,350,203,465.10565015479875,448.0394736842105,2583.9999999999995,0.6357487208768129,1.0,1.1025400638453982,30.587686950368795,27.742925589194645,1.5929644951115447,-0.29374460867710894,0.3845753366584683,6.0,6.0,6.0,6.0,226.0,350.0,0.0,2584.0,28.679483013103898,118,4.445925535810181,Infinity,0.9758308157099694,0.0,15504.0,1,ID95342,95365,348,9.232
95343,350,191,1118.051202961135,710.5959284392351,3242.000000000002,0.6026652889312494,1.0,1.270723115366475,36.22573778156008,28.50797104695197,2.041342157776405,-0.20831111136538225,-0.15863543739805888,7.0,7.0,7.0,7.0,260.0,350.0,0.0,3242.0,32.12414436226823,154,4.56632525580081,Infinity,0.9763589820810123,0.0,22694.0,1,ID95343,95366,348,22.1305
95344,350,293,46.30352152040246,788.2593627724985,1789.0000000000007,0.5509566961349026,1.0,1.4372132730405658,28.724922240897385,19.986541162486617,2.2446342793639036,-0.14083860272921364,-0.20623920671765292,8.0,8.0,8.0,8.0,202.0,350.0,0.0,1789.0,23.863285322494924,116,4.775800747318538,Infinity,0.9483169891333159,0.0,14312.0,1,ID95344,95367,348,11.5343
95345,350,177,835.5432612312812,885.905990016639,1201.9999999999995,0.5615994005971044,0.7245337159253945,1.4382309020017092,23.8759214001334,16.600895841483613,0.7554039793664714,0.02524949639196581,0.7312601997221923,9.0,9.0,9.0,9.0,164.0,350.0,0.0,1202.0,19.560380446016797,94,4.73033190520964,Infinity,0.9577689243027885,0.0,10818.0,1,ID95345,95369,348,6.3119
95347,350,202,26.71127460727779,481.0248558361503,5029.0,0.37230345590779224,0.6908938077892965,1.852674290971935,61.86863561163879,33.394232279858414,2.0754860488440583,-6.749098512414136,7.139067523768248,11.0,11.0,11.0,11.0,412.0,350.0,0.0,5029.0,40.009754030964544,206,5.8097360019204265,Infinity,0.8552721088435375,0.0,55319.0,1,ID95347,95374,348,8.6477
107499,350,312,5.658490566037735,50.30754716981132,232.3521955581855,0.9999999999999999,-0.050414163144053795,1.0,8.60000005364418,8.60000005364418,0.0,0.0,0.0,17856.0,13141.447653429603,12992.0,9052.0,54.03539397880077,350.0,0.0,-1.0,8.60000005364418,,3.544907701811032,-0.8785522852359984,1.0,1588.268513616042,3640181.0,1,ID107499,107503,348,17.5544
95368,352,197,99.20316205533597,17.574703557312255,1265.0000000000005,0.5910343109445404,0.7040862146385273,1.6721303368449858,28.801648299766256,17.224523510595397,-1.1191809905185852,1.2145654325724153,-4.5179427827261085,1.0,1.0,1.0,1.0,164.0,352.0,0.0,1265.0,20.06643979440537,82,4.611036768347373,Infinity,0.9663865546218493,0.0,1265.0,1,ID95368,95337,350,8.3733
95370,352,200,43.66932515337423,69.19693251533742,1630.0000000000018,0.5795378027785614,-0.1902968083785238,1.5194257602091736,28.159650917268056,18.533087732691477,1.209993827393023,0.04644648851463774,0.03652357869610913,2.0,2.0,2.0,2.0,188.0,352.0,0.0,1630.0,22.778171886250647,106,4.656547603409855,-Infinity,0.9653538643766667,0.0,3260.0,1,ID95370,95338,350,11.5867
95372,352,145,190.43643552311437,167.70346715328466,3288.0,0.5752704747718445,0.827343460540941,1.166268291342418,35.23579808034634,30.212429114220907,-0.08698007403939677,0.24597311881204922,0.22549346333961737,3.0,3.0,3.0,3.0,268.0,352.0,0.0,3288.0,32.35124272377035,146,4.673786712981544,Infinity,0.9630931458699475,0.0,9864.0,1,ID95372,95339,350,13.931
95373,352,174,132.12139917695472,217.15884773662552,2429.9999999999995,0.5390911763451166,0.9101896433133536,1.7098027631181438,36.9433430112983,21.60678635465838,3.093658701695248,0.17881027699441457,-0.9694317386483855,4.0,4.0,4.0,4.0,238.0,352.0,0.0,2430.0,27.81174254566965,120,4.828072914304798,Infinity,0.9574468085106382,0.0,9720.0,1,ID95373,95340,350,12.8623
95375,352,266,639.6548042704626,388.47686832740214,3653.000000000001,0.5939774319943852,1.0,1.4429846853638773,41.288440030642505,28.613221227798967,1.3672821984447316,-0.40998127896943504,0.06923139455575601,5.0,5.0,5.0,5.0,278.0,352.0,0.0,3653.0,34.09964830067002,152,4.599598882760161,Infinity,0.9732249900093248,0.0,18265.0,1,ID95375,95341,350,0.043
95376,352,203,470.1967213114754,442.96289905090595,2317.999999999999,0.6129291954398736,1.0,1.132059552507453,28.94987659238654,25.57275059272639,1.1629270573181776,-0.014091892114082611,-0.059591182790262015,6.0,6.0,6.0,6.0,218.0,352.0,0.0,2318.0,27.16325304844813,126,4.527930767130178,Infinity,0.9729275970619092,0.0,13908.0,1,ID95376,95342,350,7.1896
95378,352,202,13.51039501039501,518.1590436590436,962.0000000000001,0.6347851570580512,0.7016509433962265,1.1293982803621498,19.5744107768247,17.331716469895827,-1.0475870464348864,-1.4705454604994606,-0.04628594891664187,7.0,7.0,7.0,7.0,138.0,352.0,0.0,962.0,17.498974555922032,64,4.449298573512211,Infinity,0.9644110275689224,0.0,6734.0,1,ID95378,95347,350,39.4108
95379,352,191,1112.3188874514876,747.6636481241915,3092.0000000000027,0.6118546538737496,1.0,1.1175071852574991,33.16639889456762,29.678913327904308,-1.1979535735192939,-0.02059606918915105,-0.02206300632142369,8.0,8.0,8.0,8.0,252.0,352.0,0.0,3092.0,31.372187811504023,150,4.531905007973318,Infinity,0.9761641673243892,0.0,24736.0,1,ID95379,95343,350,37.5083
95380,352,293,58.43336886993603,789.7308102345415,1876.0000000000007,0.5664771067026579,0.903745325390412,1.414706542419367,29.1851910598416,20.629855157049327,2.2394132905763025,-0.22400080318031607,-0.19504701143293218,9.0,9.0,9.0,9.0,204.0,352.0,0.0,1876.0,24.436639426909576,114,4.709922384704022,Infinity,0.9608194622279133,0.0,16884.0,1,ID95380,95344,350,12.2188
95381,352,177,849.1996105160662,885.3748782862707,1026.9999999999998,0.5169709429957886,0.790238233585125,1.708374292392019,23.640719874986473,13.838138387042445,0.7345983577823799,-0.3502672850180447,-0.05628889506561902,10.0,10.0,10.0,10.0,158.0,352.0,0.0,1027.0,18.080493718666894,102,4.930283187372944,Infinity,0.9566837447601302,0.0,10270.0,1,ID95381,95345,350,13.6667
95382,352,312,12.797403801576264,68.15113583681038,2157.0,0.388912726916505,0.6536223298602643,2.6945711938274965,47.91559800696826,17.782272042664673,1.4010367027224315,-0.6555232854767993,-0.6756645887934892,11.0,11.0,11.0,11.0,264.0,352.0,0.0,2157.0,26.202946866687277,96,5.684324393527202,Infinity,0.8621103117505995,0.0,23727.0,1,ID95382,107499,350,19.2187
95409,354,197,102.38013488657265,26.114653586756592,1631.000000000001,0.605380153355973,0.719859402460457,1.4542144210851857,27.67442564898956,19.030498699316936,-1.4458682893460209,0.45576105619808904,-0.11989399535609382,1.0,1.0,1.0,1.0,184.0,354.0,0.0,1631.0,22.785157984217772,100,4.556074767824396,Infinity,0.9722801788375567,0.0,1631.0,1,ID95409,95368,352,9.1117
95410,354,200,40.06045519203414,87.42105263157895,1406.0000000000016,0.6260032980367424,-0.15858767205266305,1.1818717447126028,23.199148274057222,19.62915889803135,1.0537938841443062,-0.01048782642930982,-0.3882816100715704,2.0,2.0,2.0,2.0,168.0,354.0,0.0,1406.0,21.15522866750464,94,4.480398275326383,-Infinity,0.97065930272696,0.0,2812.0,1,ID95410,95370,352,18.578
95411,354,145,188.12058047493403,166.55171503957783,3790.0000000000023,0.5510035706004592,0.8253331192807835,1.3078436080310079,40.69550220970702,31.116489739147898,0.3955174630788194,0.8786962278735692,1.0991547291786792,3.0,3.0,3.0,3.0,294.0,354.0,0.0,3790.0,34.73318972735685,162,4.775597601748481,Infinity,0.9558638083228255,0.0,11370.0,1,ID95411,95372,352,2.5864
95412,354,174,154.02416278083933,223.19245442984317,2359.0000000000005,0.532247706824068,0.9623583238016012,2.0133907153174233,39.409341416764086,19.57361833296771,3.102018929698989,-0.34737048995947156,-0.49701936930453045,4.0,4.0,4.0,4.0,236.0,354.0,0.0,2359.0,27.402427292259393,112,4.859012681510962,Infinity,0.956415974052301,0.0,9436.0,1,ID95412,95373,352,22.7186
95413,354,266,631.9062870699881,365.2802491103203,3371.9999999999995,0.6079803964591817,1.0,1.220121030857101,36.40674338498278,29.838632778428593,1.476766133785927,-0.452399560233946,0.1753364021162617,5.0,5.0,5.0,5.0,264.0,354.0,0.0,3372.0,32.7618823667344,148,4.546321496100719,Infinity,0.9752711496746207,0.0,16860.0,1,ID95413,95375,352,24.4565
95414,354,203,472.56174049392393,436.8682869462956,2551.0,0.5854483789398467,1.0,1.2608471879501109,31.99304638999741,25.3742457418744,1.5528592907377103,0.10351947088818433,-0.20622714974980294,6.0,6.0,6.0,6.0,234.0,354.0,0.0,2551.0,28.495763187794253,134,4.632982162299973,Infinity,0.9633685800604233,0.0,15306.0,1,ID95414,95376,352,6.5374
95415,354,202,18.476489028213166,485.6935736677116,1275.999999999999,0.5818946474060928,0.7669051465497346,1.4251139828317347,24.024464396226985,16.85792482962648,1.925614656285326,0.05580589703462455,0.095265179076476,7.0,7.0,7.0,7.0,166.0,354.0,0.0,1276.0,20.15349634109468,98,4.647107840933592,Infinity,0.9633824084560201,0.0,8932.0,1,ID95415,95378,352,32.8431
95416,354,191,1104.7295890410958,771.0260273972602,3650.0000000000055,0.6109442796953893,1.0,1.0913640222036043,35.63607081685607,32.65278137435964,-0.7496733700319004,0.121392822309418,-0.025817220314885855,8.0,8.0,8.0,8.0,274.0,354.0,0.0,3650.0,34.0856433791536,160,4.535280269540973,Infinity,0.9776349270121883,0.0,29200.0,1,ID95416,95379,352,24.5642
95417,354,293,60.224137931034484,788.5206896551724,1449.9999999999993,0.5623838700870615,1.0,1.1182963276470752,22.782624712120818,20.372618731616562,1.8302424494537053,-0.054582579661997054,0.008636678583648508,9.0,9.0,9.0,9.0,180.0,354.0,0.0,1450.0,21.483699284957797,110,4.727031582950014,Infinity,0.9495743287491809,0.0,13050.0,1,ID95417,95380,352,2.1613
95418,354,177,844.910927456382,885.8292011019283,1089.0,0.5481804838582415,0.7410071942446044,1.5494426861438362,23.551489831310207,15.199974830901168,0.836512645668187,0.031077993914319705,0.6842578696643328,10.0,10.0,10.0,10.0,158.0,354.0,0.0,1089.0,18.61825625707596,92,4.787878787878788,Infinity,0.9573626373626376,0.0,10890.0,1,ID95418,95381,352,4.3127
95419,354,312,15.382492863939106,51.07421503330162,2102.0000000000005,0.4226321765021278,0.6721548586167828,1.6512776815248122,40.96511111275743,24.808129832488067,2.056446471060901,-7.211941073217885,3.5429610203284647,11.0,11.0,11.0,11.0,250.0,354.0,0.0,2102.0,25.866723425249056,118,5.452851277996027,Infinity,0.9000214086919291,0.0,23122.0,1,ID95419,95382,352,17.2715
95385,356,197,110.26821938392186,17.667167543200602,1330.9999999999998,0.6218708836894726,0.7064102564102565,1.4476081362408986,26.39582963406711,18.234098699259135,2.1406014568374587,0.5169923088789292,-2.6798361064115563,1.0,1.0,1.0,1.0,164.0,356.0,0.0,1331.0,20.58325675180255,82,4.495260046432113,Infinity,0.9747345294763821,0.0,1331.0,1,ID95385,95409,354,11.5578
95386,356,200,43.08270106221548,78.20182094081942,1318.000000000001,0.6010479194993976,-0.12705596644221215,1.110156779844228,21.540741448455805,19.403332790057185,1.0283316960835784,-0.11801063792163181,-0.16073857117224444,2.0,2.0,2.0,2.0,166.0,356.0,0.0,1318.0,20.48249081508976,102,4.572464926967288,-Infinity,0.9659215829974356,0.0,2636.0,1,ID95386,95410,354,9.702
95387,356,145,177.4350509102129,157.03023758099351,3241.000000000002,0.602479395874824,1.0,1.2875353094845732,36.69845846647154,28.5028753744724,2.9565812584189963,-0.1091402121495578,0.21199271588932003,3.0,3.0,3.0,3.0,260.0,356.0,0.0,3241.0,32.11918960873182,144,4.567029663866057,Infinity,0.9721055788842237,0.0,9723.0,1,ID95387,95411,354,14.3122
95388,356,174,187.3539644012945,232.38025889967636,2472.0000000000005,0.5393067388662479,1.0,1.842118134936466,38.68300610562943,20.999199438945645,0.003168836926898294,-0.006241037756915618,-1.0214042137388288,4.0,4.0,4.0,4.0,240.0,356.0,0.0,2472.0,28.05106127486678,122,4.827107920254777,Infinity,0.9736116581331234,0.0,9888.0,1,ID95388,95412,354,34.573
95389,356,266,614.1332927571516,347.68198417528913,3285.9999999999977,0.6108445834139676,1.0,1.3503488426155785,37.789157423184996,27.98473715131915,1.6250350881727051,-0.25505822859694793,0.27863271918364746,5.0,5.0,5.0,5.0,260.0,356.0,0.0,3286.0,32.341402041345326,142,4.535650357238338,Infinity,0.9771037763901271,0.0,16430.0,1,ID95389,95413,354,25.0116
95390,356,202,48.13318934485241,450.09071274298054,1388.9999999999993,0.590004353141728,1.0,1.3797756031672994,24.72493825084121,17.919535752106846,1.9453461068934705,0.19194612791081841,0.08096968489216087,6.0,6.0,6.0,6.0,172.0,356.0,0.0,1389.0,21.02694537752179,102,4.6150597068631924,Infinity,0.9679442508710797,0.0,8334.0,1,ID95390,95415,354,46.3366
95391,356,203,467.0161439114391,453.44326568265683,2167.999999999999,0.5948967484481325,1.0,1.2309848881182504,29.092094763654117,23.633185950906235,1.3959432904361115,0.025079913004463345,-0.34866317607575353,7.0,7.0,7.0,7.0,214.0,356.0,0.0,2168.0,26.269675164464022,126,4.5960435415868695,Infinity,0.9706738303111708,0.0,15176.0,1,ID95391,95414,354,17.4781
95392,356,293,60.730010384215994,773.9667705088266,1925.9999999999986,0.5703372090502344,1.0,1.3982601551888225,29.611383856326427,21.177306487953004,2.338692392665612,-0.20522223351014354,-0.7671577404462299,8.0,8.0,8.0,8.0,206.0,356.0,0.0,1926.0,24.76014621907513,120,4.693956698902689,Infinity,0.9598803887366053,0.0,15408.0,1,ID95392,95417,354,14.5627
95393,356,191,877.2814516129032,864.2932795698924,3719.999999999998,0.571505925539343,0.36241556116220397,1.3330534901629105,40.030502676150014,30.02917960273143,1.175908542811634,-0.5312092574007925,-0.3068379080829854,9.0,9.0,9.0,9.0,286.0,356.0,0.0,3720.0,34.4109397808851,164,4.689154725855265,Infinity,0.964480165932071,0.0,33480.0,1,ID95393,95416,354,245.8281
95394,356,312,13.331811958010041,53.37471474212688,2190.999999999998,0.4072916866281202,0.63474930362117,2.9698183072222375,47.57172565474699,16.0183959870738,1.6887394682618175,0.8158734569200743,-2.1424371591048432,10.0,10.0,10.0,10.0,260.0,356.0,0.0,2191.0,26.408653139239888,102,5.554591934279869,Infinity,0.8711729622266393,0.0,21910.0,1,ID95394,95419,354,3.0818
95396,356,177,831.2896174863388,863.3009367681499,2562.000000000002,0.3350160407282854,0.43335353629539836,3.5013000382269737,57.12404121448908,16.315094562251847,1.118737969315517,2.3834294730635373,6.086470993779545,12.0,12.0,12.0,12.0,310.0,356.0,0.0,2562.0,28.55713445713474,168,6.124521042625395,Infinity,0.8437345628190357,0.0,30744.0,1,ID95396,95418,354,26.3261
95421,358,197,134.19842710223836,24.276467029643072,1652.999999999999,0.6004223212375911,0.7841338370210469,1.2284055218384888,25.483056114456456,20.74482380730211,2.5373266440137607,0.30336695860680485,0.24038081722855387,1.0,1.0,1.0,1.0,186.0,358.0,0.0,1653.0,22.938313840860353,110,4.574846401872522,Infinity,0.9677985948477746,0.0,1653.0,1,ID95421,95385,356,24.8261
95422,358,312,13.890345649582837,46.967818831942786,839.0,0.6435049405180264,0.710499490316004,1.0884210154003153,17.384497826687323,15.97221808538252,-1.2265613457444229,-0.4736119010054759,0.20671589914467794,2.0,2.0,2.0,2.0,128.0,358.0,0.0,839.0,16.342031529409077,62,4.419050750462242,Infinity,0.9621559633027523,0.0,1678.0,1,ID95422,95394,356,6.4312
95423,358,200,56.301598837209305,79.8859011627907,1376.0000000000005,0.6126461864143363,0.9735458167330676,1.1352717522740183,22.27881944574219,19.624217198319574,1.1137538785340448,0.08727553204196783,-0.025433060161212752,3.0,3.0,3.0,3.0,168.0,358.0,0.0,1376.0,20.92831582781797,100,4.528976474544413,Infinity,0.9693554068333925,0.0,4128.0,1,ID95423,95386,356,13.3257
95424,358,145,187.20214997378082,153.3883062401678,3814.0000000000023,0.5698946197760513,1.0,1.2011182461394367,38.34411422423318,31.92367974383585,-0.15139566014177988,0.008545873592953206,0.20515035724611105,4.0,4.0,4.0,4.0,290.0,358.0,0.0,3814.0,34.842989336521896,164,4.695779046069121,Infinity,0.9544544544544551,0.0,15256.0,1,ID95424,95387,356,10.424
95425,358,174,259.8065825067628,253.71100090171325,2218.0,0.5178398116574139,1.0,1.8193865408737304,36.51766641095691,20.07141725552169,-0.013456677689466649,0.06606170196168404,-1.1107192539901982,5.0,5.0,5.0,5.0,232.0,358.0,0.0,2218.0,26.570873669408158,120,4.926145260092796,Infinity,0.9601731601731598,0.0,11090.0,1,ID95425,95388,356,75.5274
95426,358,266,611.6096069868995,346.13129548762737,3435.0000000000014,0.6009896839541625,1.0,1.4779145001912632,40.449360922396835,27.369215822134574,1.8446192600226656,0.1876918357033205,0.26213268304838216,6.0,6.0,6.0,6.0,268.0,358.0,0.0,3435.0,33.06651567736343,144,4.5726864561756235,Infinity,0.9766846744384423,0.0,20610.0,1,ID95426,95389,356,2.962
95427,358,202,77.84003831417624,434.37931034482756,1043.9999999999998,0.5531831220016433,1.0,1.7576574194495764,24.437433032298436,13.90341073401619,1.9264595104839408,0.29081363767463214,0.21137141953478786,7.0,7.0,7.0,7.0,154.0,358.0,0.0,1044.0,18.229523339239492,86,4.766180346544331,Infinity,0.9617687701520037,0.0,7308.0,1,ID95427,95390,356,33.6057
95428,358,203,465.8661781720015,456.62900115696107,2593.000000000002,0.5563929889186763,1.0,1.3092262946857887,32.93654079335417,25.157255798363618,1.5268980929239646,-0.20192543773814592,-0.07370436808161346,8.0,8.0,8.0,8.0,242.0,358.0,0.0,2593.0,28.729384519591953,142,4.752412260187753,Infinity,0.9519089574155661,0.0,20744.0,1,ID95428,95391,356,3.3869
95429,358,293,63.27364438839849,776.4590163934427,1586.0000000000005,0.5638938375501826,1.0,1.121076704096779,23.861465809827035,21.2844185617536,1.6496241501757225,0.13760426595697597,0.16216800455166763,9.0,9.0,9.0,9.0,188.0,358.0,0.0,1586.0,22.468633235857766,114,4.720698432947158,Infinity,0.9468656716417911,0.0,14274.0,1,ID95429,95392,356,3.5611
95430,358,191,900.489898989899,884.7469696969697,1979.9999999999995,0.5048578406061025,0.35236664162284,1.4196978584570754,30.776109584686232,21.677929146229495,0.31794432210431234,-0.19259470267330472,1.4575513924159975,10.0,10.0,10.0,10.0,222.0,358.0,0.0,1980.0,25.10485161565201,112,4.989078982227992,Infinity,0.9280524958987577,0.0,19800.0,1,ID95430,95393,356,30.9352
106999,358,177,856.8333333333334,894.1666666666666,232.3521955581855,0.9999999999999999,-0.08451732414040657,1.0,8.60000005364418,8.60000005364418,0.0,0.0,0.0,28128.0,18546.137184115523,18224.0,13632.0,54.03539397880077,358.0,0.0,-1.0,8.60000005364418,,3.544907701811032,-1.1979801818309643,1.0,2858.4423540203256,5137280.0,1,ID106999,95396,356,40.0646
95467,360,197,116.33134813210611,21.7796426637791,1847.0,0.6041775959163211,0.719205708966801,1.3590913120972248,28.62272447279108,21.060192363839867,2.4350696750783114,0.025474311967016734,-0.5707225245680637,1.0,1.0,1.0,1.0,196.0,360.0,0.0,1847.0,24.247027854594084,108,4.56060672831736,Infinity,0.9703178355660628,0.0,1847.0,1,ID95467,95421,358,18.0407
95468,360,312,12.554112554112555,53.85425685425685,693.0000000000001,0.670090399796161,0.7339449541284403,1.041165752760587,16.020270356161657,15.386858733765392,-1.3137985541901709,-1.35173257538609,0.016714098636579286,2.0,2.0,2.0,2.0,114.0,360.0,0.0,693.0,14.852230510107463,50,4.3305019054662415,Infinity,0.9699090272918126,0.0,1386.0,1,ID95468,95422,358,7.0149
95469,360,200,49.34082668600435,94.85714285714286,1379.000000000001,0.628865767063482,0.9903776762088045,1.052988853606877,21.692859204043913,20.601223963328607,1.21167758063399,0.0693111900639134,-0.2108451628113394,3.0,3.0,3.0,3.0,166.0,360.0,0.0,1379.0,20.95111770401397,92,4.470189714555627,Infinity,0.9690794096978222,0.0,4137.0,1,ID95469,95423,358,16.5103
95470,360,145,180.20303448275862,149.8433103448276,3625.000000000003,0.5979979715008932,1.0,1.280797661437691,38.85437894438753,30.336078925045523,-0.2898765975801179,0.02531924859842871,0.27099136512043626,4.0,4.0,4.0,4.0,276.0,360.0,0.0,3625.0,33.96871115329874,146,4.584110487926444,Infinity,0.9634551495016621,0.0,14500.0,1,ID95470,95424,358,7.8457
95471,360,174,303.62186559679037,279.33851554663994,1994.0000000000002,0.48202029480286607,1.0,2.6281395307083573,41.699597544854036,15.866584348972836,0.002748784079801947,-0.43190727094031145,-0.05456106913369353,5.0,5.0,5.0,5.0,228.0,360.0,0.0,1994.0,25.193449804472564,102,5.105899590855238,Infinity,0.9255047574843352,0.0,9970.0,1,ID95471,95425,358,50.7597
95472,360,266,595.5108359133127,349.07261469180975,3553.0000000000023,0.5614445298629115,1.0,1.5202804492168378,41.50573843348344,27.301369595895835,2.0214441649804784,0.07127964148718853,0.08105719513487061,6.0,6.0,6.0,6.0,282.0,360.0,0.0,3553.0,33.629674777062725,168,4.730984275500135,Infinity,0.970234844347352,0.0,21318.0,1,ID95472,95426,358,16.3653
95473,360,202,77.38778625954198,442.9526717557252,1310.0000000000002,0.5437292081123833,1.0,1.6850253593806734,26.44851843885331,15.69621388284292,2.0054858386955394,-0.0021329176449941026,0.15137113809192257,7.0,7.0,7.0,7.0,174.0,360.0,0.0,1310.0,20.420233860089994,104,4.807436986761178,Infinity,0.9597069597069599,0.0,9170.0,1,ID95473,95427,358,8.5853
95474,360,203,461.971386647102,458.0223771093177,2726.0000000000005,0.5569707058848711,1.0,1.2638119533813055,33.580980482555326,26.571184417673873,-1.3028923141844666,-0.42388026160535586,0.5034963435292987,8.0,8.0,8.0,8.0,248.0,360.0,0.0,2726.0,29.45696436731072,136,4.749946904750169,Infinity,0.9426002766251731,0.0,21808.0,1,ID95474,95428,358,4.1365
95475,360,293,61.205607476635514,778.6748647319233,2033.0000000000005,0.6020226095530258,1.0,1.2689826367178894,28.827468360835248,22.716991964046827,2.5501256301395294,-0.23322303550857607,-0.5216432714039249,9.0,9.0,9.0,9.0,206.0,360.0,0.0,2033.0,25.43863201140436,112,4.568761958533541,Infinity,0.9621391386654049,0.0,18297.0,1,ID95475,95429,358,3.031
95476,360,191,872.8274509803922,894.5892156862745,1020.0,0.37049653216112716,0.7322388904613643,2.866501663412952,31.71587314498539,11.06431353234361,0.016466457849823483,-0.021423596699920153,1.229027003366104,10.0,10.0,10.0,10.0,186.0,360.0,0.0,1020.0,18.01877032173579,82,5.82388590709189,Infinity,0.9268514311676511,0.0,10200.0,1,ID95476,95430,358,29.3612
95511,362,197,114.50422352176739,16.31578947368421,1539.0000000000005,0.6103915028247309,0.700239366599153,1.3237189366246143,27.565858713411043,20.824555689821853,2.5116553025505888,0.6659972334775444,-3.162865765171632,1.0,1.0,1.0,1.0,178.0,362.0,0.0,1539.0,22.13320841714671,88,4.537333403217777,Infinity,0.9737424865548879,0.0,1539.0,1,ID95511,95467,360,5.7613
95512,362,200,47.459326788218796,88.1100981767181,1425.9999999999998,0.6200569029784144,1.0,1.1365641916988192,22.914411780538703,20.161124156382755,1.5933986067246997,0.053083192926357756,-0.40551229308708453,2.0,2.0,2.0,2.0,170.0,362.0,0.0,1426.0,21.305161292468203,92,4.501830701325197,Infinity,0.9657974940738232,0.0,2852.0,1,ID95512,95469,360,7.0045
95513,362,145,193.57993647432505,119.94309158284807,3778.000000000002,0.5804165017977527,1.0,1.170559576653912,37.889661629447794,32.36884511060667,-0.2799674466836775,0.34003025542572174,0.5103770250407289,3.0,3.0,3.0,3.0,286.0,362.0,0.0,3778.0,34.678159553274476,158,4.65302146865006,Infinity,0.9583967529173012,0.0,11334.0,1,ID95513,95470,360,32.7561
95514,362,174,272.84494693124134,268.5671435163821,2167.000000000001,0.48074509429624207,1.0,2.200692054616902,39.32685195111965,17.870220355735185,0.14002116391681774,-0.018797925150357407,-0.07740829948479833,4.0,4.0,4.0,4.0,238.0,362.0,0.0,2167.0,26.26361596125474,126,5.112666933694797,Infinity,0.9544153270204805,0.0,8668.0,1,ID95514,95471,360,32.6074
95515,362,266,591.4656574151949,330.67199327165685,3567.000000000003,0.5799938406580819,1.0,1.5033177625283534,41.51621758336273,27.616395294590763,1.968103149596148,0.47646965544334435,0.3580917576954052,5.0,5.0,5.0,5.0,278.0,362.0,0.0,3567.0,33.6958656813797,158,4.654716566992622,Infinity,0.9765913757700214,0.0,17835.0,1,ID95515,95472,360,18.84
95516,362,202,105.88126445643793,424.16114109483425,1296.999999999999,0.577472459142001,1.0,1.5085214736680124,24.969138436465002,16.552060326825735,1.952618044740329,-0.26028167467157076,-0.13094139944643296,6.0,6.0,6.0,6.0,168.0,362.0,0.0,1297.0,20.31865946317267,100,4.664867296379354,Infinity,0.9671886651752415,0.0,7782.0,1,ID95516,95473,360,34.1321
95517,362,203,456.8101746393318,463.455960516325,2634.0000000000023,0.5746496562191336,1.0,1.2126506976424365,31.97751815539084,26.36993341739681,1.8523796456489463,-0.11229707008418152,-0.047952220610599686,7.0,7.0,7.0,7.0,240.0,362.0,0.0,2634.0,28.95562536378908,144,4.676310677123038,Infinity,0.9616648411829143,0.0,18438.0,1,ID95517,95474,360,7.4941
95518,362,293,55.241751649670064,764.6736652669466,1667.0000000000007,0.5926929553569701,1.0,1.179252118851156,25.26344970711194,21.423281165459297,2.1460561276314163,0.26326278566798117,-0.11969957704594926,8.0,8.0,8.0,8.0,188.0,362.0,0.0,1667.0,23.035246477265645,100,4.6045802814248304,Infinity,0.9493166287015951,0.0,13336.0,1,ID95518,95475,360,15.2184
95519,362,304,903.7285851780558,894.400384985563,1038.9999999999995,0.37739793815236367,0.7340751043115439,2.5370593917123854,32.19346796174741,12.689284321412146,3.1305320422911214,-0.5711985717762441,2.3797615468712814,9.0,9.0,9.0,9.0,186.0,362.0,0.0,1039.0,18.18581787396317,80,5.770390051586589,Infinity,0.9356145880234125,0.0,9351.0,1,ID95519,,,
107529,362,312,14.89622641509434,51.847169811320754,232.3521955581855,0.9999999999999999,-0.055215650144608934,1.0,8.60000005364418,8.60000005364418,0.0,0.0,0.0,14768.0,11230.151624548736,11168.0,8304.0,54.03539397880077,362.0,0.0,-1.0,8.60000005364418,,3.544907701811032,-1.0846226399023828,1.0,1210.2259185904707,3110752.0,1,ID107529,95468,360,3.0845
95521,364,197,102.78055555555555,25.791666666666668,1799.9999999999998,0.5654866776461627,0.7827665896335424,1.3650072968503197,27.857900443153248,20.40860917552151,2.343466441279,-0.06713298864753785,-0.12035509475424683,1.0,1.0,1.0,1.0,200.0,364.0,0.0,1800.0,23.93653682408596,128,4.714045207910317,Infinity,0.9661835748792268,0.0,1800.0,1,ID95521,95511,362,15.0744
95522,364,312,10.267015706806284,51.34205933682374,572.9999999999999,0.6408446388419192,0.7002967359050445,1.22991319135877,15.41206317431096,12.531017052743527,-1.2949616631719716,-0.6877455148776975,0.0574311325574074,2.0,2.0,2.0,2.0,106.0,364.0,0.0,573.0,13.505242122350566,50,4.428213527330183,Infinity,0.9630252100840332,0.0,1146.0,1,ID95522,107529,362,4.6567
95523,364,200,47.33433283358321,97.13418290854572,1333.999999999999,0.6387569882470326,1.0,1.0806705028135488,21.628601415721267,20.014057346259328,1.347586262982493,-0.38340508683804214,-0.1915384445296834,3.0,3.0,3.0,3.0,162.0,364.0,0.0,1334.0,20.606440453634306,86,4.43544399336649,Infinity,0.9712413542045861,0.0,4002.0,1,ID95523,95512,362,9.025
95524,364,145,193.11558032469105,138.05573055488247,4127.0,0.6082451154703076,1.0,1.2291610693286352,41.190155960037345,33.51078795762325,3.018626110345715,0.937417850112974,0.21939535852687403,4.0,4.0,4.0,4.0,292.0,364.0,0.0,4127.0,36.24451545103761,138,4.545332068751068,Infinity,0.9592097617664147,0.0,16508.0,1,ID95524,95513,362,18.1186
95525,364,174,212.57156308851225,252.25564971751413,2124.000000000001,0.48745290351557624,1.0,2.0923528043325637,38.11217112850095,18.214983175678295,-0.0034957761881486155,0.05742122751621903,-0.24975820922159167,5.0,5.0,5.0,5.0,234.0,364.0,0.0,2124.0,26.00173452395766,122,5.07736752825213,Infinity,0.9531074713933143,0.0,10620.0,1,ID95525,95514,362,62.4415
95526,364,266,584.0663137364169,323.4667038172193,3589.0000000000027,0.5671332444914128,1.0,1.4655046379823824,40.96453732502542,27.952512918296115,2.0314443720482833,0.4644320631917618,0.4791912872440599,6.0,6.0,6.0,6.0,282.0,364.0,0.0,3589.0,33.799618067570314,166,4.707197053008128,Infinity,0.9672550869155105,0.0,21534.0,1,ID95526,95515,362,10.3279
95527,364,202,114.4524456521739,433.07880434782606,1472.0000000000007,0.6252601928183041,1.0,1.4666089765900219,26.534433782194746,18.09237104486387,1.7473853701829996,-0.10502552586706543,-0.18163962281808982,7.0,7.0,7.0,7.0,172.0,364.0,0.0,1472.0,21.646065519224045,84,4.483059902227106,Infinity,0.969058591178407,0.0,10304.0,1,ID95527,95516,362,12.3689
95528,364,203,446.5335365853659,481.9256859756098,2623.999999999999,0.5538524000953785,1.0,1.4681998400008416,35.569939347697655,24.22690588746915,1.7356684938201663,-0.639167459537098,0.3938138156926005,8.0,8.0,8.0,8.0,244.0,364.0,0.0,2624.0,28.900607975374264,126,4.763299737602486,Infinity,0.9394915861081271,0.0,20992.0,1,ID95528,95517,362,21.1362
95529,364,293,58.158531124048366,768.2987012987013,2233.0000000000005,0.5797666442533892,1.0,1.3064134386801158,30.95326181782654,23.693312470131175,0.18223917738133752,-0.09351138468349939,0.9115669746809487,9.0,9.0,9.0,9.0,220.0,364.0,0.0,2233.0,26.66056968349335,124,4.655628512595333,Infinity,0.9637462235649551,0.0,20097.0,1,ID95529,95518,362,4.6528
95531,364,304,895.707381370826,891.9050966608085,1138.0,0.47233880826861996,0.48778796822692794,1.716126768154906,25.383614203192625,14.791223279200885,0.03313473249229378,-0.08175782824172513,0.6106573369082665,11.0,11.0,11.0,11.0,174.0,364.0,0.0,1138.0,19.0325156108475,90,5.157961750540145,Infinity,0.9393314073462647,0.0,12518.0,1,ID95531,95519,362,8.4004
95532,364,219,22.01959991917559,274.9434229137199,4949.0,0.4174002534998493,0.6931235032500855,1.4868394415097739,70.91572415781413,47.695616741108594,2.201451299083162,-25.590917266573914,10.0606228393392,12.0,12.0,12.0,12.0,386.0,364.0,0.0,4949.0,39.69024598970861,186,5.4869193631579405,Infinity,0.9381990521327013,0.0,59388.0,1,ID95532,,,
95578,366,197,101.6890243902439,23.255543237250553,1804.0000000000005,0.6414025743635116,0.7104930467762327,1.229472869619854,26.971103911245482,21.937128160936805,2.056191617712387,-0.12363263941834736,-0.4671124176270793,1.0,1.0,1.0,1.0,188.0,366.0,0.0,1804.0,23.963118216867326,96,4.426287127871303,Infinity,0.9748716563091061,0.0,1804.0,1,ID95578,95521,364,2.761
95580,366,200,51.348675034867505,80.96792189679219,1433.9999999999995,0.5951967056741659,-0.1801810385898047,1.108645042329718,22.423820128399548,20.226329683735294,1.5896796066434746,0.15221516479278469,-0.21821107382123014,2.0,2.0,2.0,2.0,174.0,366.0,0.0,1434.0,21.36483973231617,108,4.594885277272662,-Infinity,0.9659818120579318,0.0,2868.0,1,ID95580,95523,364,16.6572
95581,366,145,191.34808743169398,130.67978142076504,3659.999999999996,0.5545056477690311,1.0,1.2626842469093396,38.1283354335783,30.196254944103938,-0.7643337419735377,0.10018190055563339,-0.17937846897707335,3.0,3.0,3.0,3.0,288.0,366.0,0.0,3660.0,34.13230410377642,184,4.760493155332464,Infinity,0.9641728134878811,0.0,10980.0,1,ID95581,95524,364,7.5848
95583,366,174,166.18579234972677,237.75662042875157,2378.999999999999,0.4940081249844745,1.0,2.043920852088712,39.68169825617774,19.414498470244798,0.12789401541266562,-0.30407675853657923,-0.2703138666787664,4.0,4.0,4.0,4.0,246.0,366.0,0.0,2379.0,27.518343322795392,134,5.043568063844088,Infinity,0.959661153691004,0.0,9516.0,1,ID95583,95525,364,48.599
95585,366,219,12.02027027027027,287.19707207207205,887.9999999999997,0.6033162362430223,0.6930409914204003,1.4096216224906155,20.72678930916156,14.70379637944263,1.2174322171610605,-1.180901199297641,-0.25020407834202685,5.0,5.0,5.0,5.0,136.0,366.0,0.0,888.0,16.812470934731934,72,4.563861175455367,Infinity,0.9699617695248494,0.0,4440.0,1,ID95585,95532,364,15.8158
95586,366,266,576.9904942965779,310.7911461162412,3681.9999999999973,0.5501709465168899,1.0,1.4358321541403618,40.780242904210056,28.401817570818604,-0.7623496579311769,0.2912890541062541,0.3247957176647016,6.0,6.0,6.0,6.0,290.0,366.0,0.0,3682.0,34.234733837562054,180,4.779209910179946,Infinity,0.9563636363636355,0.0,22092.0,1,ID95586,95526,364,14.5168
95587,366,202,123.68341044282882,421.73760740251157,1513.0000000000011,0.6137951555890186,1.0,1.4677122029600738,26.796459501651707,18.25729829568001,-1.5636303906134346,-0.03550110790038748,0.14100630814218967,7.0,7.0,7.0,7.0,176.0,366.0,0.0,1513.0,21.94545187040075,92,4.524735571215733,Infinity,0.9704939063502251,0.0,10591.0,1,ID95587,95527,364,14.623
95589,366,203,453.4023300970874,456.4516504854369,2574.999999999998,0.6224685351641822,1.0,1.2098628582502156,31.710921184627033,26.210343567773858,1.50957895198256,-0.2149291941800798,0.18231532466895403,8.0,8.0,8.0,8.0,228.0,366.0,0.0,2575.0,28.629494527903567,120,4.493101508429179,Infinity,0.97224844251463,0.0,20600.0,1,ID95589,95528,364,26.3838
95590,366,293,47.49224343675418,763.2422434367542,1675.9999999999995,0.5713226223325186,1.0,1.1610851813874357,25.035030419206663,21.56175173064488,2.138884857627176,0.484719696826849,-0.20901629580618586,9.0,9.0,9.0,9.0,192.0,366.0,0.0,1676.0,23.097345502114155,110,4.689906899961903,Infinity,0.9405162738496069,0.0,15084.0,1,ID95590,95529,364,11.8041
95591,366,304,895.8111943240048,881.2790697674419,2536.999999999998,0.5183546151246943,0.7153482082488166,1.363853350991291,38.91251159030685,28.531301816301603,0.8661133867678401,2.941950690479297,8.232196878987239,10.0,10.0,10.0,10.0,248.0,366.0,0.0,2537.0,28.4174626110122,116,4.923698453838127,Infinity,0.9334069168506248,0.0,25370.0,1,ID95591,95531,364,10.6265
95593,366,312,15.927476635514019,64.97158878504673,2674.999999999999,0.38890093703330525,0.6824861341414604,2.1832054403143526,45.724765297506636,20.94386742226278,1.4914783196697536,0.3214255415147211,0.9404641939616651,11.0,11.0,11.0,11.0,294.0,366.0,0.0,2675.0,29.18011215779747,140,5.684410555588503,Infinity,0.8339828526890101,0.0,29425.0,1,ID95593,95522,364,14.7582
95558,368,197,94.37395833333333,22.822395833333335,1919.9999999999993,0.6410732165896907,0.7135207496653279,1.144423933021887,26.84051683895622,23.453299135472463,2.240716799274505,-0.13902468352305736,-0.4593531971965163,1.0,1.0,1.0,1.0,194.0,368.0,0.0,1920.0,24.72154892948413,102,4.427424006500093,Infinity,0.9753619507239009,0.0,1920.0,1,ID95558,95578,366,7.3279
95559,368,200,49.159744408945684,87.52476038338658,1252.0000000000007,0.5994930654312488,-0.038771593090211096,1.0675403080664219,20.869537754898978,19.549180107961305,1.8112955386475307,-0.05349085530956679,0.25626417713894106,2.0,2.0,2.0,2.0,162.0,368.0,0.0,1252.0,19.96306533331257,90,4.578390693448193,-Infinity,0.960122699386504,0.0,2504.0,1,ID95559,95580,366,6.9126
95560,368,145,189.47555778390574,127.83655051391327,3989.0000000000036,0.5644706587617538,1.0,1.2565418494807585,39.74509258016089,31.630536298162117,-0.9412971702685745,0.05212847932397205,0.03663725618897769,3.0,3.0,3.0,3.0,298.0,368.0,0.0,3989.0,35.63338513230454,186,4.718285823055563,Infinity,0.9703235222573594,0.0,11967.0,1,ID95560,95581,366,3.4045
95561,368,174,133.1439756415833,233.14310569812963,2298.9999999999995,0.4852540654799068,1.0,2.1205682013891773,39.435101704568375,18.596478848798434,0.15595185007275367,-0.31987836920411045,-0.1862717827271766,4.0,4.0,4.0,4.0,244.0,368.0,0.0,2299.0,27.051699176512642,134,5.088858096765189,Infinity,0.9571190674437965,0.0,9196.0,1,ID95561,95583,366,33.3623
95562,368,219,14.748629600626469,292.7212216131558,1277.0000000000005,0.530032212793522,0.7425517398226061,1.5746953628156761,25.455958822921627,16.16564030353428,1.7927456206386978,-0.18507149697100528,0.016238687222062936,5.0,5.0,5.0,5.0,174.0,368.0,0.0,1277.0,20.161391932520456,98,4.869157242013752,Infinity,0.9536967886482451,0.0,6385.0,1,ID95562,95585,366,6.1612
95563,368,266,575.3955747436589,306.16459794927147,3706.000000000003,0.5461973341247788,1.0,1.3799889804697283,40.32536118681984,29.221509560963067,2.421922352755792,0.04544742540233452,-0.008973966825545356,6.0,6.0,6.0,6.0,292.0,368.0,0.0,3706.0,34.34612697520827,178,4.796562899649789,Infinity,0.949161224228455,0.0,22236.0,1,ID95563,95586,366,4.8937
95564,368,202,114.03552631578947,429.98815789473684,1519.999999999999,0.6308919055960474,1.0,1.4924397258370026,27.42404153187321,18.37530927186559,1.5997297376793806,-0.34544134860412007,-0.008912488864272327,7.0,7.0,7.0,7.0,174.0,368.0,0.0,1520.0,21.996159369293576,80,4.463005831570421,Infinity,0.9731113956466062,0.0,10640.0,1,ID95564,95587,366,12.6946
95565,368,203,442.67147379528666,481.5188181498417,2843.000000000001,0.580875904926885,1.0,1.1970235257614186,32.84702298719296,27.44058264544065,1.3288346955935906,0.055709173912337505,0.02340441717440656,8.0,8.0,8.0,8.0,248.0,368.0,0.0,2843.0,30.082470085093032,144,4.65118111391985,Infinity,0.9624238320920787,0.0,22744.0,1,ID95565,95589,366,27.2675
95566,368,293,47.098468271334795,766.835886214442,2285.000000000001,0.5722687510724395,1.0,1.327084530525393,31.219042907314716,23.524532303119447,0.4099200747893412,-0.3318885816211197,0.7758174806322227,9.0,9.0,9.0,9.0,224.0,368.0,0.0,2285.0,26.969206327401665,134,4.6860283977394035,Infinity,0.9631190727081141,0.0,20565.0,1,ID95566,95590,366,3.6152
95567,368,304,894.1445261791432,886.1008221549113,2311.000000000001,0.45730792532413794,0.7173643794897202,1.8056413955623385,37.125136862180426,20.560636765097197,0.19351710518262677,0.8330033460632906,1.322937540056182,10.0,10.0,10.0,10.0,252.0,368.0,0.0,2311.0,27.122207634533375,132,5.2420428664888306,Infinity,0.9484916888980095,0.0,23110.0,1,ID95567,95591,366,5.1017
95568,368,312,14.047127468581687,64.53276481149013,2227.999999999998,0.3956961067441943,0.6742915048902958,2.0174144947249717,39.17569906729978,19.418765538630915,1.5228885738425213,0.34375796137353926,0.5195110470022462,11.0,11.0,11.0,11.0,266.0,368.0,0.0,2228.0,26.630704579816978,132,5.635390861473578,Infinity,0.8790688498717688,0.0,24508.0,1,ID95568,95593,366,1.9309
95660,370,197,96.23947051744885,18.25571600481348,1661.9999999999995,0.6446082704032389,0.7019969278033793,1.1395615434763149,26.36960018320699,23.14012817839098,2.112296975815818,0.2800241134270144,-3.023522488363073,1.0,1.0,1.0,1.0,180.0,370.0,0.0,1662.0,23.000674573530663,80,4.415267244181844,Infinity,0.9753521126760558,0.0,1662.0,1,ID95660,95558,368,4.933
95662,370,312,8.566355140186916,51.66542056074766,534.9999999999999,0.5763895986524482,0.6993118051879301,1.1268475016355628,15.644031348500247,13.883006640910786,1.9273740298166575,-2.891675728789698,0.369691625593357,2.0,2.0,2.0,2.0,108.0,370.0,0.0,535.0,13.049742875180643,54,4.669247172604863,Infinity,0.9587813620071685,0.0,1070.0,1,ID95662,95568,368,13.986
95663,370,200,60.36553161917998,81.48366921473246,1438.9999999999995,0.5972720079952055,1.0,1.1344231702026562,22.905853239714872,20.191630285216153,1.082054608001386,0.0026355277501433952,-0.44156181035704894,3.0,3.0,3.0,3.0,174.0,370.0,0.0,1439.0,21.40205425230192,104,4.586895555913794,Infinity,0.967720242098184,0.0,4317.0,1,ID95663,95559,368,12.7305
95666,370,145,201.74681609780947,126.51655629139073,3926.0000000000005,0.6203859342082153,1.0,1.3100791360321633,41.43522264468939,31.628030326613896,1.4948037415623079,-0.04653638123119333,-1.1037087759967321,4.0,4.0,4.0,4.0,282.0,370.0,0.0,3926.0,35.35087853445176,136,4.50063673539011,Infinity,0.9656868773828561,0.0,15704.0,1,ID95666,95560,368,12.342
95669,370,174,100.79436152570482,219.78648424543948,2412.0000000000005,0.5091051787462095,1.0,1.8526050056329222,37.9208892077446,20.468955385764676,0.07194200131557316,0.04978315261522841,-0.32240949962781584,5.0,5.0,5.0,5.0,244.0,370.0,0.0,2412.0,27.708544629325143,136,4.968224070489745,Infinity,0.9529830106677204,0.0,12060.0,1,ID95669,95561,368,34.9985
95672,370,266,580.4553941908714,297.448132780083,3856.0000000000036,0.5174924717947053,1.0,1.356370389905098,40.99515915144666,30.224162556597086,2.4740170376324304,-0.17364734632174167,-0.8448670117520071,6.0,6.0,6.0,6.0,306.0,370.0,0.0,3856.0,35.034310627222254,192,4.927798191966354,Infinity,0.9353547604608865,0.0,23136.0,1,ID95672,95563,368,10.0786
95674,370,219,12.565938864628821,288.51091703056767,1145.0000000000005,0.5349678150446631,0.6971343873517788,1.184751808191656,23.236605251608086,19.61305742767782,1.3130237793227635,-3.7604544169554157,-0.3310499068364001,7.0,7.0,7.0,7.0,164.0,370.0,0.0,1145.0,19.090961727488757,94,4.846643821437441,Infinity,0.954166666666667,0.0,8015.0,1,ID95674,95562,368,4.7424
95675,370,202,115.84433634468381,449.07644197359275,1438.999999999999,0.6257095956423127,1.0,1.3096756182395717,24.69521508784351,18.85597833839047,1.418291214918579,-0.03941481704876072,-0.08909645986623985,8.0,8.0,8.0,8.0,170.0,370.0,0.0,1439.0,21.402054252301916,90,4.481449681065202,Infinity,0.9706576728499149,0.0,11512.0,1,ID95675,95564,368,19.1738
95677,370,203,444.7710615791462,459.12051378919534,2646.999999999999,0.5872322402409561,1.0,1.19520468680042,32.46842544343091,27.165577412810645,1.7852907311910609,-0.6680805965358556,0.9760858124692466,9.0,9.0,9.0,9.0,238.0,370.0,0.0,2647.0,29.026992071664843,122,4.625939902861748,Infinity,0.9552508119812338,0.0,23823.0,1,ID95677,95565,368,22.4965
95678,370,293,43.83655645664379,760.7648159700561,1603.0000000000002,0.5352293573923307,0.7808472818841653,1.215434064102763,24.903057155254057,20.489023543730912,-0.5978456030172311,0.20906028855884753,-0.3049295300389971,10.0,10.0,10.0,10.0,194.0,370.0,0.0,1603.0,22.588730543184948,126,4.84545950906864,Infinity,0.9363317757009347,0.0,16030.0,1,ID95678,95566,368,6.8919
107025,370,304,882.1666666666666,887.5,232.3521955581855,0.9999999999999999,-0.13603630118404886,1.0,8.60000005364418,8.60000005364418,0.0,0.0,0.0,63232.0,34547.58122743682,32256.0,17344.0,54.03539397880077,370.0,0.0,-1.0,8.60000005364418,,3.544907701811032,-0.9985254387342841,1.0,10895.516647337103,9569680.0,1,ID107025,95567,368,12.0593
107027,370,303,919.5,899.5,232.3521955581855,0.9999999999999999,-0.028054808858405042,1.0,8.60000005364418,8.60000005364418,0.0,0.0,0.0,46256.0,28485.281588447655,27248.0,0.0,54.03539397880077,370.0,0.0,-1.0,8.60000005364418,,3.544907701811032,-0.17754266361472507,1.0,9262.182207194004,7890423.0,1,ID107027,,,
95681,372,197,86.39788359788359,22.64074074074074,1890.0000000000011,0.5937610115284713,0.7262901507078703,1.271893904901546,27.806000537115285,21.861886773698842,2.475690778902401,-0.0590648752646327,-0.22103176443768272,1.0,1.0,1.0,1.0,200.0,372.0,0.0,1890.0,24.527651434398784,118,4.60043706228236,Infinity,0.9677419354838717,0.0,1890.0,1,ID95681,95660,370,10.7743
95682,372,312,10.237947122861586,57.099533437013996,643.0,0.6004887265928173,0.6965699208443271,1.185805297247139,17.74067527032989,14.960866941238228,2.613931688852457,-3.575430690069651,0.533651246222304,2.0,2.0,2.0,2.0,116.0,372.0,0.0,643.0,14.306406146065385,56,4.574593439005574,Infinity,0.9632958801498129,0.0,1286.0,1,ID95682,95662,370,5.6854
95683,372,200,59.42292490118577,90.00790513833992,1518.0000000000007,0.6158235599366358,1.0,1.0620206148388485,22.81784559965181,21.485313261187684,-1.134691725884915,-0.1652163593493916,-0.19519321150768448,3.0,3.0,3.0,3.0,176.0,372.0,0.0,1518.0,21.981683448430296,100,4.517277620586238,Infinity,0.969658256148196,0.0,4554.0,1,ID95683,95663,370,8.5762
95684,372,145,209.4348496530455,133.26522744795682,3891.0000000000027,0.5814000958438951,0.8954675543467229,1.3136950583508658,41.16823577039012,31.337741212234032,1.612351669623818,0.5862600621560411,-0.08585833924874774,4.0,4.0,4.0,4.0,290.0,372.0,0.0,3891.0,35.192950531905254,150,4.649083886289077,Infinity,0.947868453105969,0.0,15564.0,1,ID95684,95666,370,10.2299
95686,372,174,95.1882449650637,233.19975339087546,2433.0000000000014,0.5135376865213632,1.0,1.9328064646773753,39.12914206508626,20.24472847136183,0.03761959207825161,-0.045103375766014926,-0.5713580848599119,6.0,6.0,6.0,6.0,244.0,372.0,0.0,2433.0,27.828904992564173,132,4.946736439052691,Infinity,0.9664349553128109,0.0,14598.0,1,ID95686,95669,370,14.5377
95687,372,219,13.770905923344948,267.36062717770034,1148.0000000000007,0.5635231822376695,0.7104544325800843,1.5856833727016233,25.47642379596617,16.066526416658117,1.073164689596806,-1.9940739142568757,-0.7221787160322766,7.0,7.0,7.0,7.0,160.0,372.0,0.0,1148.0,19.115955360352565,86,4.722250688807641,Infinity,0.9598662207357865,0.0,8036.0,1,ID95687,95674,370,21.1846
95688,372,266,586.1893101632438,287.69036334913113,3798.000000000003,0.5031105118204606,1.0,1.3108381703457723,39.898080891665835,30.43707590628181,2.6942792819695445,-0.4281638724150793,-0.6024466079328754,8.0,8.0,8.0,8.0,308.0,372.0,0.0,3798.0,34.76982812333185,198,4.997735137382016,Infinity,0.9272460937500008,0.0,30384.0,1,ID95688,95672,370,11.3178
95689,372,202,114.59947984395319,472.7581274382315,1538.0000000000005,0.6239371773271053,1.0,1.4043151217721679,26.508679686226234,18.87658921793404,1.46934235058295,0.08447491073859935,0.09883564463988757,9.0,9.0,9.0,9.0,176.0,372.0,0.0,1538.0,22.126016472710813,90,4.4878103940161935,Infinity,0.970959595959596,0.0,13842.0,1,ID95689,95675,370,23.7144
95690,372,203,444.9578558225508,477.9079482439926,2705.0,0.5804253895198682,1.0,1.041098270765217,30.44646909631894,29.24456792531266,2.8319006698077236,-0.40654432483154107,0.4525070391960587,10.0,10.0,10.0,10.0,242.0,372.0,0.0,2705.0,29.343282742855372,130,4.652985843985056,Infinity,0.9484572230014026,0.0,27050.0,1,ID95690,95677,370,18.7884
95691,372,293,51.837037037037035,766.2921296296296,2160.000000000001,0.5507540079339304,1.0,1.385962699789025,30.8369232224321,22.249461134218244,0.597788276927056,-0.19120898271919318,0.13099835262975335,11.0,11.0,11.0,11.0,222.0,372.0,0.0,2160.0,26.221162334209904,134,4.776679460322479,Infinity,0.9604268563806142,0.0,23760.0,1,ID95691,95678,370,9.7241
107036,372,304,860.8333333333334,892.8333333333334,232.3521955581855,0.9999999999999999,0.03474107394220682,1.0,8.60000005364418,8.60000005364418,0.0,0.0,0.0,65504.0,44495.82671480144,42320.0,24800.0,54.03539397880077,372.0,0.0,-1.0,8.60000005364418,,3.544907701811032,0.2742828841087918,1.0,10893.36659605057,1.2325344E7,1,ID107036,107025,370,21.9899
107038,372,303,902.1666666666666,899.5,232.3521955581855,0.9999999999999999,0.11158305703126406,1.0,8.60000005364418,8.60000005364418,0.0,0.0,0.0,53712.0,36415.342960288806,35632.0,0.0,54.03539397880077,372.0,0.0,-1.0,8.60000005364418,,3.544907701811032,0.7042231194682296,1.0,10381.50836971693,1.008705E7,1,ID107038,107027,370,17.3333
95621,374,197,91.82751643904906,28.976732422862923,1976.9999999999986,0.6088548844375078,0.862751256281407,1.242207200194607,28.07031502660538,22.597127936633935,2.505169696946441,-0.0859323760633423,-0.031066082621809946,1.0,1.0,1.0,1.0,202.0,374.0,0.0,1977.0,25.085825579106498,118,4.5430554205705365,Infinity,0.9710216110019642,0.0,1977.0,1,ID95621,95681,372,8.3442
95622,374,312,10.846969696969698,63.17121212121212,659.9999999999999,0.6163647893487703,0.7083692838654013,1.1113978762366832,16.497218627551717,14.843665783682379,-0.650698878289244,-2.0432819577370154,0.21503305203828893,2.0,2.0,2.0,2.0,116.0,374.0,0.0,660.0,14.4942928382623,56,4.515293876136834,Infinity,0.9599999999999996,0.0,1320.0,1,ID95622,95682,372,6.1021
95623,374,200,60.667366946778714,99.39355742296918,1428.0000000000002,0.6065703500981916,1.0,1.0857027964120596,22.357705860068133,20.592841737125504,1.2015902223052226,-0.08286462394087372,-0.3241903831256099,3.0,3.0,3.0,3.0,172.0,374.0,0.0,1428.0,21.320096563347295,100,4.5516026666146825,Infinity,0.9661705006765902,0.0,4284.0,1,ID95623,95683,372,9.4678
95624,374,145,204.3938393839384,136.22794279427941,4544.999999999995,0.5374134747474724,1.0,1.1355139024945085,41.392776887519226,36.452901894540574,1.1202835559718738,0.471563750924199,-0.6108903928471301,4.0,4.0,4.0,4.0,326.0,374.0,0.0,4545.0,38.035752032861495,172,4.83560319979117,Infinity,0.9420665353922677,0.0,18180.0,1,ID95624,95684,372,5.8472
95625,374,174,121.9117125110914,250.49068322981367,2254.000000000001,0.5262447860576246,1.0,1.8627797961119845,37.07998726832324,19.905727636576806,0.009474545895622688,-0.07562851628087561,-0.749529139671052,5.0,5.0,5.0,5.0,232.0,374.0,0.0,2254.0,26.78563950064035,120,4.886647689705161,Infinity,0.9618092596543634,0.0,11270.0,1,ID95625,95686,372,31.8295
95626,374,266,592.3208502024291,283.7575910931174,3951.9999999999986,0.551803296310527,1.0,1.250604953738458,39.503721116012656,31.587689620070194,2.958765413133194,-0.2383164158478187,-0.27322452558439647,6.0,6.0,6.0,6.0,300.0,374.0,0.0,3952.0,35.46774126157938,192,4.7721357223183345,Infinity,0.9601554907677353,0.0,23712.0,1,ID95626,95688,372,7.2844
95627,374,219,23.02245250431779,283.3246977547496,1157.9999999999998,0.5979559981684713,0.9332220367278798,1.2982824764692542,22.49172461349412,17.32421489247973,-1.2790479602227915,0.5619729274236045,0.24655124586582275,7.0,7.0,7.0,7.0,156.0,374.0,0.0,1158.0,19.199032480852505,82,4.58427137519702,Infinity,0.9515201314708299,0.0,8106.0,1,ID95627,95687,372,18.4511
95628,374,203,437.54842428900844,470.88624135280554,2601.999999999998,0.5971527565666328,1.0,1.1530132408267795,31.276894652366853,27.126223312005894,2.2192684995686873,-0.5103671618527629,0.5179609289842446,8.0,8.0,8.0,8.0,234.0,374.0,0.0,2602.0,28.77919949981623,130,4.587353534660267,Infinity,0.9685464358831186,0.0,20816.0,1,ID95628,95690,372,10.208
95629,374,202,104.60480640854473,507.97930574098797,1498.0,0.6077099425461661,1.0,1.4511354315054654,26.512752512497265,18.270350193980093,1.4991814664127614,-0.09225754382810392,0.13107982587683864,9.0,9.0,9.0,9.0,176.0,374.0,0.0,1498.0,21.836396440423,90,4.547333026093456,Infinity,0.9683257918552037,0.0,13482.0,1,ID95629,95689,372,36.6118
95630,374,293,49.654970760233915,771.331983805668,2223.0,0.5567411088113927,1.0,1.393470776756487,31.370608443666544,22.51257002797458,0.6343740300025523,-0.20545356001488851,0.03456409288851425,10.0,10.0,10.0,10.0,224.0,374.0,0.0,2223.0,26.60080594618454,134,4.75092623021914,Infinity,0.957776820336062,0.0,22230.0,1,ID95630,95691,372,5.492
95631,374,304,876.1664261664262,882.4189514189515,2079.0,0.358374273076169,0.5478521794061908,2.0976237608704196,37.600610067680115,17.92533569131461,-0.09832382130231819,3.986535240215843,-0.5131167192450931,11.0,11.0,11.0,11.0,270.0,374.0,0.0,2079.0,25.724817849230746,150,5.921565254637922,Infinity,0.8193103448275862,0.0,22869.0,1,ID95631,107036,372,18.5355
95632,374,303,913.9718137254902,892.7022058823529,816.0,0.4810545328071441,0.3163944343617665,1.4108141951203803,20.936726176976386,14.840172610532829,0.11214410983202842,-0.27516846479355644,1.8390865151685654,12.0,12.0,12.0,12.0,146.0,374.0,0.0,816.0,16.11647812414279,70,5.111022306702235,Infinity,0.9158249158249159,0.0,9792.0,1,ID95632,107038,372,13.6225
95657,376,197,93.43925702811245,27.873493975903614,1992.0000000000007,0.5676238155057478,0.8530232558139534,1.4038969720809555,29.800429799533276,21.22693501885752,2.617179852483655,0.051726033831366106,0.03928816633719461,1.0,1.0,1.0,1.0,210.0,376.0,0.0,1992.0,25.180812005932438,128,4.705162506956318,Infinity,0.9658181818181824,0.0,1992.0,1,ID95657,95621,374,1.9532
95658,376,312,16.18467995802728,62.51941238195173,953.0000000000003,0.6288464185824562,0.704321907600596,1.2198020138425798,19.61471841347522,16.080247606482946,-0.4205627007706041,-0.7012924155774979,0.18367988367017413,2.0,2.0,2.0,2.0,138.0,376.0,0.0,953.0,17.41692629407246,72,4.470258483902984,Infinity,0.9660415610745063,0.0,1906.0,1,ID95658,95622,374,5.3774
95659,376,200,65.00943396226415,102.40431266846362,1484.0000000000002,0.5885776414502277,0.9845468053491826,1.2191085906682397,23.99995773178267,19.686480692115687,0.9390529489197517,-0.26116467899805823,-0.2099291495158279,3.0,3.0,3.0,3.0,178.0,376.0,0.0,1484.0,21.73411767467788,110,4.620649771695368,Infinity,0.9677208999021846,0.0,4452.0,1,ID95659,95623,374,5.2838
95661,376,145,214.95053083352158,138.59159701829682,4427.000000000007,0.5299432509313381,1.0,1.1076995057620338,40.365965526864635,36.44125985151105,-1.56331104336851,1.01411303657164,-0.054661087461839473,4.0,4.0,4.0,4.0,324.0,376.0,0.0,4427.0,37.53875152606495,174,4.869565918902445,Infinity,0.9379237288135609,0.0,17708.0,1,ID95661,95624,374,10.8181
95664,376,174,188.95186684660368,255.306342780027,2222.999999999999,0.587809146446436,1.0,1.432033218224023,32.197474747287416,22.483748517522546,0.037136470698196734,-0.1473461006443483,-0.4197357190503294,5.0,5.0,5.0,5.0,218.0,376.0,0.0,2223.0,26.600805946184533,118,4.6236692776239865,Infinity,0.9694723070213688,0.0,11115.0,1,ID95664,95625,374,67.2129
95665,376,266,603.5958234205657,277.59265133491937,3782.9999999999995,0.5353202562285566,1.0,1.31323059009757,39.60238175886008,30.156456952405986,-0.11307240792687943,-0.34855442685960364,-0.13644716548181096,6.0,6.0,6.0,6.0,298.0,376.0,0.0,3783.0,34.70109939804905,184,4.845048105498463,Infinity,0.9461047892959858,0.0,22698.0,1,ID95665,95626,374,12.8504
95667,376,219,58.24790307548928,271.28424976700836,1073.000000000001,0.615582344284487,1.0,1.2177618886990207,20.972560469755134,17.222217795106793,-0.9319067442389524,0.7424132461256266,-0.20894803971332548,7.0,7.0,7.0,7.0,148.0,376.0,0.0,1073.0,18.48097691885382,76,4.518162580457709,Infinity,0.9584635998213497,0.0,7511.0,1,ID95667,95627,374,37.2264
95668,376,203,450.72924988903685,476.2396804260985,2252.9999999999995,0.5849593593832895,1.0,1.057432548737425,27.51477720654299,26.020361525087957,3.1093729594264614,0.05755131622714369,0.3122903769824195,8.0,8.0,8.0,8.0,220.0,376.0,0.0,2253.0,26.779697040334124,134,4.634918318663614,Infinity,0.9667453336193947,0.0,18024.0,1,ID95668,95628,374,14.2265
95670,376,202,106.75142045454545,484.74076704545456,1408.0000000000005,0.5980749670435952,1.0,1.4687817658245208,25.778864086946076,17.551187444429335,1.564303170612546,-0.1755353532320493,0.15156179607862985,9.0,9.0,9.0,9.0,172.0,376.0,0.0,1408.0,21.170269713604913,94,4.583815401645623,Infinity,0.9670329670329672,0.0,12672.0,1,ID95670,95629,374,23.3375
95671,376,293,57.03195319531953,763.8249324932493,2222.0,0.5564906629684726,1.0,1.4217142761012402,31.577707148837796,22.211007992008902,0.7448364691708163,0.0911537776833483,-0.16673496406274288,10.0,10.0,10.0,10.0,224.0,376.0,0.0,2222.0,26.594822185913987,140,4.751995175272654,Infinity,0.9658769832645077,0.0,22220.0,1,ID95671,95630,374,10.525
95673,376,304,878.0342146189736,873.7624416796267,2571.999999999999,0.42428987108973665,0.5144529298408393,1.5014888211211908,37.730893077993414,25.128987007588258,0.01279455981571612,1.4193056997697953,-0.20161534479816315,11.0,11.0,11.0,11.0,276.0,376.0,0.0,2572.0,28.612812292130766,118,5.4421887464031835,Infinity,0.8080427269871185,0.0,28292.0,1,ID95673,95631,374,8.8557
95676,376,303,924.9358761746821,887.8689883913764,1809.0,0.5462457814632772,0.3332514433116325,1.501711243824154,32.51047057990308,21.648949299410027,0.22860040403006576,0.15002470479419416,3.1460569456959506,12.0,12.0,12.0,12.0,204.0,376.0,0.0,1809.0,23.996303550890445,76,4.796350187838469,Infinity,0.9660881174899866,0.0,21708.0,1,ID95676,95632,374,11.9821
95720,378,197,77.65150653780557,25.822057987492894,1759.0000000000011,0.5753916573994637,0.8541813070976809,1.5234138742629844,29.340234473051126,19.25952951376769,-0.32040440131779446,0.08674872253036073,0.3654638469215234,1.0,1.0,1.0,1.0,196.0,378.0,0.0,1759.0,23.66235596463903,112,4.673294516429913,Infinity,0.9662180719582536,0.0,1759.0,1,ID95720,95657,376,15.9205
95721,378,312,13.672963400236128,59.82290436835891,846.9999999999998,0.6108652381980152,0.7082352941176472,1.2204768562599735,18.67892837266063,15.304614976395614,2.3974408440947594,-1.1176324401390823,0.21314578806930048,2.0,2.0,2.0,2.0,132.0,378.0,0.0,847.0,16.419758633965074,72,4.535573676110728,Infinity,0.9624999999999996,0.0,1694.0,1,ID95721,95658,376,3.6851
95722,378,200,66.20884699057288,83.69108049311095,1379.0000000000016,0.6139818975765773,0.9876681614349777,1.0920249972242988,22.02771398019001,20.17143750022197,0.3597442235051143,0.019579125131339956,-0.4301356677014067,3.0,3.0,3.0,3.0,168.0,378.0,0.0,1379.0,20.951117704013974,98,4.52404742195991,Infinity,0.9687390235335454,0.0,4137.0,1,ID95722,95659,376,18.7516
95723,378,145,211.5552387740556,130.79638869090044,4208.999999999994,0.5433499128435001,1.0,1.2544618619186108,41.31267015929267,32.932583614864036,-1.441214472281492,0.5499239324054604,0.4044113827524739,4.0,4.0,4.0,4.0,312.0,378.0,0.0,4209.0,36.602818347055916,180,4.809114653354512,Infinity,0.9549631310266576,0.0,16836.0,1,ID95723,95661,376,8.5025
95724,378,266,602.0658775090067,262.5967575913536,3886.000000000002,0.5649603892752992,1.0,1.4126758547606446,41.8567824342101,29.62943147442841,0.195556590197021,-0.3036563710548255,-0.09332447272929081,5.0,5.0,5.0,5.0,294.0,378.0,0.0,3886.0,35.17033149844072,172,4.716240379206955,Infinity,0.9623576027736508,0.0,19430.0,1,ID95724,95665,376,15.0737
95725,378,219,70.37488284910965,259.16494845360825,1066.9999999999995,0.6290259638544394,0.8317596566523606,1.1229714681848715,19.788690083584143,17.62172116052942,-0.3653205698110539,0.270419901068732,-0.1727639480671929,6.0,6.0,6.0,6.0,146.0,378.0,0.0,1067.0,18.429233531487537,76,4.469620456935178,Infinity,0.9634311512415346,0.0,6402.0,1,ID95725,95667,376,17.1447
95726,378,174,256.77270631627476,269.8805901337022,2168.999999999999,0.5842004857369906,1.0,1.2697852419564155,29.814033716934162,23.479587517491016,0.24972355462765203,0.5876105833316073,-0.18931510762788967,7.0,7.0,7.0,7.0,216.0,378.0,0.0,2169.0,26.27573297041667,128,4.637927710085983,Infinity,0.9693854748603346,0.0,15183.0,1,ID95726,95664,376,69.3691
95727,378,203,446.3743718592965,464.9418521177315,2786.0000000000045,0.5426546675492081,1.0,1.1464293895369129,31.57995137956239,27.546355377646723,1.2628859196611812,-0.025308323278171112,-0.021722103404574925,8.0,8.0,8.0,8.0,254.0,378.0,0.0,2786.0,29.779377812641457,174,4.812194368960152,Infinity,0.9600275671950398,0.0,22288.0,1,ID95727,95668,376,12.1081
95729,378,293,50.62455197132616,758.8306451612904,2232.0,0.5589951213976737,1.0,1.4376996118091563,31.92911142512098,22.20847189695098,0.8144512415111516,0.3264742599013352,-0.22443870026820456,9.0,9.0,9.0,9.0,224.0,378.0,0.0,2232.0,26.654599339742866,140,4.741338074673779,Infinity,0.9658156642146255,0.0,20088.0,1,ID95729,95671,376,8.1239
95731,378,304,862.4955947136564,879.2541850220264,2270.0,0.6722042910405157,0.4100984584165899,1.3008637003211172,34.02541275787132,26.156016767530815,1.4836394250218004,0.13786374388523887,5.606137151984294,10.0,10.0,10.0,10.0,206.0,378.0,0.0,2270.0,26.88054020359719,68,4.323687445659469,Infinity,0.9763440860215054,0.0,22700.0,1,ID95731,95673,376,16.4805
95733,378,303,912.2203389830509,882.7099273607748,2065.0,0.6359561640685152,0.42619451246311296,1.3404704312463371,36.39789281672071,27.153074001698663,1.1960662283502272,0.9324719581598618,9.305064312878265,11.0,11.0,11.0,11.0,202.0,378.0,0.0,2065.0,25.638055990451534,62,4.445200366170182,Infinity,0.9747462827472269,0.0,22715.0,1,ID95733,95676,376,13.7223
95742,378,202,101.97153766053454,515.9958347795904,2881.0000000000027,0.5982502766205435,1.0,1.0947656535505312,31.689761613332056,28.946616575480046,1.2291284273622356,-0.1112956350452195,-0.10010592364341107,14.0,14.0,14.0,14.0,246.0,378.0,0.0,2881.0,30.28284633411301,150,4.5831437382556475,Infinity,0.9728178288029725,0.0,40334.0,1,ID95742,95670,376,31.6185
95782,380,197,73.38257357184074,22.559723023658396,1732.9999999999984,0.5337104272788067,0.7859841978701477,1.724066665277341,30.901229887165716,17.92345418510531,-0.49962325371962024,0.35008894488152187,-0.028089340116317148,1.0,1.0,1.0,1.0,202.0,380.0,0.0,1733.0,23.486826791980835,126,4.852349654809843,Infinity,0.9609093429442742,0.0,1733.0,1,ID95782,95720,378,5.3728
95783,380,312,10.267123287671232,64.16438356164383,730.0,0.5966083863476974,0.6957026713124274,1.1718352851302312,19.083620678435263,16.285241552795892,-0.8046185194415941,-4.021841002645042,0.5899552481852662,2.0,2.0,2.0,2.0,124.0,380.0,0.0,730.0,15.243563130520608,60,4.589445903225153,Infinity,0.9681697612732095,0.0,1460.0,1,ID95783,95721,378,5.518
95784,380,200,67.84615384615384,89.19811320754717,1378.0000000000005,0.5991854223732508,1.0,1.1785977915964787,22.716429497425057,19.274115104741835,0.857637985865253,0.07189188833271244,-0.2253618200593227,3.0,3.0,3.0,3.0,170.0,380.0,0.0,1378.0,20.943519836963024,104,4.579565896743104,Infinity,0.9673569673569676,0.0,4134.0,1,ID95784,95722,378,5.7453
95785,380,145,206.0189438787592,142.60596732180915,4223.000000000001,0.5818580665808385,1.0,1.1716558764100835,40.2588117147366,34.36061093133278,1.4736385683482056,1.2387436615484257,0.09957342784822326,4.0,4.0,4.0,4.0,302.0,380.0,0.0,4223.0,36.66364206341411,158,4.647253918111052,Infinity,0.9604275642483514,0.0,16892.0,1,ID95785,95723,378,13.0429
95786,380,266,612.5074292122232,263.17970283151107,3567.0000000000027,0.5884300039568788,1.0,1.3942613089557516,39.78620671701616,28.535688727398238,0.2146764823706673,-0.3784673177150846,-0.013372391974679071,5.0,5.0,5.0,5.0,276.0,380.0,0.0,3567.0,33.6958656813797,162,4.621229397445913,Infinity,0.9763240728068981,0.0,17835.0,1,ID95786,95724,378,10.4578
95787,380,219,74.1930501930502,263.02702702702703,1035.9999999999993,0.6107506078286777,0.6493167646928757,1.1184370395982826,19.306752113558186,17.262261021409607,0.14510521330243484,-0.0808257150668966,-0.12268048290697212,6.0,6.0,6.0,6.0,146.0,380.0,0.0,1036.0,18.15954410458608,84,4.535999291808762,Infinity,0.9619312906220976,0.0,6216.0,1,ID95787,95725,378,5.4308
95788,380,174,259.22839818089943,274.2511369378474,1979.0000000000014,0.5975789947572284,1.0,1.6673051251752364,32.85177777534162,19.703518737692864,0.2475600857139577,0.44765781295770685,0.15250858611014703,7.0,7.0,7.0,7.0,204.0,380.0,0.0,1979.0,25.09851120600029,102,4.585717220399378,Infinity,0.9720039292730852,0.0,13853.0,1,ID95788,95726,378,5.0132
95789,380,203,442.3690527218174,458.7441063009001,2333.0000000000005,0.5263814752100682,1.0,1.2658860523454238,30.590341925240594,24.165162313434962,-0.82091292306629,-0.31165453307113594,-0.08476854634324112,8.0,8.0,8.0,8.0,236.0,380.0,0.0,2333.0,27.250999329690348,154,4.886013173550045,Infinity,0.9403466344216046,0.0,18664.0,1,ID95789,95727,378,7.3793
95790,380,202,103.36413043478261,513.6073369565217,1471.9999999999995,0.6109690033140671,1.0,1.2195851934317579,24.002348166882214,19.68074743457868,1.0018357233304376,-0.09337461618828787,-0.077008123885774,9.0,9.0,9.0,9.0,174.0,380.0,0.0,1472.0,21.646065519224038,100,4.5351885057413766,Infinity,0.968102597829661,0.0,13248.0,1,ID95790,95742,378,2.7648
95791,380,293,48.45766590389016,764.4883295194508,2185.0000000000005,0.5571284756183508,1.0,1.5424540337634545,33.000892882091044,21.395057589866532,1.1347178858722964,0.6390870018383797,-0.01543563951153522,10.0,10.0,10.0,10.0,222.0,380.0,0.0,2185.0,26.37246862376715,132,4.7492743032301945,Infinity,0.9646799116997796,0.0,21850.0,1,ID95791,95729,378,6.0584
95792,380,304,852.7657142857142,880.3072527472527,2275.0,0.6127506247356636,0.45003814619165805,1.1717514954267565,31.620322373578748,26.985519111338963,-1.4737369496306367,-0.4578656633065226,4.530820685469423,11.0,11.0,11.0,11.0,216.0,380.0,0.0,2275.0,26.910128038865288,106,4.528590494638687,Infinity,0.9705631399317404,0.0,25025.0,1,ID95792,95731,378,9.7867
95793,380,303,911.7412617220801,882.4202898550725,2346.0000000000005,0.5771929176381593,0.47424830896792497,1.2700781649154298,33.855607609136534,26.65631812620829,0.680776559063496,1.408469265253236,4.907371724704645,12.0,12.0,12.0,12.0,226.0,380.0,0.0,2346.0,27.326818200939037,114,4.665996785436636,Infinity,0.9726368159203985,0.0,28152.0,1,ID95793,95733,378,0.5598
95757,382,197,77.46502732240437,35.29289617486339,1830.000000000001,0.5419091861692266,0.6405199462124608,1.559632569083688,30.04225682016931,19.26239385845839,2.3429851874158323,-0.10576283514885908,-0.1569349253913687,1.0,1.0,1.0,1.0,206.0,382.0,0.0,1830.0,24.135183689301748,136,4.815503196785499,Infinity,0.9672304439746304,0.0,1830.0,1,ID95757,95782,380,13.3716
95758,382,312,23.21857410881801,70.85272045028142,1066.0000000000005,0.6115664296433018,0.8413703757017417,1.1509480354259416,19.78020555085698,17.186010959683983,0.07876203393562631,0.06918229423373086,-0.03764501085021386,2.0,2.0,2.0,2.0,148.0,382.0,0.0,1066.0,18.42059550264109,86,4.532972799554496,Infinity,0.964269561284487,0.0,2132.0,1,ID95758,95783,380,14.5765
95759,382,200,81.45241477272727,94.85369318181819,1408.0000000000027,0.6122300977514792,0.9669383003492433,1.2601508600537172,24.079088184722014,19.108099631575524,1.2324932010539014,0.5548909072994405,-0.16661862932854998,3.0,3.0,3.0,3.0,170.0,382.0,0.0,1408.0,21.17026971360493,94,4.530515222556717,Infinity,0.9690295939435672,0.0,4224.0,1,ID95759,95784,380,14.7349
95760,382,145,197.13652357494723,165.29228243021348,4263.0,0.5873693909150164,1.0,1.333455381376634,42.79287356561862,32.09171762570718,1.3210625466193515,-0.039597319099590716,0.3881805258592033,4.0,4.0,4.0,4.0,302.0,382.0,0.0,4263.0,36.83687072487971,174,4.625399793157343,Infinity,0.9708494648143933,0.0,17052.0,1,ID95760,95785,380,24.3632
95761,382,266,626.505367686527,264.0418679549114,3726.0000000000055,0.5805184599918461,1.0,1.4145891515397013,41.014288878827976,28.9937815755099,0.35789183613026054,-0.38626500450382056,0.21412659144938181,5.0,5.0,5.0,5.0,284.0,382.0,0.0,3726.0,34.43867935796618,166,4.65261283866564,Infinity,0.9747547416612179,0.0,18630.0,1,ID95761,95786,380,14.0245
95762,382,219,84.06734867860187,264.768968456948,1172.999999999999,0.590464377929951,1.0,1.2018189537133959,21.40368661629843,17.809410103048418,0.588285999218337,-0.05108390320133099,0.539648537320601,6.0,6.0,6.0,6.0,158.0,382.0,0.0,1173.0,19.322978458135957,94,4.613261583542894,Infinity,0.9618696186961864,0.0,7038.0,1,ID95762,95787,380,10.0268
95763,382,174,277.48601931875953,284.2694458566345,1967.0000000000011,0.5824783438223327,1.0,1.6556737129788701,32.79428360342259,19.807214033989506,0.27097174076878616,0.671832408322582,-0.015229584758800643,7.0,7.0,7.0,7.0,206.0,382.0,0.0,1967.0,25.0223009757999,106,4.644778844409309,Infinity,0.9703996053280713,0.0,13769.0,1,ID95763,95788,380,20.8256
95764,382,203,444.084345961401,466.19549678341673,2797.9999999999995,0.5716815976030333,1.0,1.4906447528466553,36.695533314191444,24.617222342288258,1.8988381941989003,-0.13198337748447173,-0.6240757581901605,8.0,8.0,8.0,8.0,248.0,382.0,0.0,2798.0,29.843442521636913,146,4.688434205216114,Infinity,0.9722029186935374,0.0,22384.0,1,ID95764,95789,380,7.6463
95765,382,293,54.35252747252747,763.2492307692307,2275.0000000000005,0.55972458978125,1.0,1.5285817746243757,33.3127394319809,21.793233430489494,1.172051062156483,0.4480010822976393,-0.10552097961650836,9.0,9.0,9.0,9.0,226.0,382.0,0.0,2275.0,26.91012803886529,136,4.73824746198307,Infinity,0.9617417036567324,0.0,20475.0,1,ID95765,95791,380,6.0237
95766,382,304,851.431146025878,880.913123844732,2164.0,0.5937991529712912,0.5844387225889904,1.5070278615167532,38.3765252859934,25.46504033931345,1.7677100719276353,-1.3127367345304926,9.92178084038556,10.0,10.0,10.0,10.0,214.0,382.0,0.0,2164.0,26.245429958408437,102,4.600289310198121,Infinity,0.9699686239354548,0.0,21640.0,1,ID95766,95792,380,1.4657
95767,382,303,920.2352700490999,881.6182487725041,2443.9999999999995,0.5805710733741741,0.5806989004958548,1.359440974157221,35.359278756171015,26.010161109121956,0.6645911540305091,1.1524979377457447,4.67797122956187,11.0,11.0,11.0,11.0,230.0,382.0,0.0,2444.0,27.891743614073043,124,4.6524020158607255,Infinity,0.9738991831042036,0.0,26884.0,1,ID95767,95793,380,8.5318
95770,384,197,63.11498257839721,26.098722415795585,1722.000000000002,0.5632884787048762,0.39565041199513706,1.6166106563327842,29.797635444823833,18.432165672109672,2.1909021497878767,-0.19265935074672808,0.010546742818020096,1.0,1.0,1.0,1.0,196.0,384.0,0.0,1722.0,23.412168289342365,116,4.72323438857642,Infinity,0.9682316558897961,0.0,1722.0,1,ID95770,95757,382,17.0428
95771,384,312,19.190751445086704,69.34104046242774,1038.0000000000005,0.5955027710785622,0.7403940198407154,1.1349163522120211,19.238009808107357,16.95103764309264,0.5532924178969544,-0.06651786938588387,-0.059353340104723006,2.0,2.0,2.0,2.0,148.0,384.0,0.0,1038.0,18.177064170508253,94,4.593704328807085,Infinity,0.9642359498374365,0.0,2076.0,1,ID95771,95758,382,4.3022
95773,384,145,205.83852760736195,166.49865030674846,4075.000000000003,0.5541027555132626,1.0,1.4563128292459158,43.67427244205919,29.989622809732364,1.2604499812562389,-0.2548140801826597,0.41292616969835944,4.0,4.0,4.0,4.0,304.0,384.0,0.0,4075.0,36.01545204768292,184,4.762223535926779,Infinity,0.9664413613186299,0.0,16300.0,1,ID95773,95760,382,8.7852
95774,384,266,635.3247172859451,253.86914378029078,3714.0000000000023,0.5626868786377556,1.0,1.4607888604168635,41.62603555848302,28.495586656242878,0.5754677591118379,-0.38892164981306543,0.30971018362039987,5.0,5.0,5.0,5.0,288.0,384.0,0.0,3714.0,34.38317782414242,180,4.725758651303678,Infinity,0.9745473628968779,0.0,18570.0,1,ID95774,95761,382,13.4635
95775,384,219,91.10442144873001,270.54656632173095,1062.9999999999995,0.6266678533995025,1.0,1.2300902323212075,20.64866062600854,16.786297527982203,0.3652183339692763,0.231816757330357,0.33347031315704395,6.0,6.0,6.0,6.0,146.0,384.0,0.0,1063.0,18.394657077895456,76,4.478022006561735,Infinity,0.9676832043695945,0.0,6378.0,1,ID95775,95762,382,9.105
95776,384,174,255.85962732919253,277.6111801242236,2414.999999999998,0.5736821367424835,1.0,1.800591135748144,37.899516409154764,21.048374423662565,0.20324828348879853,0.38099909581823166,-0.6610217096055222,7.0,7.0,7.0,7.0,230.0,384.0,0.0,2415.0,27.72577095652804,112,4.68025233344976,Infinity,0.9720265647011463,0.0,16905.0,1,ID95776,95763,382,22.6282
95777,384,203,442.6370174110522,467.6006813020439,2641.9999999999995,0.5861229991373654,1.0,1.2872943601562545,32.88015094096423,25.542060898156322,2.1864537576220227,-0.43313846381240256,-0.25525730623681864,8.0,8.0,8.0,8.0,238.0,384.0,0.0,2642.0,28.99956412254458,148,4.630315142563728,Infinity,0.9749077490774906,0.0,21136.0,1,ID95777,95764,382,2.0173
95778,384,293,51.910224438902745,762.1325852036575,2405.9999999999973,0.5617324557474014,1.0,1.5125377294748448,34.150921197894576,22.578558228594947,1.2060191969434058,0.2654372357237292,-0.14175025941923622,9.0,9.0,9.0,9.0,232.0,384.0,0.0,2406.0,27.674059806219244,140,4.729771645346515,Infinity,0.9670418006430859,0.0,21654.0,1,ID95778,95765,382,2.6855
95779,384,303,920.4813787638669,878.2056259904913,2523.9999999999986,0.5995750364960782,0.6861326059121527,1.4276565066440867,37.4862176275522,26.257168620811306,1.2001160479626736,1.2663333449464307,6.135196565391523,10.0,10.0,10.0,10.0,230.0,384.0,0.0,2524.0,28.344561254813723,114,4.57807771478369,Infinity,0.9674204676121115,0.0,25240.0,1,ID95779,95767,382,3.4215
95780,384,304,844.7927461139897,879.1860967184801,2316.0000000000023,0.6013164120424767,0.7009135722790346,1.551589029387472,39.01752884338165,25.14681923136875,-1.302705662919653,-1.5139149458107644,8.556585878154662,11.0,11.0,11.0,11.0,220.0,384.0,0.0,2316.0,27.151532118863198,104,4.571443992078603,Infinity,0.9708656466149665,0.0,25476.0,1,ID95780,95766,382,6.8594
107493,384,200,78.02075471698113,78.02075471698113,232.3521955581855,0.9999999999999999,-0.09362672508159897,1.0,8.60000005364418,8.60000005364418,0.0,0.0,0.0,32976.0,23623.56678700361,23424.0,16144.0,54.03539397880077,384.0,0.0,-1.0,8.60000005364418,,3.544907701811032,-1.5483831951419413,1.0,3152.0257553470524,6543728.0,1,ID107493,95759,382,17.1792
